gene_id,T000,T001,T002,T003,T004,T005,T006,T007,T008,T009,T010,T011,T012,T013,T014,T015,T016,T017,T018,T019,T020,T021,T022,T023,T024,T025,T026,T027,T028,T029,T030,T031,T032,T033,T034,T035,T036,T037,T038,T039,N000,N001,N002,N003,N004,N005,N006,N007,N008,N009,N010,N011,N012,N013,N014,N015,N016,N017,N018,N019
ENSG00000000001,10.946696579818017,8.077946947973864,7.297923867604895,6.714870467497116,9.641391980390681,9.619294052013643,7.65789909721932,5.9471980752232,6.488261934177071,8.769985782863216,8.476125895254143,8.990377805884128,6.289419580167654,7.795621561807861,8.297212685161373,7.866000024542994,9.586479787178991,8.716419589003433,8.620951165821143,7.276143967226777,8.412582765692813,8.132729178941446,5.844737633264236,7.972928859721968,7.535100601502414,6.938218510059023,8.47900371895507,9.445906433015935,7.461256340283997,10.052675277169627,5.315172503305462,6.803406798822767,7.555863169212791,9.722945018524513,8.534249198245803,9.938252268775546,7.483502831487922,7.229941584457882,9.525986357053373,7.143121678464043,3.0864705149931173,3.300069178994779,3.620821570997583,5.745741116080646,5.213638604105848,6.035728031101653,4.359121030495198,5.237809536615071,5.938385590951005,4.535980190419642,5.685162856336117,4.007111088400023,4.455419230152392,4.427393159002507,3.2062405316164404,5.730458721178373,4.295896489695914,5.018741178091531,5.721119988358863,5.669796764044916
ENSG00000000002,8.854819011578567,8.729240650845725,6.841566389891269,8.723589801399905,6.457417742281313,4.933145667516363,6.078708826651139,5.847768357985155,8.84308985199851,7.620866703389661,8.226517959777327,10.798539369891806,6.89230367003206,9.190912550479233,6.069235512775085,8.490693078353857,5.957274903782621,6.799368210967556,8.28478746961413,4.77291508538472,8.031161159027851,7.51158377854964,7.844257273281126,6.390908835809567,7.617157256265318,7.772276343026701,8.193343410625653,8.583818836981534,10.04868364065172,7.770275011766218,6.22797484497554,7.644265086481413,8.501260793961649,10.540442962816357,9.758881118060165,8.247885425362751,10.232377873641,6.744412615685896,6.14936788992056,5.753912754493433,4.415285295266348,2.934970778665537,5.952726420221606,4.66666595435184,2.7937905582460134,3.4766313781886877,5.470270771175293,6.257189851841572,7.99509633753768,9.370793699010994,5.621614149913994,3.515692819952204,1.8019305789030362,5.401567193515754,3.780588357034511,4.376964109730472,4.081854801410288,4.788813670375422,6.598970346181465,5.235572851168017
ENSG00000000003,7.514493224386122,5.893462572819216,5.237267622043905,6.45804429610925,8.103342235123094,10.995375882358534,8.77909279799714,9.77515514268524,7.043819392203424,7.092440800010179,7.004988888707423,6.967523394849922,10.60640541532393,7.065869954635852,9.44117485577643,7.012269230744554,9.95960904992797,9.407525687115243,8.663156336229155,8.19922721504804,7.9497305283626005,9.491953100224256,6.322753493519272,6.436826286841143,5.440032458188698,7.849267185500176,9.963637284086829,8.206246699634372,6.843774866821909,7.900332025453127,9.01724452647991,8.63019088348426,8.16218431113506,10.655010384753698,8.540248441256615,9.823916208582293,8.981058849294243,5.3896134875001955,6.896239163243784,10.90606680778328,7.585498581174946,4.730721180076099,4.425219018296018,7.192166438363303,3.339431476934768,3.6579094715662603,5.964990192033566,4.408092315710616,4.992317199919893,4.754835652213231,5.5063618231984,7.111222791970575,5.135877360352619,5.965908189915287,1.9247418484534662,4.926922397104823,3.735154594560693,3.171780409364558,3.6827714496068737,4.498814838948782
ENSG00000000004,9.381723144268847,5.203711998039121,7.082339110311169,7.36281024496351,7.336191373337101,10.189465726680979,9.091784114892763,9.869889854155506,7.220255601327537,6.916930500117958,6.990200332251564,8.697770511853204,8.476318182612086,6.993560627902356,8.034793216926364,7.899639561263415,12.449001774772391,11.197261079842274,7.13355330228047,7.625094100488927,6.556794227018241,6.569506493997842,8.276791556091352,10.401245574661997,6.17229604732195,7.634999325930735,4.484256896853698,7.0070085172433725,5.564677353281113,7.891898296458358,7.2419399239998885,7.434688859400197,4.596131791440009,5.293900983988951,10.619845939429798,6.53497743147335,5.785947801031876,10.18756733601722,11.422137018858322,6.4363694333810235,4.447626564817954,5.512333326410764,7.593046466608389,3.519714382357644,4.632083231086836,6.166006364092616,5.652149111699928,4.435765893154851,4.799265553225938,2.9376562874450274,4.642739384038002,4.600418764986568,5.348254834439384,4.167009171771476,5.707307783817709,6.519073726729743,5.233143991502699,5.527634612598805,5.079733021366801,5.000126589637121
ENSG00000000005,7.295622046197943,8.78172233040613,7.991268414691923,12.071902361077562,10.30550937806704,9.29904284507722,7.147434006212526,5.499706673400545,10.406891351585475,8.562900921100344,9.027266423738286,4.743575890786415,9.266137910621985,9.442795456070112,5.765216359550914,6.292962601899464,7.910593230769729,8.05378509588719,8.204299307898511,8.13134939904776,8.460160870604025,8.13997263140949,9.98886840540381,3.6128487717944804,7.0808495723136815,8.736988426074792,7.604709230621268,6.927555297684082,6.136707845362386,8.64583486177047,9.684200539382942,6.107717989285364,9.309106756053517,8.21625562031169,8.272881226339255,5.429545409899654,6.909793915816026,9.465994293178326,9.278447441304861,10.617095763455104,6.766117833466541,5.658630018394364,7.615901789251688,5.658489738107448,6.241982265195588,4.555143569697938,5.0998187237888075,3.9538642650495848,6.48437590189228,3.232544565327702,6.173525513626492,4.714023413742261,6.7568706402009795,6.12630348309689,7.7309692364702025,6.096162036707967,2.6419396165201388,4.899570240652698,3.241989211107776,4.222580236450588
ENSG00000000006,10.761737644097408,8.982035113913469,6.606373578525083,5.68674524375678,7.454417336651863,5.976719936619672,7.096198200268686,9.345289013708111,9.212408408293047,9.245312087230026,3.868157560089453,8.884056337390058,7.1307321141368245,8.932675327918272,9.75074983590586,4.265791477554533,7.231160128842496,8.637182576007456,5.570218701920759,9.83170133719278,9.459469018107638,8.851188178928883,7.227679357188308,9.929356646031007,9.9310689585052,7.994870924169194,8.456474705781682,7.5714971113880445,6.796354908306312,7.641485156346555,8.287083615468351,9.270896482798477,8.89896941366032,5.575267687953912,7.593600417010305,10.290484137889553,6.638221553411199,7.02374731606068,8.31476184718494,10.13982985505816,5.017139083340989,6.993440885655484,6.28519097384979,6.262730100335093,5.83117475198614,8.491479650519128,4.692257466700934,1.9947165619002292,7.406381542275711,4.3134508535647615,5.16182066651455,6.964326027290791,2.5966106884116122,3.1225291788407907,2.5980830943217192,3.8087955649618643,5.659454909025491,5.786281764219156,5.414411268992831,2.8808511741614504
ENSG00000000007,4.35362709169022,7.246518723982739,6.89620599182545,8.900866382301405,8.564980636546078,7.74533905169929,8.819344596108483,8.836100620990713,9.675363526990122,6.643743373390736,7.121558958773796,8.136438049319642,8.93447209908538,8.389438069909493,8.709487400634153,7.95980851775066,8.65126288229751,9.502401717763878,4.509166393258473,6.270111698554419,5.580474575966001,4.3442755591051565,7.9412525025080445,8.681332876781315,7.51054419338276,7.616419214311178,8.990914642437167,10.198498046573206,8.39832451421622,10.303298581587786,7.7967579834571055,5.8631390093888465,7.048927195999282,5.787734537340404,7.209102435319158,7.743554092472266,9.947894784269877,11.147120504139158,5.6584832945563335,8.853684049439275,3.4391840912636984,5.712045632694803,4.8033700239684105,2.2536412612287045,6.3924454873527266,4.0924989307869035,4.199149642439668,3.395371383065465,4.018575084968667,5.641835661042376,4.716133488595392,5.492993003423722,5.542882780893265,6.98099248329225,4.4858207737034315,2.784713274731402,6.600833624857975,4.502767741854118,6.6718886668660655,5.575065669773705
ENSG00000000008,8.297866763605235,9.436924579414931,10.771223165433941,11.412034778202901,7.889399373262437,8.715942247715187,10.438346578820692,7.5699604822881295,7.813780593702402,7.369398923310973,8.980721218765927,7.011966562960695,6.425863333746456,4.518125964844133,7.019965452808115,7.6795387865587195,6.9511252403400565,10.158835481635554,10.064437258878161,5.873786350936095,9.110220758162733,7.503572725729147,7.5271883678654365,7.829046545965912,9.896447865312808,7.93544649599503,10.151904593431292,6.824514516117071,8.177539747896596,12.775908273811504,8.502262620703267,10.189912930117558,7.684701152105546,8.434637482678042,8.38859302037505,7.413923471532904,7.288197895205226,9.55086555606598,6.601309089778866,8.193029140229427,6.627930506668865,5.549797110855845,4.570626899666462,5.680948368963044,4.536990416680381,6.403320688197724,2.2528908736773143,4.496588947822031,2.0137820073140036,2.7574087546591923,7.045793344720864,6.342777472957529,3.9207796500728143,2.7462448159386543,0.5532067432375232,4.184756738101048,8.630622518371103,5.652326407195471,4.160641570925765,5.697620314250459
ENSG00000000009,5.9916554331672085,6.573061019344518,8.723223252068202,7.922155256345864,9.16567359055243,8.655852160509454,9.035306115031426,6.614996120245906,8.909740931974305,10.274000342683777,7.334594284354014,5.939197436003846,9.653205697853515,7.097584875856218,9.9600060415746,6.603193270408067,10.70415959221053,7.404163510377328,8.717867422218584,9.882497682242903,7.401724277549069,5.9882927795476455,7.787601046908907,9.575052904501357,5.09485196651522,9.86251276940234,6.842390625596254,9.837413325204148,4.811789444820445,6.218688569474134,5.359825648014102,5.896310761782171,8.765606403719454,7.564392301274324,8.40322271185716,7.309206470076185,9.152285009577769,5.769275626451028,9.274207393376344,8.609615315322584,5.577556906484151,5.834800164126895,5.444627001212989,8.052609954096601,4.869358743421235,4.539375172498135,3.869708629463933,3.451605994133245,3.1332923185983867,3.666804030153622,4.893979427521893,5.501442692746572,5.076713087828242,3.8516970838554307,6.350276846029945,6.1091190084514215,4.760527538866975,4.020625783002932,5.822641881244699,5.2819603812291565
ENSG00000000010,5.191372332784003,7.0859039594617235,8.70433883576895,6.11679368678686,8.430393913398259,6.776603717783872,9.636202790577318,8.941813533022605,6.906869227338394,7.783825525580951,4.311684105710659,6.754779648923255,7.152220391335522,5.683486009547398,9.353128256603842,10.598305213820476,6.385418619480513,7.611378013217715,7.935866462317948,10.441657451721968,6.780062358452578,8.75699040845567,11.234904625778036,6.0675000274433,6.158228230399338,7.436714306113273,7.656896541613778,9.614198471857577,8.702604907790628,5.101826294822135,9.430200895560969,6.606097447708303,9.223134758117283,6.748943133576024,6.552739556156558,9.13806244061311,8.606425425805327,8.985128722606042,5.498049613604365,8.111951796042895,3.4485379224884016,5.352914167382395,2.86439834690141,5.669483221314596,3.790101643538941,3.0760480246092174,6.070730204723599,5.362466782515127,4.079034797910654,7.1767682735315965,4.339021367645386,5.048161510956402,5.403370171517901,4.07050109880708,5.706704440099894,4.199821479252913,4.382542516675686,7.043963959705012,3.4391209212313503,1.3808295036057647
ENSG00000000011,9.933198020759887,11.86744549751695,7.858306709673398,4.891246227419074,6.999939320062165,7.160821993426573,6.9053486170134075,5.380216939297694,9.815600337708425,7.979580931660959,5.00816626049234,9.790723267701617,11.406037944357353,8.130085561146242,7.79205906834894,8.656964825449538,8.121639773324254,4.891414646089837,8.967186861407434,7.9755827664079995,11.76025096254845,7.366558529436948,11.39160421095637,6.031766615916998,9.311075132575175,9.244586290930016,6.03799331871955,7.677371482025811,9.980695551312095,8.201961983641127,4.619955096689578,8.675417379795638,6.332606416901424,7.298941819949181,7.5573405368474305,6.264481485192099,4.838101144184661,8.871649215640975,6.512138116997063,5.010072747458832,6.177266054912202,5.408554632911359,3.929187763945274,3.0247546834126378,6.253711844471506,5.524025933840645,8.57390342402611,5.6302828980874065,5.581554711893022,4.749608104837153,6.2251638008011865,5.937627801872231,6.877587512847793,4.2180156220440725,4.346888790584057,4.28134524363203,6.186202581768484,7.247561660445098,4.311739260276049,4.362839408310363
ENSG00000000012,9.066978462875937,7.0989962985028034,9.023637015886141,4.385364719996785,6.570777780215531,7.461061216321942,4.648532692039163,6.410440963230251,7.066155140103817,7.614072770909368,8.925928871259977,6.847387391753003,6.105692779183613,8.12030866341005,8.843443087458493,6.636330117222457,6.173356963735294,9.228650270127918,6.72422122875654,8.909273899025358,7.08405811033552,8.713511022684992,5.4785331175127965,7.920070544973461,8.217996715411289,5.376603689335694,6.125228462185022,9.197014087096655,7.482781972945073,6.66554610208949,7.527525858073393,10.112707393560532,5.13822491578366,6.311489696318765,6.1545899159444755,10.499582319460199,7.720071925869497,9.141815087884375,5.29501714142969,5.707869705110893,5.671720575084065,5.08741149640317,5.8231082282961895,4.718493513607322,5.41721558968194,5.237178627357664,6.1666510836273885,6.210512422916706,2.570192008412345,1.6290971669887166,6.502618096477261,6.781587639892905,3.4690654707299937,2.210246890181557,5.148552231510801,6.3962573395257944,7.696391783651472,5.7744463581521766,4.442424955121457,3.660304067622706
ENSG00000000013,8.280645169171192,8.299825954578374,5.5754547385788245,11.190239060643592,10.951302643318257,10.568854987698636,6.929011992576221,8.488594391387394,8.252928099335815,8.935346694080074,9.305737254092131,9.809667664046493,9.951395756028276,9.852671145372742,8.097092327627546,5.758483121349357,8.451459429985535,6.236919624401857,5.611368716232528,9.936258388310172,10.335110214805235,10.94493833353387,9.074023403200489,9.612786864165539,8.078142833101385,7.688728158519993,5.914660928898902,7.72549345477803,8.3757918944703,6.359863373740961,8.600207573881992,8.623509281069296,10.016460548354406,9.827401885096089,7.286583424291864,8.120610988193246,8.097391710274739,6.794568850980831,5.6898866270084785,7.315654383569682,3.88085261502123,3.1245266916152805,5.766832721821302,5.586896989899852,2.3199387329478833,4.815973043757309,6.493552078849885,6.588835608344481,6.538755264327858,5.05836981035219,3.732432008046273,3.374451758962909,5.516907357125536,5.568920051547744,6.930996667407598,6.649969475513125,4.801657015203242,3.133691181708696,4.521340104483653,5.325846792215787
ENSG00000000014,6.951959791184272,8.001351382296182,7.955965598629081,7.246406716901912,8.050969350263312,8.600464605317647,7.220002679790362,9.2257413953161,7.8548015450114015,5.6498579800400535,7.348867052283449,10.011268885537474,6.8508528855295,3.909038409152938,5.442683918958672,8.465023205660756,8.990209438696983,7.11511011734199,9.313771180811688,4.855634813484078,8.855158502612836,9.418255368176382,5.4630168571739866,8.001171353570495,7.0056111210699,6.789311894121455,8.27033827908801,9.623423764269214,10.076941976875322,7.72370305768394,11.622436516404472,7.583866004812174,10.993125269634326,7.16481008923631,7.540404130727515,9.351231824689727,12.004210508864052,8.325619435577572,7.488984101294373,9.178515902464147,4.457251194373487,4.265374725648186,6.362902039838167,5.0466283816567294,5.417863871767709,5.020977832797938,5.504874689908152,5.637448846154224,2.094549600941877,5.999859002914301,3.5269708702545493,2.836551296660883,4.912383134211976,5.125971504971681,3.959740753141579,6.246547786501962,2.98673725044364,4.389584376841162,4.122688797600499,4.9301190944909905
ENSG00000000015,8.21161353137512,7.087875665381073,8.446295599339038,8.395157435544121,4.789137277707404,4.2706497606981415,8.356513158546209,7.305877292422341,8.578078038198191,8.796097615668476,9.036443283107177,9.066177909643372,5.806507897342975,7.027643895464407,6.265908180921849,8.848854447869092,10.521749470790937,6.908364152376379,3.485645089630099,5.693665832771009,6.930829427332433,6.70380681407433,7.556830501888595,8.638586193428061,7.232402468454584,9.058644853666255,7.435976468697059,7.278267094150275,9.626892183518533,4.991708540945764,9.363065761756392,8.684027397969206,8.182636080984524,10.00852141910465,6.111074734434231,11.105548244025002,7.233391579129283,5.66411737039804,8.959156525877546,5.691569983628266,3.8723662282797497,5.595549950023237,5.833373132975187,4.066748449618613,6.481107717569601,6.736261637031701,7.154452634844937,5.794120110688583,7.045143068128548,2.1788023580389133,4.523140177057306,3.6994921155148606,5.1788387916910885,4.142826171204894,4.750763237075401,7.823262320306074,4.745420305369432,5.620688475785321,4.651596005113647,5.113569931935251
ENSG00000000016,1.1405602614729995,2.6648726789382593,3.0714027511988915,4.903915853521173,2.1965887946942804,2.7711435376065694,0.0,2.5095880326917266,4.001294417840424,2.4010241587186405,3.121485357620365,3.0602260012639357,3.6150218370602225,4.646477771147776,2.239741249632223,1.363716602335331,2.3577094878923504,0.0,2.089609923414365,0.0,0.0,3.0307735667815794,3.0701949212137634,0.0,1.235815934934136,3.702337347755897,1.3821796886171276,5.1487711345584515,1.3390894746256827,2.5839368902134887,4.4749651960545,2.662591507079523,0.4646748653242305,2.3105842766393567,1.259443484278946,0.1751594679744839,2.358036629318857,1.406776803151125,3.3173737008466384,1.219342779618379,4.575806376278645,4.8407271040661355,5.334683027609249,5.92522129953467,3.5004316569959277,3.437618551068092,6.657018823103795,4.381494691692904,2.874736861104689,5.665719064074657,5.69505470904903,2.7039271141149404,5.34422257319541,6.103374638642561,5.561579677559394,5.947972225642093,2.8935963528638764,5.496560232494294,4.54607036079433,4.275814761913033
ENSG00000000017,3.7047104169800305,4.690139357812722,4.878435412280267,3.0367028506745646,1.1449593786320165,3.2297443423901315,2.9227277334758375,1.598038517261124,1.6601255991268413,3.257938714305042,1.4474132596130174,0.7388963742535406,1.9754004355418067,3.8387582853275966,2.2654905766992597,3.386436961407427,3.2150920554615,0.7799798025120661,2.445783948637546,3.500116062507556,1.008709434613794,3.823723011596877,1.2488854944802261,0.21864019976144267,0.0,1.0354399335696733,2.9219614685948785,1.0902099654806268,1.2785000992751825,3.140667470761071,2.124360634221987,1.6513104285840234,3.5463778004597435,2.668843126652687,0.0,1.5050671017205408,0.0,2.274130554527634,2.6123383411685586,2.9629985392945564,6.781451589081681,5.304162572378551,4.24945838390465,5.727741668818607,4.20812354401353,4.997911022834977,6.4792044754411515,4.163342981015864,6.208517958863752,6.016102053038454,3.5678122743037677,6.460841192326101,6.047849518057258,5.152888831058986,3.8565148129585216,3.711190972136645,4.1935061346454665,5.81389169493794,3.566562248897903,5.656268372929805
ENSG00000000018,0.37832553682701064,0.9195046014687671,2.455135085968031,4.988268528230067,0.0,4.436771380015616,1.8166991917849282,2.0434486278171002,2.2121402895333437,2.816249370525776,1.614634402712329,4.01074851517475,1.464334851953542,3.1830261013835965,1.2340064241728497,2.003625544633084,0.18141972300564646,1.7088377766599505,4.646316713361594,2.4200601304456697,2.3508969189181705,0.0,1.757871744834722,0.0,1.222502271624022,1.5579023143570265,4.092173726167323,5.998429668871597,1.8950632158085918,4.9370058015983584,3.2309196372744804,2.038436368203849,2.703118473205405,2.603718426621465,2.4662385766637085,2.374980187712457,0.20065857977893442,0.44621952655518227,3.7230983681740613,2.575937669751423,4.10586665051575,5.01275844008473,6.192398379373441,5.270545914539597,4.015917595038549,6.839439433473425,7.368778254472448,5.74183498298428,6.460495267016135,6.862939995220716,6.69514897460677,5.921148765668935,5.897520570612325,5.779490860019754,3.3539934881794347,6.051084735289379,2.966279043310169,3.808100817312418,6.955347601712131,6.260330244041296
ENSG00000000019,3.83833630239858,0.729920876370294,0.028535616380534368,2.4469401005386664,1.1737480470758532,1.1673127327569879,3.764051646820075,2.2423559256822396,2.0865730884099776,0.0,2.1180767087883345,1.756257116136493,0.6536161878310698,0.6904197283264635,2.5774977065876286,2.295655266813104,3.9953889739221626,2.562104835898662,1.8675628608759345,0.0,1.1717995391499976,2.5539459610986173,0.8387184586654133,4.270082348399773,1.64941291163165,4.323649960982371,1.2096352409670263,1.8731473701493098,0.944391235366715,2.3056824689148714,5.573613429882144,0.0,0.0,2.067836959015157,1.7710533659817154,2.7131209030657777,3.418163062946082,1.3185820249739821,4.0421677785027565,4.512389698320064,5.276086746907349,6.443986358730262,5.408967895148193,4.157775459825674,6.046725258500007,5.165919683868016,5.00200977013173,7.2094303582843615,1.3236918071898702,2.8734737447606453,3.2193943604384447,4.455109028646792,4.618087745350955,2.739011528340429,3.5222629515337607,3.708737482214645,8.686136138113838,7.7026129216207195,4.382375873473026,4.454625064539802
ENSG00000000020,0.0,0.0,1.2612815185657915,0.05743596067574419,0.8853136804779274,0.0,1.0019370990202585,2.659429508851906,2.2990199698694767,2.6539829370024535,0.0,3.5690051983204887,1.5379929718785728,2.224415967672051,1.327948101143341,0.23341837715158986,1.145000008104219,2.5632398005444283,2.397503876449698,2.008253416504347,4.2263898651191205,4.395633948350343,2.2651988622242074,2.5616515026552107,5.1375592634365255,5.87051605271536,0.8227276073423604,0.7870042690930448,3.791551966067233,0.6856083401290824,0.0,0.5545876293612633,2.9480668358004536,1.245653798374505,1.7703932375312323,1.1581142572699172,1.7363696108177518,1.5756795794220344,6.2933945609432,3.236762552615059,6.330138581607108,4.266383797821614,4.721064984220927,3.9296690279444677,1.0224374976211972,2.9329860847282005,2.284071980029408,1.6253243330725888,3.2069615385528456,6.987433519072447,4.933345748443468,6.935845643481761,5.616473865351313,6.173838238572738,3.6486545070431373,5.785926431289006,6.093071351111519,4.135029061649461,5.83931055592425,5.84928163786225
ENSG00000000021,0.5042192214720784,0.22849310432612713,0.0,2.053757710257166,2.2330921385631983,1.4422433320321422,1.9587159707217312,3.0852004566010742,2.0644153877172107,3.459977748620149,4.518474023292583,0.25780112298845204,4.249027708365078,1.078465084250392,4.318649802691343,1.7939493013949095,0.7836053624661483,0.0,1.7135498307871635,0.42826925434303087,2.589571430790103,5.056113279364232,1.3878793027184702,2.8559991621788368,0.26033223862399346,0.6559610637901052,4.147713179791852,2.5750695129160603,4.1091697045127145,1.4689822999439937,4.446577433777214,1.2182863627966234,3.8912011887352254,1.3083302339114242,2.429029548382939,1.351813040600879,0.19246212963674303,3.198681494822843,2.658474265449483,2.0721848732653787,7.305448480876467,7.174017201854455,4.437582965226297,5.559578477651267,4.064598966112681,5.035032974171833,4.100375826321703,7.430105463704077,5.5455472255144445,4.672956307843367,6.790427857784565,1.7440768853068827,1.9788461077020654,6.193757982829661,5.090702672176052,5.375669450391141,3.010405845022177,4.96514943372445,8.005264115602014,6.236299429693794
ENSG00000000022,1.624941580729006,1.5116236995527639,1.5251886144026336,0.0,3.3177150305290555,4.222601518095128,0.22498032611403307,0.352631372169089,0.957376676415465,0.9814146378901496,1.8220850599524985,0.0,3.3151729750484487,3.196957150654139,2.1671275504087553,0.0,1.1784800263538795,3.149478691313539,0.0,2.2204675222693444,0.9930265179739504,3.206263340275544,1.2802887288463873,3.1367264328774302,1.930312354422142,4.827579278328648,0.8379651217422888,3.236067102304279,0.40548464684882113,3.593564963055713,1.3194854426593077,1.7889930426458611,2.777257536899562,0.503132141375898,1.8368182725665547,3.886873116647883,1.4825624286306676,0.2504113987736627,2.105392758457815,3.3632261155045686,2.1830168510511383,3.387850979273429,6.31481540612228,5.405143151295929,5.617957373190131,7.789242211434967,5.702829167759304,5.986832015649769,9.06611829082749,4.679293162864264,3.8031758545722574,5.641694597370699,5.658486544083343,4.209926912080688,3.451404470667729,8.464766633135117,5.490265205582034,3.9015719278968866,6.373895453419398,4.836282272657998
ENSG00000000023,1.6203722450495937,2.1021375699128333,0.0,3.509028144148168,5.050922077681102,2.0433930312148023,2.4352862286713832,1.1720629349211489,1.8655387973159323,1.7935188844441274,1.5926808011049758,3.5909582801768214,0.0,3.2200728576791313,0.6229767646301889,2.1119368639003566,0.607277992750693,4.005819237176244,4.088735363847226,2.7822372322244675,0.3526722123677639,2.370857042075976,2.4464336429497306,0.0,1.9299511238398344,2.4378087794600587,2.498762077889072,1.9558215402215637,3.0085529475311406,4.045536766633496,4.129797983489135,0.0,1.4281730072076395,2.3936635912590876,0.0,2.227247692389488,3.770253554043486,0.024862480764488826,2.1988578602005346,0.1284071438752541,3.992131964480485,7.216090451255052,4.186163269832263,5.693318733515937,2.1931728259085195,7.79347634209232,5.9039786694597485,4.726250236024607,5.863319764999842,2.8852708565782845,6.773796112628986,4.5140228367553545,4.693895727427348,4.262516577551773,4.129022895881623,6.042005917442613,5.3838602751563345,5.97762221210456,4.986807965771643,5.769799716615772
ENSG00000000024,1.9582234268262075,6.123815294639608,0.0,4.419436092013113,4.8226514389818025,1.4592868054327934,5.718310168034932,2.5096613283194875,4.142187856860198,2.44496015594188,0.8326924589077,0.7592706331589825,3.1281091721762397,3.3408740184495285,2.9941354377461016,0.10976174269303307,4.210624272282726,3.568486861110268,3.487318879236903,2.7102323314692285,2.561495542052918,0.6767128372010647,0.3042518045489597,0.45339538081284747,1.5606225530589803,2.152432010367212,2.0094867787209516,0.0,0.4512119378978201,4.284510773460166,0.9819034920748972,2.2750240434865505,0.047111637270466744,4.303993923748602,1.2205594711805805,2.8330271688095325,5.243132020008043,3.4888169807971607,2.0971228378773894,0.8703682626455471,4.511682482720702,5.7648473727148035,4.842163798623694,4.4071337824947925,7.2007718760635635,4.828685162333245,8.449383639555979,5.13611384562826,7.677977591337092,5.53597913406594,6.444440859874172,3.9130834227234135,3.7193611661188823,5.689558932522481,6.482829863697972,5.060384753000695,3.0704099973744543,2.9596124505660093,2.859295396720638,2.3485668305909284
ENSG00000000025,1.2682844790610632,3.627975372651129,1.0260808722185262,0.0,1.5852715241657807,2.133730002649183,6.136559275203358,0.0,1.9338634600266538,3.6125750503433833,2.3689018587255677,2.0371023923774914,1.2374711614285507,2.359256895301931,2.1670316068152875,0.25111070311011074,3.2694587561751534,0.0,3.1040092445941085,3.246046202048791,1.561981672497554,2.0960303635717166,1.610084597278162,0.3643762137349871,1.1536896031302009,0.03242934874243231,1.6966673350736152,0.0,2.2865755077668,0.0,1.7390293174462323,0.17619256933737804,4.6379993037776455,3.1925801534039575,2.0472606403725386,2.600868038928008,0.0,2.9087142608473675,4.440226723267643,2.848480661429525,5.101869753754003,5.822192569463294,6.343407864971518,2.0037999606652104,2.4765102773134595,5.31543693662922,3.9276851571537357,6.968037893329871,4.527238415172164,2.098203896430323,3.0979791247340045,0.8754859705541369,4.648811694075631,4.717423809103425,4.363305935327153,6.618318558544608,6.79777975477504,4.744417364965833,1.797959498784716,5.9259223707383875
ENSG00000000026,3.2400706397368206,2.819913903644114,3.8073276261646884,0.0,5.931244354873349,1.1678227335025588,4.079195928496385,0.0,0.0,3.955458651554876,1.4283719036611027,2.4437514809221916,2.845525110351903,2.709638155723731,4.025835677454603,2.124314356674492,0.0,0.8825401609088237,3.189123944916403,2.620614496377655,0.0,1.687367547323945,0.3939665613850707,1.0492481799682105,0.8535118870979916,1.8258704872781695,1.7140553306866608,4.033812795625224,4.09556841480427,2.4670596469943757,0.7162014891340465,1.5534198756623185,0.2088443882598674,0.050338863671692824,0.14268108018415582,0.5708178323622022,0.0,1.7784032793227809,2.6216548946336315,0.0,5.03769306682405,4.670096307100497,5.512263028305204,4.980591847844618,2.8196010801025535,3.106416051714252,5.0441353633774595,6.543171379618264,1.6787189434354957,5.51858986970237,6.784433007931465,4.770461185690681,5.825303744039661,3.945396378653297,4.820950701084684,2.5686297225377728,1.4834850373716892,6.414148701837913,3.522507608413337,4.316708232494854
ENSG00000000027,0.0,0.45898786528896807,2.5701584947199585,1.0675470880327325,3.3835851536199226,3.3401995653607255,3.433594445962041,2.7574886043196463,3.4266566625937926,0.6407468011038495,2.4358124885934602,3.89213577650292,4.294132673593699,0.0,1.2625333151980338,4.982495828259898,2.7394723461850274,3.220495171868785,1.318746427019465,0.5526819501838651,1.6173528371806487,2.210014588341422,1.4508417729905467,1.5317661170914256,0.2541576410409827,3.278996719221116,6.469697280678808,0.0,3.4373998718625876,0.5416896113417273,3.003176630492584,2.5736024488646567,2.4485742664644716,3.7718985848047635,1.2993163222270905,3.1113627787433336,0.0,3.8390139492786917,3.350743429937267,4.486707032310431,3.1701863827377177,3.7538451775919963,5.218907441217161,4.974443165993805,5.424602882014985,6.626772741394949,2.352169527045726,6.460728607575963,5.012422864936891,4.694327208313179,2.7933271484226645,5.754573002565298,1.3788382234534442,5.972591016858069,2.761841246790512,5.080186868926211,4.8212467440081195,6.7543072209408255,4.732017246479165,3.9587921582815015
ENSG00000000028,0.4099384108142692,4.632929777052391,3.0219931524228203,1.2017330046033967,2.221533670249239,0.19866427670627562,2.6502286166945583,0.0,2.7745433647135753,3.042779997695644,5.602910360405245,1.0012768339825069,1.6325568454375547,5.465004967863908,4.391820727378294,0.34790395694352316,2.8656171624841438,1.5288683570349795,2.876808401714854,1.4819243355550933,2.267709830186363,0.0,2.408353859128667,3.1875099503648006,1.5855919336403477,0.0,2.9024027547338678,1.565896320363148,0.8578284681168675,1.675601534437206,0.06292509919947031,0.0,1.2267164284549272,4.486637498548128,0.10231310289943485,2.038556236994424,1.3210755910374772,2.6755493152118985,1.4270318534070263,2.6517366385678955,4.197782992672163,2.6412076249963388,2.9270764529545508,4.202183759085864,3.1264100439829208,5.615318023519327,4.301347752712883,8.561909825039647,2.393428107294302,5.305449768064702,3.3080704647414967,4.2598979894259825,5.212129210010816,1.5119429376885698,5.355239175182041,7.854361193411251,4.319842552447111,5.389711785208264,6.537382539688099,4.7540697499595055
ENSG00000000029,1.1314954526357206,0.0,3.358698057366433,2.1770499309778177,1.2449083426729373,1.632654192706123,1.9145597377524548,1.4107318134590061,2.2395500598813323,0.1842145916304334,3.981449333258733,0.0,1.7528603804010832,4.1147114855309175,4.566878544990025,2.31934716303802,0.32576256575244145,1.4660147716667984,2.0407001299556278,2.648281515335033,1.7256245706273825,2.684633795075247,1.0862447032631763,0.0,1.2613696571210458,4.262602489314107,0.0,1.5885278719686022,1.239034080029405,1.8118449622807233,2.2635199309727314,4.798712334565012,2.28477769663691,0.7378508134821349,3.5157443781753153,0.5363115197981365,0.6768220353114747,3.3677500209138187,2.0092000439003677,3.4470477127979082,3.8382349077299067,4.071580171112955,4.015443659677837,4.151541877467442,6.648787333321719,5.943194440415454,7.564915931018106,8.401466305848881,3.4539244521014902,5.105628690990933,3.2356995250348506,3.8335911083775995,4.054876234616496,3.4142676887925885,3.4221690906523796,4.783573432219618,3.174922372420389,6.263190438706449,3.6233696938737285,9.214353455144588
ENSG00000000030,1.1373334338890149,2.200463994184357,0.0,4.047151824147542,2.7801633261885694,2.7456123798452747,0.6535866398217198,2.7878323080105227,1.0215245408705358,4.40504161126421,2.468657565976628,2.4490387638428914,0.0,0.4796102679655152,2.0477540640795286,4.442963100247214,3.108004813724754,0.0,2.649651773217353,3.2841699473953443,0.0,2.463489353860202,2.5585259973179637,2.3582728494697545,0.0,0.8530667716307985,1.894241987876498,1.6449377444184035,1.6904957977835222,2.0805608697921762,1.6132034462552136,3.3954667144387423,0.9794017173026646,1.842017509946149,1.501504271376366,0.0,2.977867505553718,1.4980098329705935,2.0390087406254,4.039146608571948,2.0707767049276278,2.0392491952115543,5.410705767985279,4.989324717307226,5.255265414787898,4.306809387241332,5.996530511359897,6.39895826448668,5.725973440927291,4.608757312393125,1.8384659185783956,6.153854312055692,6.832592999326389,5.96683761797597,3.68053635894874,6.0106915905016365,6.290794561942168,7.338224371698629,3.6858351136580634,4.660318123183792
ENSG00000000031,6.120908076715183,5.086115107157236,3.324008596923088,5.621924427540055,5.86799245072275,5.131944344496503,5.329377390769916,4.611941147471405,7.217418403574089,3.6489617244309853,4.119018855854332,5.016478270291288,6.318431041551339,2.753940244858195,3.034554875351841,1.9434072383979233,5.049042837879906,3.322541274190184,4.423174834973125,5.992067284837562,4.03768591882573,5.346923034115047,4.550993138372417,6.008171472644655,5.7126921010220135,3.962099455738085,4.747022369899321,6.565615096580742,5.590065305381145,2.9045569133733027,5.983427091757074,3.3730840663456427,7.118769604941509,6.5361482597615375,5.434828213877601,5.2358492651542905,4.68645161595887,6.017785927100042,4.443832745806907,5.353354805959841,6.307901549779177,4.1572901847116155,4.0757108900139585,3.2084517789133113,3.403290880810742,2.2574070328377465,6.094743183523295,7.713371813124156,7.137993415205458,2.5608732670602254,6.0872820073343,7.133159524885334,4.314785028892004,5.152171145975074,1.9881604237929944,5.4001042519649625,3.404660405847924,5.299452526867272,2.6581956167166796,5.814287336716394
ENSG00000000032,6.5367690131400344,3.8252302074272486,3.2946161278843484,1.7659654361750283,4.6003796988872345,4.127609098577592,2.673470881477918,5.679528134468257,4.325044427203026,3.3863960620321514,4.168141391539329,6.606956808394424,5.904405415632834,4.804960907752266,5.928657527697279,3.2586320654198917,5.048555151090546,5.220983495729706,4.29524523725191,5.653187503936127,3.829349818033323,5.764731061664177,5.827788157296938,0.6242601789544007,6.785458555265176,0.4285511519708689,4.075926461665812,6.5380220513866325,4.524069912121339,2.8007210262956868,3.359394407424994,6.54035861948093,2.1177432041770428,6.693486651443026,4.917346851436566,3.21140700433635,4.125327391545963,3.4741634883475383,6.299337801287793,6.098641714644257,2.42125829918593,4.394611822220999,3.7052215064835843,6.940264952689056,2.9748513228103683,7.406343657027521,4.950057890724594,3.2570983904298685,3.9840887239860834,3.7975717388473242,3.0880723969767407,5.142240289595564,3.158126673962235,1.7294506868927169,4.430485293727741,2.2957157053731763,3.8717586978987195,3.6363456670949663,3.6931758919612787,8.001444652385231
ENSG00000000033,5.084617350754356,5.3680565134929985,2.3354025554865583,4.019055299544617,5.322953944912268,3.4632066306304905,6.362094265276978,3.195955121148455,4.570450796202237,4.120922540036662,5.246480989072874,4.0392648922168615,4.593659559393594,4.645804862333022,3.8984183639130485,5.727640802745669,5.3575825622561375,4.867079082120249,4.354312499807063,6.194816045779995,4.646248634278728,4.539954068261094,5.157035044832189,7.544880024456276,2.989465687968194,6.154785339583032,2.1602432581428426,5.325909737342936,7.362624241413096,5.73300278670096,5.255937617809689,4.159325796795387,5.046570800732831,4.621905776894965,3.821035088102967,4.565186576787696,5.297571740939659,3.8491743972040395,3.790577268972974,2.9596348436117386,5.586087539133344,5.817984892950591,5.347490666354776,6.447755739092999,5.131801455621091,5.588016406048635,5.455756138456344,4.8626899708726885,4.203767257805529,8.321228923687867,4.322073530219737,4.001183433319346,5.651014735175161,5.377781622942508,2.8928126785845087,6.684017381845608,4.85870813697375,3.333603357176419,6.783176171530811,5.938513357394231
ENSG00000000034,3.103187012078129,7.665774260386587,5.988196052549289,4.984705826562431,7.385328208432669,5.238946675744461,4.957875387343952,4.009549825967016,5.8727756589606175,5.71490445098597,5.022020209834567,3.8150204691985956,5.19489478124911,4.895301821356793,2.999788521898698,2.7922814730137215,5.847730068214654,1.0971675274224666,5.30811579044189,4.282875413369263,6.9623699103198655,4.259797686269186,5.989226321377844,4.404629238143313,5.170622230229215,6.105254796380077,4.30616642551313,6.494832326747606,3.509453184340275,5.441889263837568,6.383959584181779,5.990056237685502,7.874667315103116,3.8548410240340094,2.9312761229771183,3.508497337257321,5.990663849822655,5.746884401404068,5.153384989471124,3.3155644263393054,6.150300939993591,3.1629428335241894,6.7384243735653495,9.286157634709797,5.549676719857326,5.874662203486615,4.260710346656661,2.2846800183697757,4.095920955454666,3.360657138351876,2.8294931353774766,7.583539912993474,5.409293777038659,5.569531370920975,4.536466452205626,4.740693376334845,6.446826023359,4.951494321957177,5.796040907037099,4.705993553232476
ENSG00000000035,4.486770663901929,2.889628751597207,2.0333764064493076,4.607657148400397,5.084745037989849,3.0708049449368136,4.9482877024480505,5.080628844485753,1.7659879909109313,3.6273130107807483,5.610895840603202,5.580588094093616,3.269487625400359,5.237672075749602,6.533610838040708,6.165609438486348,4.857071319479098,4.2980355300135615,4.055983273498243,5.701729674364485,5.292655959714332,5.944106009153301,5.197810719681728,6.228145925521162,5.1418887994365505,6.17703307419753,6.306234155549959,3.79321005466278,2.287783929693881,7.31523928402183,5.384988096068392,2.4282711567558177,3.9292707541719336,6.1578114385547424,4.58048475330066,4.23190787102131,7.10132279046945,3.4290692804242844,3.802769963367749,5.317079712572402,5.585682398080824,5.744514551511097,6.36685706685342,5.297867931022275,5.734075908407614,4.611186111027375,5.094047454855072,5.161301270080451,5.322647203728554,6.158809711374142,5.832718522917246,5.066325504350274,3.7863110225884404,5.1015068870940645,4.957973322656384,5.289772369719797,8.309787960710603,4.214340832188147,5.633433528688039,6.602693100866447
ENSG00000000036,5.147002871149074,8.506767678758248,4.432941062402785,5.48613383348007,3.801791382660527,4.47271289728506,5.373400865594987,6.269456093461595,5.478642251035361,6.888672274002104,4.857552034110992,4.501747205241492,9.05597766091908,5.591356474163046,3.9207776810321784,3.958604356627897,3.5859801282029893,6.404854033785182,4.453434060660137,5.191043713484729,4.904736988342597,6.097238611911402,3.72988386067397,3.3866415707854767,5.336445960772392,5.9014389270498455,5.498798469646461,3.7858194063540087,6.0162272631370906,3.8842086093565484,4.217692032820425,3.5840697129169965,6.951737522978046,5.950132311541024,5.90749006351831,6.870817131713675,9.218973872358085,2.4361608441347666,3.8924351286843377,4.075737373738214,3.723770566425961,3.383625128594431,4.550520403916952,3.1750944270658925,5.50256355130612,5.077547482142922,5.721542997145483,5.7615926774573785,5.9045102801400144,4.439886594764176,8.1817151039505,5.351646674723146,2.2062728710628075,3.496436381350674,2.3892455164582764,5.026001943726961,4.8172921639199995,4.297361453150813,8.01638916860077,5.823474311115366
ENSG00000000037,6.089147542169502,3.603389768086845,3.5012826630034817,5.055208248645432,5.259510709478339,2.2155326493283143,4.729539465725699,5.021108124310257,4.677276251343306,3.779914381479985,4.19069722711829,4.734711209640806,5.136200035415071,5.907187373825852,6.621284307426307,4.558478414709125,4.315765705826963,5.6564835103014595,5.9162673746162815,4.348699350111672,6.185590215449258,6.469378011733959,6.937529698488009,7.667481360079734,3.7003757920108415,5.020847313998766,5.01691654492799,4.852889647201239,4.026105620584795,2.7716569951533927,5.139019169043506,3.847466510678131,5.1289902211214375,3.80893468745172,3.350512481233488,5.3514475405653466,5.226382290209744,5.868922956981399,8.278795649626439,5.41593429681627,5.727622650596194,3.383658006699012,3.0696388391954383,7.374244170160001,3.6147803301000447,3.434083892797037,4.941351618175171,4.864711379933918,3.6462402403350627,4.54254017193035,6.844063576475157,3.7910095867523035,2.9094912734507425,6.413890431349689,5.738445367907055,4.069222069027008,2.626749475809623,3.883064965342155,4.917943344726093,6.7485081348257285
ENSG00000000038,3.4451270376955145,4.87322017773279,6.012716989842347,1.428098989817119,6.55067925190835,3.226324141690344,5.4979932401854015,5.370024724416116,6.626879587195767,5.8263865713403105,1.4340642624050284,3.822831129266013,5.20730769402992,4.70753017082032,5.716416094635155,6.184049833504558,5.912677604644519,4.678587586168302,2.2304944833192795,4.316778126717774,5.6245522222084325,3.3643291211742836,5.946912095182364,6.3625899459009565,5.190300464443764,0.4043302005314062,3.082867455932295,7.829283737834123,4.180193310457433,2.023785165306506,6.852871082465408,5.020033387315509,6.657410733436588,5.415438012829048,5.687838704318253,5.544513871571775,6.0462324678815005,8.416145672834148,6.456509503938782,2.6294910232316977,5.669992272918355,6.712221152154827,6.804051209804219,4.360092525411351,6.747416667782192,6.391613599326808,8.858776155454596,3.8749973956272328,4.238899135399362,4.540821427310069,4.264666774941837,3.6649688753545955,0.8559867414893854,4.3479507894152984,5.5540370895498565,4.260167231741134,7.903071775293665,5.020063719073794,6.936543582776203,5.392130619094953
ENSG00000000039,6.239610964839887,5.418862330900343,7.053176947855344,5.083909025198601,5.744181062133179,5.5494994004750655,4.567571812809022,5.607473478387015,8.351579369296523,4.594404586856837,5.629197339279872,6.886668426304164,6.71037992141642,5.017574626579048,1.4249169455639574,5.775054227972699,1.670788612065421,7.2049058464118465,5.2542108067898905,6.499511029807984,3.6468332927284233,2.6712387900499186,5.391131576211751,4.949594840065787,4.262688760764251,5.126991921099146,9.15115383804839,6.251788321053587,6.574247908794979,6.265905337330033,7.219193215778289,4.714892490648882,1.9178580384870594,4.717120800490985,6.217603564994753,3.5452994073273896,4.735451074266004,3.9623453854965303,7.2530438777646955,6.124185523109846,5.977310930965938,5.932401969681457,4.944126121171809,5.296334423791255,3.2222231292015238,1.7203370318741487,5.225121695517536,5.485985384408217,6.8138968526380665,7.357003724123551,7.35499772749842,3.502964610059183,4.471602447575346,5.720501443822069,8.797857016613266,7.220148805570874,6.67909574299757,4.418318066676064,3.675200553267313,6.18336182507486
ENSG00000000040,3.34900810364846,4.642345473529546,4.827833076497116,7.389368133684211,4.467954045560484,1.3411255421410768,5.756666971493702,3.9514672203441106,5.06394653665662,4.869942948736814,4.5894440062733475,6.185510872677056,2.700702682470939,4.22447866256846,6.026056869676072,4.0788728369834475,2.5867899360950424,6.002833014885104,6.6846419456623085,4.9325071885354905,2.058731602295701,6.058954620048224,2.510168177870468,5.463198915272248,3.66880426288676,3.260241071349552,4.337134974380465,4.72505366535911,4.0336876244203275,5.883054917322726,4.3308959323117495,6.470286307507733,5.421759748465219,3.953664190105538,3.701090174251571,2.528755551428842,5.4360997668002335,4.468118679122963,1.4417067079047285,4.1964276908458995,3.648448956117572,7.363516388255991,2.4458320821600354,2.8379738003989194,6.66495446465855,7.035144736195945,3.882525591911538,4.051871265786634,5.92435309482997,1.5093503045820347,2.208209473241666,4.578899898723932,7.324835849193689,4.34640486774989,5.151405187602732,6.700683908846018,8.16032709991722,4.134727290277532,4.974744914399861,7.733082832014263
ENSG00000000041,2.7167010872128574,6.541371605830733,3.4725267014581127,5.153708550654735,4.636071428899589,3.5629825989481563,3.5253471085125874,5.414621546380632,6.493308992244023,4.805395695217245,5.105169738099825,5.856761099436571,3.5425718404805604,6.109538762619384,6.22901464558962,8.905439448125614,4.435843714160627,4.312877297497809,6.153448807360618,6.228656253368207,4.197369269934932,4.395255984604927,5.8116962573270605,3.758623638898008,4.384199017977478,5.134389151052652,6.493908027233387,4.093102075730688,2.2364233069539923,2.1251037987226837,3.1108803999408,3.030248422700094,4.768083862070137,3.2166797696035925,3.945867560268194,3.8388711725269253,4.33923820872801,6.983756497284683,5.992921384145775,5.024194122914006,4.3084605791287425,4.350151015065468,5.491619704927924,5.876253610028435,3.6385737408490995,5.0547211334213475,1.9525706470054596,5.317570676255896,6.143223862938029,4.579897059678687,7.724790494210158,3.6781423288459245,5.326160622954892,4.946262880001067,4.849553498834887,4.828516747992879,5.160657545014208,6.27193811519555,7.066604354412116,4.996624633243764
ENSG00000000042,6.22297410825745,3.9473495805998264,6.148933179089349,3.8570127142595148,6.635989904132198,8.31596131608986,4.816874168042912,1.711184763788887,4.177890600132765,6.847812701433955,5.829615180537868,5.373370398012544,6.513002533932259,5.726680158872633,6.826587781176705,6.3791355149704785,7.282550679105438,5.538194125859381,6.357889102240932,4.539309390371322,4.097808782661491,7.56015146062846,5.324307014484032,6.207320848793568,5.1856100216170855,4.120226523620054,5.016474338873602,7.153991026651571,5.832860111419136,2.4327902604043112,4.677133315135768,7.673440689057068,4.679304707225066,2.2992819623987293,7.839573328133815,6.023588764719189,4.894980711780799,4.442873395876897,6.623527894687603,4.187024899660711,6.722384636773983,5.813292928586384,5.367022888231025,5.218272208003393,4.737547944928733,6.568460180313899,3.701985751847249,2.567112309754686,5.9216601843387116,5.946857492100722,5.72036172876765,5.611592554427058,4.519189432493678,6.181224056578288,4.931662809868189,4.269329658777233,4.5321630316169,8.030959548163748,2.397535876931851,5.749682156443698
ENSG00000000043,2.4813343585644243,4.83764999251554,4.349558772268718,1.8724575549801832,5.5835563856506445,4.429942906711706,1.851190486158134,6.259352136161378,7.152509266983403,7.235186513444858,5.538434660977207,5.069087207865673,6.992234931343695,7.523575378010148,6.700353054313437,3.5876935966552983,5.302017279822383,5.659274216437143,2.285574546624156,5.704040989431161,8.409487738969084,5.9599042487011875,7.210119622162635,5.2743720951930575,4.890172514024267,5.571907085121463,3.776260028023351,3.554337219148417,6.899456835754048,7.0585135142997775,3.5133405266189746,6.451998206830797,4.869560036590968,5.509712861735646,5.6903279591525955,6.491525702186477,5.124077302794784,7.115242992952904,5.464119259639887,5.936276408704299,3.75010611269413,8.237988516057252,5.70473738480745,6.069496138017649,2.5877212831826877,3.7659469653813487,6.856825531878096,5.430336677438907,2.129330397756611,6.557434893475729,4.184325793470915,7.116975478815068,4.868246482094451,5.3070600290307945,6.768431867887473,3.6537605437180067,3.5107297882490904,4.705252369402839,6.240759199431833,3.003684121079764
ENSG00000000044,2.4979481001663553,6.235581390565688,4.095532531149495,4.411660980619575,2.214784397089751,3.981531028472027,4.988649055053274,6.395566786434339,3.8431547506480417,7.486064180348745,3.973165963730299,3.975362297622238,7.306036327846703,5.317190228545876,4.171962906482635,4.76730030322911,7.029610366313089,7.199304229438523,3.774810231094616,4.936349284881338,5.13523524150136,3.5206398342251037,4.916472421025008,5.007984290677551,6.710314218405103,6.811137542466802,4.506185902461488,4.679070284208782,5.996438453083454,4.122217326609483,5.882960227606104,4.868140268946178,3.545902133392069,3.56474493068053,7.170588044046653,4.765367781285052,7.460531140847467,4.229545608927635,5.43680780169724,8.589015084527363,3.4139198830050814,2.1532782501503354,6.92988519693085,3.7597863419103894,4.968940453840649,4.121122684322622,5.402244171432974,3.5741956892213866,4.730089868175041,5.674722989834802,3.4875366705886073,3.949873955531167,4.478925749602202,2.8567768486605827,4.366158525801881,5.178194809854353,4.400676587617357,4.592935260602413,4.9701474936401215,4.016384806351529
ENSG00000000045,6.036593848800316,7.153967187202664,4.303429411706827,5.72779734721656,4.64057426684803,5.548231017557757,7.348669296804881,5.7629893145271485,2.3398781917854787,5.680993447170438,6.849295614963514,4.667605745002846,6.493452209176748,3.964826688272081,2.7716912607165893,5.21175352824896,2.365284918880529,4.640343480659612,6.9302633939682545,2.1353556413805785,3.0807548061291534,3.4519516322576336,4.90502021043356,4.451424821530686,7.098704572544131,6.431522493637546,5.742909419102897,5.218445471515827,5.589844665477241,3.7070264670299373,6.285815530334919,3.3319336184611985,6.253065490853347,6.779213753178246,5.316296903132131,4.735680411557036,5.60046486246451,0.7077224448489905,5.4533873277281915,4.829969003240289,4.9240578304145135,6.059798769346742,4.887846617652908,3.289689715023263,4.787895993761933,5.101333226121237,5.172400867371519,5.242879050927602,6.55905356737783,3.370948170448779,5.263550684247275,6.934894547927361,2.398082754594207,5.26947002117008,4.1219322470404345,4.443934423290343,3.642788745178367,4.745673926449334,7.7618834216403565,3.1033544582341794
ENSG00000000046,3.245584996281759,3.0470981447547434,7.591127429942151,4.306490441718069,4.961541409478489,4.3958255883406405,3.583365682395363,4.647274030078347,8.68736540860484,7.088106381461382,3.7205932733115916,5.971361154592529,3.7527158410004353,2.3354485417306687,6.5292663764969445,6.740139269965326,6.569078376571849,4.295202126170641,4.7498363989970205,6.124648330487185,5.58724405602216,4.409543793054434,2.571392269822753,5.170812791213018,6.61851445885417,3.2036175664487643,5.958139072513966,5.497312542700539,6.1252223948485005,6.307963249578511,3.9583021371119704,2.574560899752581,4.199720711475681,6.333690976290511,4.1869941447110435,3.9589350142135373,2.2679744871130425,7.628971331826408,6.2385704621379645,6.154843971912147,6.451588080169211,5.865062542315102,4.6335067172307065,4.7543538438166975,4.358653453111812,8.9521111316225,5.8338680469491635,4.304299337972848,5.69824516124942,3.4836966232155238,7.256760077883841,4.00839635628929,5.7516281489336984,6.598966444614701,5.577152816307489,5.141704987729457,5.016203127284022,4.915338354669339,4.134952266608747,4.325774855345443
ENSG00000000047,7.219385560476402,4.837195050972265,3.8213055959258404,4.225553604707737,6.650556021045834,6.013409949746718,5.840493767348385,4.613718201635312,5.860043705259417,4.034658312574028,4.610578952981339,6.454706731087618,6.311416518378596,3.527135231073795,3.7167103206371364,5.163053229220115,7.589198562004265,2.1266522532965086,5.417499409355757,2.935935002640278,4.048503509711682,4.453357372903638,4.369237484844664,4.199306090511187,5.010810590564555,4.197116650054133,2.806313922718771,6.169804418784165,6.129308250723321,6.264761465034003,2.688898255603877,5.448377228876226,6.013968283710385,3.4531968973406224,5.0137598722731935,4.825600032034451,7.763225987852396,7.886744055518859,2.503465410004699,8.740890508591985,3.6271614182700143,6.471009941491139,6.455746971295596,3.50646465973729,5.739901690758648,4.838699383600904,5.831495006948586,5.3460084535709385,6.794509228055371,5.1130993147190935,4.748188895860533,6.64409634958577,5.870593947287905,6.097720091481332,4.003119991612105,3.432105827902289,4.148416785120948,4.068767921479117,6.1792989029793715,6.463976075441078
ENSG00000000048,4.7673045657014,7.146378528236529,7.052704090647695,5.365098374600809,3.76716234268544,7.3630649741533105,4.9084739734573875,5.1892477946464615,4.490592461590147,3.6653145105542038,2.7970408545270624,5.949302485335932,3.8248984191550695,9.589296843495235,3.3708896260812815,3.1139262875279448,5.765208073420162,7.2939702184509425,5.096884485414832,5.858363630280912,2.2346788738119354,3.98373268146235,3.3895764062936493,2.157431225078178,5.17547035103583,1.6357585675843498,3.016706050868827,4.194209308979873,3.7530712460733855,5.594612753310601,5.45837028785372,6.340698118903186,6.128575599069017,6.711219184042071,4.997122399986419,5.455200351225004,5.767270552878787,5.212485046086538,4.404208535124389,4.501336198490344,3.773662402505052,5.632425244864744,4.858977238872266,4.005239374044852,4.006632771013111,3.184401908325817,6.468262011855799,5.117926504297682,3.705799970640095,6.212821624403027,4.159326785308441,2.890249059481651,6.5318334338287,4.19435451565083,4.3866513646868155,5.061770030523766,6.7138838341851725,5.030055936299467,3.2013243107821547,5.815815506168271
ENSG00000000049,4.2725154136074135,7.831885957294199,4.998320417003165,1.6474467531520007,5.536047458233511,7.916896688390342,7.3638804328180845,7.746431433134848,3.470359721927805,6.368228593965168,3.9170081903949323,5.336434099125387,3.0905713568904014,4.033316352675926,3.985629953954577,6.347832920213924,6.201078682504483,5.415229593996231,2.974367872916922,4.53254084907542,3.880825275585911,6.304513635041737,6.767277279225777,6.584578379046325,3.867170870874469,0.8907003165657812,2.3495571528049184,7.132440467123312,4.398117591020264,3.873913072602331,7.463990440154351,6.8977399182324906,5.03667308287968,4.559895363404039,4.801848180780312,5.340744197581199,7.400070921979412,5.63370113635584,6.089043549558712,6.753905163605257,3.2454859984633715,6.132292838711065,4.558146868007583,1.225857206340851,1.807745687021282,3.4728235827219716,5.796834842888872,5.170699348010444,5.276550060763496,7.926415224030038,3.0963655777102814,4.958849968724414,5.456653284220724,3.895590325192497,5.0424901176244115,2.6000759988734825,7.114859325912541,3.977578171204349,8.047100247167755,4.951288514123817
ENSG00000000050,6.542080348098775,4.920045696513268,4.953884251609205,4.123956000166988,5.1786858940494165,5.476998041621071,3.82361223662723,4.812433376210174,4.08485170091433,8.449496104422257,4.8654038451325725,7.317848227544839,4.706566503788467,5.388931462302362,3.017953892532096,4.329391112198203,5.31580200618387,7.3790057464398,5.332974166514407,7.075580541789499,5.9610936653043805,7.441102009197029,4.911436674042417,8.585334065977706,4.271905695628815,3.8503072487034964,3.1849207254664487,8.496537007337105,6.2291713589268465,4.498818899929537,6.873534045310242,6.031538277676673,7.949191207063386,2.678250750890133,4.601959837528618,4.306217924085762,2.0394759853870976,6.590490807169541,4.594405166294963,6.109446807479843,8.539657901494417,4.470134462258588,4.368270526014268,5.177996254585994,6.480871029475114,4.149930462034775,4.053557604301804,6.585783905362049,5.567958985757054,1.932907605492769,3.1619123007963377,7.251853795740815,5.602892424618219,3.8567061034441266,4.744385514147527,5.019855009202505,6.103600040420246,2.9626049077118157,3.738576291994313,5.409433632295083
ENSG00000000051,4.8502481292568245,5.857788773955065,3.155738903960603,5.535693014406982,6.637375429066208,5.7302278207239254,5.208667609642387,4.856174596151043,3.7477232708427475,4.892002111340317,6.889558779320609,4.821457240099813,3.665294015977385,4.2616293668519205,5.3012754459138955,4.439729004228729,5.7279549245947114,5.784265641123546,6.333474770606973,7.135339208397549,6.493788086558541,3.59864140377806,3.6446983301355917,4.886342785310263,4.323236964140878,3.2925099095585857,4.337462308740508,4.288230599571442,3.9922283903581914,4.526315770767492,6.767676275477497,5.298857061873859,8.707713614083204,5.255762279029474,4.564901339094122,5.006199323982299,5.38473796766531,5.6528809357565954,8.115066988788536,3.732019302533647,6.288569087266604,5.3116258964211855,2.6433533861440734,6.156048173142145,6.9014353412058576,3.7142353943338553,4.986599198162044,2.4119686069884447,3.1117903104734954,6.572044366425879,4.300375240988848,3.3367955375929412,5.344190546687645,4.216381352853465,4.293767513336696,6.108989038512355,3.2573999615984803,3.6419521809772517,5.231119988223303,6.454114686122308
ENSG00000000052,6.857240452234775,4.002407419457565,6.406065450379472,3.8237865597943865,7.7393140203602,3.299343461870407,6.992718216187597,4.015270839771914,8.019869682191901,5.8869810932787265,3.475975205887667,4.21664228068624,6.171771807835612,6.578966626423342,4.893926612413306,5.0669874214452,6.137529548966098,5.19769764051623,3.0597427109924364,3.780538963039729,5.3526799147274975,6.82322362474654,7.423973636243072,6.169294131157176,5.430936141554546,6.123220828973715,3.9998737246897167,4.7701535596126785,3.763803917990785,3.126886083938433,5.500323517454308,5.2782699598771154,6.0314787267635195,5.819167746338671,5.363966406985793,5.834924998516332,4.935975355658785,5.619337092833601,3.9107833959704608,5.554558888458695,6.0026265279290145,3.995477857891695,5.07774814848927,4.06459623555596,4.210239955225828,3.312605967346768,6.898662387749833,6.598527762080072,5.806150781341006,7.9582939279157205,4.716131455147412,9.547643622665952,4.658705876955169,5.382790027634025,4.403333129089687,5.558488340090458,6.253422391829367,4.8291254104203745,7.665079770676431,5.358723926950191
ENSG00000000053,5.405728079165299,3.6365034582294236,5.627748611825576,4.798959168785951,4.08764040599407,3.835288387777454,9.007645069635029,4.604784124731447,2.8145218688280984,3.9526678104011412,4.92264824078568,5.820000548924727,5.83219478258797,6.0149218276647884,4.032709540044006,5.510660665252318,3.6859108038341324,4.070535525478983,3.623436538249611,3.2174167181025957,6.596314233287013,6.032917551468332,6.464998054967195,5.058969599036445,6.1652115482977194,2.3580658930361826,6.294631277068032,5.265679745007545,5.940664400223748,5.5700349485729195,3.51941726819467,2.75294033691343,3.931918750725555,5.847375921909368,6.035137122763093,2.9480865839272057,3.5283509487976783,3.915146471088741,4.464042409599776,2.956923753721022,2.866922350789801,3.767247055388669,5.129380754337508,3.229108490369764,4.82629473504235,6.587829224212723,3.0473303938797347,4.690331362384191,6.537135100626159,4.372597414454286,4.139495463712372,6.745243721459711,4.5406968815426785,6.656742537808352,5.643448086690798,4.485733020635245,5.719535795896295,5.4806742707690566,6.531324231503711,4.1774816932024725
ENSG00000000054,5.06180910017243,4.907726480593044,6.056222212459677,3.4622312083337365,6.525465572356784,5.699493158255625,3.0246123895505805,6.812394238220751,8.351139621196596,6.502750954324112,7.140477150839704,5.128057072403882,2.507742620392235,2.2338193232487127,5.382623065801638,4.11203178840503,3.628135582508973,4.905879974046987,5.923377931791932,2.820863679856779,4.326683569579423,7.264806024680473,3.387067429667938,6.304641780747435,4.272903857676509,5.818690639774929,6.645991260804301,6.111922650477532,6.363739403320815,3.272609699888066,6.670489560111948,3.72096032804777,5.389312648357308,5.38736928049584,5.7276838383043716,5.505435014090286,3.7342850322129153,2.975198881556426,6.308523019942653,5.278751866278373,6.724065261436727,4.932900598718198,2.8922534589845594,6.4491945215061595,4.44444408550834,5.513005186131532,4.028810857280721,7.466452565350536,3.6851527637252044,4.493855368840738,5.161173054045975,3.3617265093695625,5.495779292881393,7.417865716201235,4.264306758959434,5.592714228547588,0.8758469209421669,4.941606199272739,4.530436571110692,3.772253596384423
ENSG00000000055,6.622175704442798,4.510634477564258,4.7337837693596185,4.434210687816393,2.1247761923523854,3.3020203398845585,6.441640229180324,1.8350740296800423,3.8505269755764417,4.4004199155653545,7.615432800937348,6.152905648244554,4.1642442094203505,6.956770545673327,3.8892262692483204,6.513649705601008,2.9616841311154767,6.609886747683736,4.390799531793522,3.4572436385880954,4.674284580385529,5.4160162695803225,4.257877354211431,5.830930258992986,4.1255091745038985,5.930558590897037,5.6633330930548995,4.908615417938098,4.3379265314510755,5.227311193647899,5.825380614550549,8.092698729097412,6.409130632697272,6.463984924723762,9.632768292290425,5.773937715151766,5.726965266967554,6.056022611482481,3.48655103361762,4.334147545371866,4.240746099961499,5.971420965829343,4.738738156668202,5.207335138211454,6.631181930222697,6.294726108056208,4.757418495438129,3.9950073546826665,6.702912097479783,6.1608367713647985,2.5906147725569264,4.530269091637579,5.248273193025144,6.168244575681547,6.365152242409657,5.42585900176321,5.877871297038284,5.09620520356723,3.9892224677291592,4.608103413438119
ENSG00000000056,5.028486779960162,4.947981124972115,2.1716406433347943,4.403774997605853,5.0843084796337275,4.5779450121414484,4.629764306732621,5.731987056206881,3.381564219427049,2.5579366790731832,4.477745313744988,6.1461716082526845,7.531329559229958,6.17319235864211,2.797604360196729,4.651449140934843,5.384951571622294,5.266386675385388,5.808956829414311,3.624426580308859,5.097414631326114,5.630484244664194,6.238506429955489,3.791422750080812,4.482264699135653,0.9442734798899897,4.067807048633338,4.213377660543435,3.4706232377488355,5.248418225348978,4.9160818519320975,1.611179183633583,5.323261953952635,3.6075138038164587,5.728533438785773,3.077223128407002,5.0450098077964105,4.5752550066702415,5.4546528274254955,5.18704591647702,4.617253737467818,2.695591528933633,2.7841880548084528,4.124169591361672,4.987580174105619,4.087628079201324,5.937817895869198,4.581168621182474,3.5524809128307346,4.582855560518136,5.338789754474829,5.487327078236877,7.817568697989694,3.996635989994871,4.889782007614399,5.6391859202291394,4.964865561198777,4.24907278101702,2.6761142354836345,4.233748161420476
ENSG00000000057,3.3894463809232986,2.4100899783143324,3.80648173749412,3.4293624188503182,5.875679817939422,5.90163775612144,3.644181065628688,4.609657054155318,2.2126360068311968,4.258490074725959,5.598472851053518,6.237406834421154,3.9304293774630295,6.57778229079128,2.7264621177297927,3.1285583012843112,6.064492798456814,7.506681842844871,5.740147982275543,4.939486420198981,1.707224380216687,1.966329415934781,5.1941143053438035,4.462905995643238,3.341247226771823,5.098298871245076,5.172697051261714,6.416623802810409,5.204903424519051,6.842591552501577,5.01199104432322,4.826997507788996,6.596468279370773,3.5323386799378484,9.221671179899243,5.562886217250104,5.571243879256509,5.7876439609588965,7.815704712997464,6.18876111750891,2.5924160314941145,7.105205577151256,4.488655130832474,5.160732609258985,3.0811190417371,5.789303027185843,4.022938564898672,5.1502544569902104,4.573851491958825,7.8875192026037775,7.9733904502183846,5.069769755322112,5.095966567053282,4.439835550475728,6.659009437254179,4.506620194499934,4.367994088031451,6.4678892954974465,4.1925513570250255,4.943367448327204
ENSG00000000058,2.628033827733511,6.05628551768475,7.911300408772803,6.081838059199688,7.1926987513209575,3.7308467957340037,5.354486423042301,3.5852601134459157,4.658351681627986,6.158317216028757,5.152730919654948,2.8810384660981674,3.02745634169337,2.928254102763839,5.737178884909385,8.095841803485003,7.043687366000319,2.1560222012809036,7.131613907104676,6.4046006255219705,2.6820500817068633,4.545197574934254,6.643283617243714,5.825650266402178,3.0363574214180216,5.916113233694292,1.7937491058791184,4.665766736364183,6.706935154100073,5.02759132335698,4.251593675057081,6.334019380658524,6.462127722629872,6.965059539300425,6.311513642669581,6.622062190905719,6.099362836156302,5.398292973674708,5.134263499645721,4.644110421353897,3.1814475604104113,3.5670327367702868,4.576978277097186,5.362178239403644,7.161218897006394,4.937304158186731,6.505214436316496,6.618973484648181,4.652829803466814,5.892035317055276,4.634707937412708,6.9832038411177155,5.953765007398898,3.214274367967467,5.24228697823077,7.47216824273582,4.728153448179948,5.6715725451426025,5.818818256608718,3.445065651253099
ENSG00000000059,5.766061923820271,2.9092472719480615,4.0615638403979055,6.613584451241288,5.535134435462537,4.543283288380209,5.669691531867781,4.909861628367302,5.01886775352775,5.985227790080207,3.908948389011302,5.060504608332036,4.531597708090021,2.6215949380996166,3.6193163656260503,7.352309670595748,5.577084971877851,3.0146175478979162,2.689468436227384,4.831754149834124,7.341779799764724,4.719862797793471,6.960499330106024,5.527896156227986,5.70687568676884,2.996419236043146,6.406284382624636,4.497601944089589,6.294638680416362,3.7787450270208307,5.265574021264869,5.5280044309064476,4.7689500251362,5.606817789629235,4.600404387211237,4.0264103704380805,7.408225074190947,6.5734292995421635,3.858702882427735,5.852666458391919,3.8859817179482703,3.2229730345065137,6.550714162098465,2.4438505615288912,6.3902838703648115,4.620916531140412,4.682680095379207,5.614626829434934,5.871798217991379,3.7604852347566378,6.076588413125095,5.170055807037835,3.115917810697943,4.745188274630391,7.071918523338389,7.514892197368545,6.076022686413016,3.214484767747445,5.735910353683832,6.276291355788789
ENSG00000000060,6.0885619749780835,6.177431433031877,5.544894618871297,4.891381491754184,4.0874487561439725,2.1530967222477555,5.509462650070026,5.279079265478283,5.836363764237224,2.993684460060659,5.96752503397259,8.081817641931165,5.117675196166867,4.907502021190189,5.463503534128551,8.048505537065507,3.4645283574501637,5.304810400090857,3.800513866553534,4.179492918732508,4.925614538177091,7.020984862420338,7.701485901033105,5.67221321694006,4.435107915464772,8.739108299957778,4.3586682780057195,4.143296128460394,2.3375854331319097,7.094137353867115,6.452368388556941,8.626708304174668,2.915714971672811,7.187256211218664,5.105203277549191,6.209150325200205,2.5283342883432933,7.202122733997946,6.179775126997746,4.941634947820674,5.967669031491682,3.8517570484366264,4.130839871627451,4.304833079561906,2.220908207464583,6.29263774130505,6.78739042127385,3.9479837753542375,5.522304523917228,4.6016892880561455,5.492410943121546,4.058634138183456,3.6748622658685464,6.578112329035614,4.904194122313261,8.033163426280213,5.06946494719121,3.6108829394742616,6.840411314653908,5.946200246219029
ENSG00000000061,6.090309295544635,6.785901018301878,4.020805559231309,4.809120036522069,4.74282525276831,3.0638801946265724,4.604614774762635,7.004569186815236,5.3560071556907705,2.980908008232518,2.6662408825025974,7.497164088122407,4.864521484617305,4.028884691447574,4.589012352654495,2.7840383685240018,7.1346427242674295,4.410420593620955,7.0511022916076325,5.077477571670973,7.14429796185266,5.385041748564628,6.279848994303614,6.0786395691325055,5.934936599377956,5.5219017157740655,4.650723925826623,7.87315203735929,3.6395945223561488,5.006461463514739,5.022328812811393,5.603661130015282,4.355791031158248,5.472119458384381,4.746736122195551,2.627071223843151,5.0143284293852695,3.3491520004547723,2.3984213563266485,5.205309981034078,5.73182501302935,5.790047063156864,5.850756060529541,2.101116468589084,2.9584746081387956,7.960282155220506,3.429186859884446,5.916261546705034,3.969593567501231,5.1195091089013465,4.0501186965896085,5.842311731929467,5.205161175975048,4.32756533953365,3.4247418204789346,5.401661296238767,3.180921801436115,5.641221563181258,8.93972736355535,7.025255076893018
ENSG00000000062,6.077521830341245,4.871589053388279,2.091871059494712,3.0165704061497234,6.92418928415407,3.8153658798128305,3.9511218527539302,4.751524286473968,3.406930611730168,3.1598468981725456,4.924288890827867,3.6627058179919456,3.8884721303316576,3.828213460779491,5.783540320751703,4.651811464256964,4.732142048159219,5.8954188459633246,4.78694058765059,4.582619347314241,5.705675533355256,6.002296765336446,4.779389750737094,5.120911663430783,3.827314655400008,3.708975435253212,6.153721252950212,5.667413093816933,5.682947657624864,5.421281523088283,5.06930491372243,6.044617836234154,6.402663141534176,6.366842007785971,4.848833126081019,7.080489094863257,5.342691022598482,5.948564288848698,5.4231318362523195,5.370510061226261,3.8963720146245207,6.052026257517239,9.267941592361458,4.437807387814875,5.106492073137423,4.330692103479106,4.267970147657098,7.31667421717801,3.990543473408803,4.288879289950458,2.618760764403048,3.863582413186629,2.4374001605699784,5.947707048817893,9.199545832755964,4.449981809524217,2.499863100514644,6.3499994966446,3.9096125616047646,6.949020395830311
ENSG00000000063,4.576956428315083,4.052276466375829,4.7330636663814705,6.136665141404281,4.658869053866515,4.2549129458094415,4.701752595531692,3.0922172232486727,5.59554740344097,2.3199101092326346,4.333817818451727,6.139077813246115,5.454572424399075,5.8854808594795855,4.902431490921787,6.754619271478275,6.387048795154688,5.669211506371512,6.3913186659703145,6.125635331605365,4.340804729979665,2.9841516324629995,5.6305431887639354,5.819133846247143,6.635707986707848,3.5955180874320596,3.6403534110842553,5.689850399461656,4.8932495167203705,2.171357584143308,5.562662245631286,2.221365627516568,3.5821151721899356,7.027522059290161,7.7373185267106726,3.1765154472920574,4.505912693880958,5.063933784618059,7.671840391372352,4.260696578263397,4.284673965450083,7.323088337694292,4.437816270922613,6.083302563449687,2.784285552331359,4.743150883861511,2.510604742510393,3.4168493285664434,6.258802032728395,4.925141913369931,4.521341389170538,3.8768755640286234,4.669015890138076,5.451669750651041,6.474374309692642,1.0622799738547966,3.7523582386057854,5.238644363283509,4.851705326056571,5.605064363790087
ENSG00000000064,5.401310429189831,4.542698205509889,4.2097202060192345,4.6317477653967485,6.723113524734114,3.9019881006414283,4.905789915284067,5.2750133209976315,7.340526394811687,4.54953761264553,6.438209984016441,6.847969104897533,4.904368602514028,4.683921531384856,4.506419491927676,4.616265298636127,6.281359790865249,5.346514965883271,5.352934563754804,3.3121647344302474,3.548764883937148,8.21517023716547,4.733261412066966,3.8378420066324597,7.146648748383946,5.4227128230253285,5.8672323752967825,4.7929293870777,4.521990364134794,4.745620441254064,2.9258927445520597,4.868108885870154,5.444049615563926,7.775694850765631,5.128998597507823,1.4987344366845425,4.859021850823068,9.10925619966246,6.29954935247756,3.783666584287117,5.886659771645835,3.8869798626653895,2.969288720679714,4.477445955148892,5.1372896588582915,2.191766746349906,3.276261064192046,5.015503344773532,4.387740236016569,5.592216906719136,3.1779975090371577,6.071170622829951,3.2243613544097074,7.464101452906445,2.426362573432525,3.361168594424881,5.626056204547744,7.496349877246457,5.472564554174256,5.844286880273587
ENSG00000000065,5.0263053525095875,3.46040231882721,4.264792477640931,3.182135420028085,3.0819350483346923,5.60262337897962,3.315233026868057,5.479331010085042,3.0472658716683534,5.444574530175132,4.266976146555556,7.109923300475967,5.485578343368598,6.853674339491212,3.866529925362211,5.084215010366251,3.5283692628255823,4.379592135883373,4.606843665883057,3.911212668969291,3.1767457117314573,2.879724014521021,1.4903778264389043,3.415480304744813,5.9412408450077665,2.6022522019800753,2.9478157306200425,7.686347856849372,4.045255925227619,5.4815690137472535,5.9634757197507415,5.99378919467192,2.7165286540879103,4.6534104801507645,2.572659095722412,8.669476788365484,2.6076871039766,3.4282396716952697,3.439098717737743,2.7550092849156793,7.028890864634818,8.633671851625245,4.286376321031074,3.019365279733385,1.6446117519109682,4.633836922216847,4.525451865257835,4.023055810459783,5.332062880964343,5.592759714223229,5.484624886906851,4.525812692047269,3.347567255638607,5.998749646710074,5.0187706391322955,6.332536287251975,6.185113324208347,2.867356896429327,2.848666688813595,3.8666889218892075
ENSG00000000066,3.415601887563998,6.132877663964151,5.526964513981877,6.648775990677966,5.594730226116377,5.312974372810054,6.799594670516256,5.704591009602573,5.102151445156578,7.220679550896028,5.172771324729185,4.543489092623117,3.7432651118335256,6.054538188568117,6.855575812763703,4.924118897849855,6.961873435669758,2.044977452042636,4.916819937788127,4.939857631843346,3.9095084413889793,8.57579155697281,4.9007110509668586,4.38840384259335,5.038943170150257,1.9957793922112557,3.860198111982627,6.474859954168107,4.056581967600838,3.7566872557995925,6.964288454771601,7.010381601427744,5.775485708241713,4.317323998941999,4.640793402325515,3.7937750576375615,3.507840321457033,3.4333752675373512,4.072918389822188,3.4479185139728825,2.6544423221852766,5.329104004630858,5.3518933713401555,7.551189137642475,3.997492447467946,5.444150884434906,5.469068868912203,4.6192436583117,6.116500383124515,6.162843780276072,5.49111664279631,4.616540442428307,4.463704837168198,2.9483691518044113,3.7911233320734627,4.0669887141474685,3.314042356355849,5.659885950031496,6.794941803480515,3.637906351506275
ENSG00000000067,5.425162153616956,3.4488332907054344,4.542616743591257,3.964505631233336,5.902843472909662,3.9818177392367327,6.51749062055997,4.6314188395067015,4.025594435607754,3.1200421064822557,5.379806765443025,6.34282760333927,5.409981884805311,8.358247499621635,7.1446811787056275,4.538708352924477,4.522958849289396,5.70454507922803,3.7429712293614723,6.74943245979873,5.542400782765376,5.384688366287799,6.030430501656225,7.584244825053588,5.256433028281258,4.830439443692923,7.263079434983868,6.451325623986703,4.5185302394244165,5.00777967298853,5.293071373908198,5.542719416907475,2.965100223591329,2.6862730882976598,3.6689149669963195,3.5528923354829867,4.0342639790412465,5.952065963135007,4.746606265512892,5.294591907515282,3.1635448849366075,4.307536695618582,5.880886492617261,5.892428687265203,3.913139257718138,5.242493579569331,8.298271780223498,4.973603106116543,3.960219580786332,4.73935641595676,5.13826566129025,4.773247428964176,4.952967948985247,2.8348298045947407,3.556054287371073,4.775997144392754,4.752098044966345,4.150716087709999,4.734479620885344,5.091522283121308
ENSG00000000068,6.334120184786788,4.851182397160923,5.59865480794738,4.187599547849119,5.858143585397723,5.563595446418535,6.298725504769729,6.070190693666731,5.883103434321719,4.8523738870133295,5.367408840566703,6.59526339267729,4.021888145895808,4.0573883319547015,5.272147096925543,5.6229195353981805,3.7638402511039932,4.887856154880038,4.859001838656823,1.677079826594794,4.67060901611186,4.7640232507273,4.759560585765471,7.123871411865903,3.1763025522366872,3.7630661431930807,1.081706302520999,4.278625000738789,4.406534668810998,4.235034235498616,6.66151600922564,6.290926283505445,5.116785086400956,4.444080419690207,6.539284502160296,4.970363210246223,3.7725949416223132,2.4256269837731725,4.338028259156476,6.131965425758913,8.414808034314635,5.092415519284214,3.8519667273195437,3.222552187573679,5.827932344458398,2.3530759214235974,5.825517652107332,6.226567409394368,5.654419179849296,4.670507492092164,5.847410980320221,5.25640755669245,3.8328142372091123,7.775618483562539,4.472480930584226,6.163628450674864,1.372078575956428,6.9147063241713935,7.203145616981873,5.044750680689957
ENSG00000000069,5.838156552106637,5.837772772411344,4.035824645538914,5.82068345815901,3.787054295191167,4.086864614532011,6.6904147148184485,6.461986536050304,3.940436746826311,3.899635484748439,4.031605096313492,6.098959349698236,3.500022828784404,5.5350689585539286,6.120270215951442,4.86763182456035,6.515095545297392,4.543534745765311,4.679216598509129,3.534130653302215,6.525766021430308,3.8502193295316944,5.524657726572589,4.893025899311098,3.420825405332506,4.086345284265019,7.074308358561101,5.302486313951721,3.4862744879497374,5.457992431023038,4.780828952608182,10.181069603366272,5.427685762013408,4.429062729400453,7.130041876680656,2.2384457490607317,5.141480234571646,7.991642742021609,4.825701073460369,2.400048433027882,4.406123053384103,7.181777061438555,5.564104394481157,3.7417158357312235,3.972135789231464,4.16044959327528,5.541796826080994,7.00729419940798,6.578634519198756,5.684018273163693,3.0025328599137753,3.008101229009838,5.799878031820645,2.9817933531006586,4.661649468397093,5.456225669279266,3.293609006955967,3.4636064984617048,4.858818403148272,5.755475431286081
ENSG00000000070,6.592278155620635,5.910580152155828,5.110484892488292,3.880707869664426,3.393639506233221,4.233684367506279,5.614903377470851,5.504935559941014,1.8501470214123164,3.8214844575987454,6.806761327409234,5.118822571706209,2.874486630345521,8.533731772397227,4.956587401527853,5.576500938970112,5.599287134067701,4.448606800759721,3.9086394772679087,8.18251247759891,6.5048088044266255,6.232905801663015,5.864433787577316,3.495023914457473,6.916295287610411,3.735301012982376,5.424930197225969,2.5409151418031466,1.9387117240287206,5.477436803979672,3.786351099207638,2.01624864305409,5.810914254420613,8.180121156576185,7.084340387870093,4.614023172101491,5.013267960045418,6.33155938517587,6.683192029752361,4.484696421761452,5.051266573586862,5.450922210146805,5.830814480418248,4.8003853369830995,4.819872132396884,7.0697484946315825,6.814281053664329,5.716115860154132,7.578663605034393,4.420331356660374,7.434460172944071,5.813773165303326,9.906539183321884,3.211277109826283,3.9659821216739877,5.628196742300822,5.5958510794684875,7.925208476262528,3.9974379750506994,6.357377778040826
ENSG00000000071,6.743694507022994,6.056971748330971,3.55850548711352,7.111638207881297,6.84398739697312,5.899376779685566,5.3065215308134315,5.339162015066557,4.881896311640934,5.961177701378963,5.046702279417467,3.727212536971038,3.427112532758612,3.871945619521562,5.333198363824177,4.959566245347189,5.323015689933124,5.751219700319167,4.0590186111246815,7.198490252518022,4.598433759428788,4.349859522827736,5.7235793559986785,2.245234696437391,3.814198325415621,6.47160919803775,2.3938671064068338,6.676361295399734,7.266704849538702,4.445816993264377,5.437719151139465,6.67863062727654,4.299816217934721,6.301663280789272,3.9932768073039924,4.283596560000231,3.8009953035125394,5.513970798792205,6.736953578848325,4.723830601824254,3.0931262601313954,3.3759397665697763,5.5918991320558105,7.766174620091404,5.590587498971597,4.419655174023121,6.149275950275426,4.64075204661988,4.43257217395369,3.5623113414571046,7.112673266369534,1.1911881237565045,6.196788800418904,4.3043825933036945,4.384488902822581,7.538472734176719,3.928803361699923,3.979896268957385,4.804408641620705,5.620771078718358
ENSG00000000072,4.337216326560696,2.6392116041961717,3.701452728677352,6.922000784696779,5.112165183703267,5.676630925555733,4.607868189240444,4.010753455740096,7.516354174813117,4.717712214423379,4.33494518070931,6.644213549533009,3.9164594616989223,4.107908984339005,5.015370026025347,5.0004051561322695,5.389417021854822,8.137503634093232,5.504372369528555,1.4329190558737994,5.489448415147342,5.056819991734399,5.065175036527187,5.368920964094256,4.956982568487801,4.921081860416916,5.919566314656179,4.1868788042082485,3.578470496541237,9.535672178933586,3.92621383432815,5.150214368690115,2.756509623686949,5.174702622577133,3.600161673965997,4.336290585724983,6.567596998656685,5.708014352567111,5.852614286862229,2.3431927424122057,7.755342754743519,3.2121780335871875,7.292841221440797,6.532315798972229,5.86599911267702,3.717522828637428,5.227384767229284,4.29361788403271,5.043559357257938,4.62519161137166,1.9420842401413876,6.682676226476882,4.878339265175958,4.272799400746645,4.1595091507553485,5.537689364550152,3.6593654925582917,1.617236662288935,5.610694704812414,5.778654496935233
ENSG00000000073,4.7005522629835506,3.2781456872149866,5.133403311333928,2.803201447529617,3.459154104968511,3.8739530952437584,6.265908606337334,4.456083574344625,4.328200382335309,7.93203877311687,5.5286937457830705,5.508491765712239,4.445448882186838,4.105442498544833,1.7203903399742742,6.453110797885337,5.6724645586345686,4.73125101017988,4.794159947245617,6.1042163933915825,2.6679348903802205,4.115178002669292,3.2955457056612043,7.657263923730119,6.313483297779951,1.6959610382969537,2.729357560040037,4.801481489963771,4.291339681891363,3.0134266878846674,7.917143356475734,5.468809870973868,5.712224484294637,3.9619775761516793,6.083411220767004,4.429350858526982,4.574985239438751,5.91650293973789,2.5565036524095506,7.395541789776474,5.273583822085814,6.921416313170637,3.3868703650717724,3.6152523139577104,3.257149667600282,5.375446508997259,5.098974952877369,4.303382271153229,3.478896210672081,3.100105595403736,4.927274149294016,4.3016198306171,3.9715895114626067,7.320634229197414,4.8765114827108995,6.905064400890388,4.200121725975955,5.367164425697985,4.916785975615498,2.453566535722816
ENSG00000000074,7.142507459395869,4.797269589451377,6.1196273294494405,3.871956916307661,4.7527334276303534,3.6997214601149677,6.85399772414509,5.467114021176013,5.550580290021332,7.037276220657469,6.734511945348535,6.148013804204428,2.867408979443806,3.9564813207249747,3.494167795982971,6.091300540438699,5.255977912625077,2.914231349554108,4.716883680483159,2.7588314964218323,4.92026526789536,2.5169412440192227,5.793241240076919,5.56694393905111,7.861922740020322,6.271809934246013,4.365628616266246,6.227105139911729,2.9035041785822324,3.5562910944783717,5.499713798112665,1.762625505878109,4.944258822599175,3.469605061822369,5.151960582729895,3.383395462929105,5.6363722061827835,5.028991135501085,7.100548875321996,5.010101801152433,3.8470357925578007,4.629671216259076,2.9836454044749026,5.60920588205816,5.884775369472909,8.703794055039227,4.067246014093393,4.598308139487226,4.136362213342677,5.318170551696836,5.572535801719421,4.919937733357234,6.629488875309548,4.074530744367833,6.479261071836068,5.807746780461624,4.98195512015158,4.527595038864282,8.640001638097054,3.774487023886881
ENSG00000000075,5.446899765452622,3.874671394636801,7.678431122931959,6.330239493198805,3.982475181738284,5.768892490146842,5.386543581914833,4.225062857037892,6.13724632584226,5.583958086656615,5.323548070828928,4.937120433136507,5.646581738899477,5.344081492238689,5.088639999537526,4.038476126018654,7.540649361143739,3.4243700849771797,5.641454328319617,4.519638886547851,7.63932090417395,3.644776194164239,3.897105107359502,3.5452729051072622,5.485197576425915,2.940424010647037,4.282207257863351,1.7714512657185728,5.360632031192136,4.249677711865606,2.7679148841022205,6.628414104461088,3.038499652422591,6.195415535042323,3.9484387640182934,7.402357066843139,6.124325808389219,3.487928193688958,3.6243761716845406,5.908287807836465,4.60643280393475,4.7459862394679515,6.908358292658146,3.8769666899450654,5.136940658263182,6.4319416904784585,6.2136762325784005,4.760580998718991,4.566641178721013,2.3917768062186027,3.4156325110022063,5.477538839862101,4.793176716586646,5.112390617849339,6.558880414451091,3.2190153364065885,4.645729546651025,5.283066445116827,3.943760093638226,7.147215670891125
ENSG00000000076,6.3628802024197215,5.435199990633134,7.691347668992879,2.7516570805847866,4.988410578341477,5.549505453401092,3.6281674298091167,5.4510718127265925,3.3401262593181826,6.03583597741138,6.58675215219336,5.408500101692493,2.2208032774025814,3.5498097182509483,5.847065004819741,5.031797965268549,0.9589960734612679,6.864245575802361,5.204984759380748,3.7713880039999323,6.4924333963499965,3.9836899806396517,3.967321823593678,5.537528976521054,7.671557688863442,7.435380766959329,5.5395672483561595,5.693578488275479,6.187248398127237,3.1145244869459763,5.966222505727973,3.8988897977847077,5.477717100194871,4.658798558588994,5.7518124906713215,5.17715519750969,0.39045459376805036,5.268337567557771,5.963229428448894,5.66889252250768,4.846121080687131,7.463242537895609,5.467059693682492,5.656509950289659,6.566737841075853,5.543889499544898,3.6529733698786946,1.3424938793305665,4.284318646972878,6.141418288821675,4.470355502873291,6.201767558422595,5.223092263880409,6.932099105393277,4.557174939319008,5.701422239851532,5.758827596803039,7.25240280894679,2.440044040498583,4.312387588170264
ENSG00000000077,6.272774158082756,7.318844719667972,5.36010726896312,4.56094375336777,6.135677553011667,6.303054012847524,4.46050748199904,5.495460968266319,6.770790893617954,7.835688489911678,6.113907438852938,5.0662083449983895,4.918887235943138,5.836094835790434,4.8264907362808245,5.284460748533582,3.413185603203688,6.945585794736738,3.2897229092769824,4.351832359320481,5.146389891277721,7.986480319832959,4.365975522721509,4.0009762790594054,4.173774623999309,7.4883457514169685,0.7814795097409681,3.4958929817771196,9.096933063739328,5.886323110237456,3.34102257599117,4.937123026737843,5.101181849101793,6.269187868858409,7.7592530042338455,5.582827521918823,4.190317545480559,6.180626663147306,3.9526209547057083,3.4499937560164557,2.3601366920653324,2.6523074082493987,3.655332265813592,3.233315348448693,5.469854791062076,3.200897261263947,0.28450054696288407,3.4341323381158015,4.292210528417871,4.091825768192052,7.279287018963776,4.079686161066275,6.321385194798797,4.971526100478707,4.9365429114911015,3.7469295667279447,4.9118260226288495,3.852355809653875,5.255036471381856,4.645625551064468
ENSG00000000078,3.5830581002126,6.487841509550893,5.640260720032138,4.327905898786628,5.218239570552965,4.874266217747055,3.698613594105089,5.105744343531746,4.068482367788938,3.5825992465698513,2.5658490046002127,4.462088969692054,5.850455989375585,3.9580109699317108,8.781063038236955,6.328528480479099,6.9564951989907176,6.192864518110638,7.779297462407859,3.819497024791187,1.1588939215120677,4.330811587470675,5.837327863321306,5.2272754576219675,5.4132089164516755,6.981365004004808,5.57308636169375,6.1983693913865325,3.5906558872208616,3.356909466175945,7.421170884536732,5.151352302720602,4.0651562248307975,4.067908259679323,4.026315317542614,3.9365614684312376,3.07527829609451,2.749369396669237,4.707493433518371,4.110611194519401,6.6607389281649425,5.439614979900375,5.397976520116974,3.885319388668324,4.818457376330036,5.541501655447161,6.074293609569013,4.859162260222452,6.618685668986314,5.011983963361914,6.18927067777652,4.2652216871162745,2.2811174501470375,5.402538482027784,6.0879860947199385,5.863020997711354,5.63327999215616,4.477119551067519,3.7898806228316113,5.827592403565671
ENSG00000000079,5.639671124297412,4.15865136373426,6.6641362837880855,3.6757017281785993,4.12471493181344,7.454637818512498,6.302872906600869,4.462986041163466,5.431071064465326,5.232188366785757,0.8815792025339326,3.6402890757899273,4.923730074336078,4.465082785161041,5.370653847245631,6.69422346942188,4.517696323019109,3.4135178058157027,5.487277487766568,4.510064999648295,4.765904748767146,4.562339421270382,8.36275670001648,1.6389436085030824,4.417499145301031,4.994466461527412,3.828286261575832,6.349738748192425,6.219886518079459,4.928368072267189,4.5939893669844585,4.832064748652529,4.842820019528284,4.882440457811356,4.718001347724801,5.378673971888589,6.129818097241798,3.1546097786021345,3.4240041511502763,2.3772229557747147,6.299596100536399,5.375484939785695,5.757901273899156,2.855752642454797,7.677422184320207,4.086723637781963,5.252308710666884,6.281576991017558,3.5195303663058923,4.180513462231,5.2687576619013115,9.286209613197059,5.4516871142780365,7.409541725946077,6.808509717787933,5.552015054741778,3.516206342553982,6.589630416227353,2.7528344875279296,7.401312685515638
ENSG00000000080,5.300007962327383,1.0246646790527358,4.489240857452241,5.98092173138441,4.64446419044035,6.0725087164903595,3.7249637484315565,3.0410264408185887,4.892831895428592,5.047348500934872,4.4774234734065175,6.840936719963289,3.7246889372914134,5.469748410998524,5.101954956745438,2.664926071795875,3.0214547244972314,5.0178665243729474,7.971799998030446,5.868904717848216,2.411547762283051,0.33426790232099357,6.09958038950657,4.855679775607701,6.711898954265554,3.678923118932838,5.525318746787789,6.269260194541794,4.3288045426902775,4.360871644653402,5.037894246647586,5.8140145198404936,4.978498993232134,6.46099450663923,4.307097216099455,3.0074071918053358,7.96546305216977,4.0930493951863305,4.147336874423379,4.901295018391724,5.1007716644809715,4.419974536267576,4.973849154576486,4.940356652857739,5.26222899053121,1.463768811519026,7.821314460511774,4.779067529698164,5.870933929170478,2.9328479876989637,4.293499608126124,3.9915262005193783,7.204585646762818,4.121279589746176,6.137119980410137,4.024369320990207,4.321071590519084,4.631674752198971,6.9257676902439504,2.1652210114548223
ENSG00000000081,3.026504667088351,2.0790422514652747,3.3687468203578246,3.7825999232118392,2.5782781188644166,3.8987783800779967,1.9779282785998775,3.473016914348478,6.8006305998653005,5.605382105421654,5.281201508258792,3.4958321655813283,2.695872561432914,3.291265886698579,4.935185259655977,6.302265169590003,6.353551125702981,5.945918543724999,3.8936647038980836,5.036824748605982,4.5179862049441315,4.698215354757875,8.05569184543972,2.3569996444945813,4.647984776116608,6.817623360794235,2.801162757449693,4.034378862100624,4.20644225364854,4.665065416919023,2.6060642605906743,5.892929090507059,5.999430923769716,5.7625629875269215,3.694439488563378,5.129766186180943,3.650839640646369,4.501105008842731,8.230201890756316,5.1435430663943835,3.21871013601924,5.270503010995871,2.9723061109050355,3.2014844112274825,3.4383152960768135,4.333535821706475,6.405453493383803,5.867597297025259,5.784492992370993,3.3516131516141865,4.188028466846527,5.408001660324783,4.05752002191738,4.582450339548353,5.6620380387949245,4.476840978198047,5.339089383653038,7.389092684029353,4.742211801519503,6.7690067145788095
ENSG00000000082,5.839055100961037,2.79913700976985,3.3467944561047136,3.7496061753951553,3.717747624600825,4.864565380839779,5.921966072122734,6.882737625057084,5.462262633087623,4.331480665920186,1.8766381345551886,5.105884363126007,5.038655290542487,5.274393130308437,8.159360446554999,6.860894819289609,6.177591377374979,3.5568843048926,4.230507876204885,4.857733089607247,3.8368893139844698,5.750696787477677,5.535363273823557,3.3675383104179613,6.795225063644186,5.15346550071329,2.406393279886623,4.922985712482546,5.421809683884357,6.459188542153611,4.493785395310075,6.241907401170811,5.280712980155323,3.027418086443631,2.8772498397762294,6.683839805224023,6.793976267572654,5.484363845607085,7.243560081770043,6.58491477356241,6.025443094219582,3.6330327668994924,7.597143126548515,5.80445214831241,4.421241838082567,3.997594992042053,5.385175672270785,2.493411372742318,6.0495099130292935,3.5696437779589596,5.55591216323643,4.217569493962761,4.603371930912944,3.8646351908524026,4.758155853228797,7.834069319026031,7.077589440572961,5.531718432493185,4.962058601652571,6.266301786039327
ENSG00000000083,6.694955591161335,3.7552724266887063,4.883841698551697,2.2670626556478797,6.684653165391342,8.097536386551283,5.120123936934628,1.8124848126454753,5.913335774865547,3.6438662507763797,4.00497583750331,5.9398645846865055,5.381831188269087,4.267836836992098,4.025591551097503,5.188754082831249,4.385801671231449,3.336144299595489,4.50115522778246,5.509388934882776,4.73284479977055,2.8797371026277223,6.483596932063309,0.8917828445849996,4.330452267457347,4.069702318169126,5.2222683168071224,5.842492711704103,6.690147212391553,3.9313926899717595,5.879873506000223,5.293727581822192,2.432690937225165,7.850810383151165,2.841837309139701,5.629245908464572,5.584939916296621,5.413455173493616,4.258134676757589,6.2408789767107535,2.659448789085357,4.9012568169891155,4.154187985171312,3.984053086899453,5.643121681180318,6.6162178140795245,4.485116357244701,6.171021634888666,5.074610998166897,3.6609016861429873,4.613071860138405,4.550771163812578,3.95501013124183,5.642724392983751,5.351969281557139,2.614025452595873,2.5227110071409635,5.637026679808631,3.7770703568081982,5.453061732650486
ENSG00000000084,6.171397367163783,3.0935707438916613,2.8826941181357224,7.511647523592943,5.527356174443689,4.371139014990094,3.5990893210306045,4.234338726639081,3.2141414958300345,6.325118261135885,3.8348732695905188,6.6403018823244,4.399056620344983,3.434974724574028,4.3605476179792975,1.0637498337478748,4.81884713498899,4.744821213304762,6.2371141198219515,2.170542608024931,6.742799541295321,6.230898942496484,6.878065345547994,4.920917935993794,6.5208452511541335,2.7931339476396424,6.069571347806799,3.843255856850082,2.5228972513655954,3.313789222753459,5.008296707943906,3.763551187673595,5.5641102975437,2.287643667493974,1.8093536845762075,7.058581151215364,6.355700194102152,3.4260547461292887,4.995500534794191,6.529260590301986,5.628800912435908,5.222334644275217,6.642731121968896,3.9039312871981693,5.046767672996943,4.973227042561413,4.590856928493436,4.415291732868872,5.109302356742736,5.051611243978291,3.427358536198211,6.202693864850671,3.5354221883506125,4.672649833179239,4.557079290919923,5.5371554189888235,1.8213440896740007,6.336364722394188,3.9845144785817537,6.829944942165581
ENSG00000000085,4.282752613225768,4.926734621398984,7.870679060102636,4.583992686809498,6.858274827010188,5.05856762834684,5.623128245440235,5.104937884117062,6.271777439450187,3.971702580720423,3.523927215471222,4.042135714434467,5.149565564486137,4.668771821674506,6.065412314706765,6.95709754973228,3.536242494147487,3.8990768125791013,2.845640872530719,8.045559486138655,5.457004248682741,5.719703480077366,2.989687422453428,4.998245016489688,5.763871976619628,4.620863464198362,6.6135584372395915,8.467746688464244,3.579405759359072,3.466869131034955,3.683365901707135,7.409298740024736,6.563532975544526,4.796708273309528,5.0548394966013115,3.775184560704918,6.3350407366147765,4.43014726383717,4.609885190817501,5.913184657293885,4.718007592875169,4.64755100975323,5.015862808293613,6.1930331206896145,7.46973961322575,5.878229348369123,6.204971335436401,4.700218906848313,3.9383032052469247,5.9809793483526725,5.256861236900857,2.8660570268753762,4.507895564861603,4.87565446477767,4.234313199457282,7.222603391813191,5.719758555353325,7.059762376832972,5.395137892478239,5.122081754637617
ENSG00000000086,3.595103273584626,5.01789429979485,5.01958088851316,2.9493291739486502,4.190708795344408,4.515076102225456,5.620219316083582,5.692025167978559,4.128022277052192,5.703304403812827,4.7268816059772245,0.6955699627175651,4.272946952072687,6.6184829602135675,2.4772913650584805,5.16903680062331,7.377891821277931,3.859080570484279,5.003223620641529,3.0439756141581182,7.440846712495358,4.875001059505078,5.069940264191027,7.031450698258434,5.992217591968221,3.68655690125489,4.029083113869026,5.7423969567849475,4.06381841740559,1.8241350318192096,4.920138802041383,2.779681008312786,7.424422630345589,5.265181456644729,3.6422374148846366,3.9520513780063196,2.1659036181891196,3.3508071698292445,6.524484803811049,8.347679218238587,6.089594769798437,4.861936192068456,4.352060936519125,3.5652562796354568,8.089648849009611,4.7168769472034375,8.173444745093757,7.090279264415091,2.3888053529805897,4.001071406361063,3.9964323137392666,4.880230453841391,4.90952862032937,9.494358643097215,3.384158188287862,5.343454903496585,5.924761613701705,4.997641993296206,5.165270866672037,3.4327866585401194
ENSG00000000087,5.159729291904022,5.767098494261558,5.491400876406693,5.8553013558681375,7.118911850954348,6.405449812871512,5.106941920246156,3.242362472175083,4.0999920879333205,4.670553272123877,5.378518747012171,4.282500857750907,3.5964002012234726,3.2177019663194946,2.5232333614167035,4.647573944338147,2.7955018368945423,3.4992114737639115,4.409147190733546,2.996124035912849,5.569628282748045,6.110334595408531,4.175859470336902,4.344459038584997,5.806144655208616,3.9290073541479815,3.8258991326040572,6.794747717279436,6.326281608069181,5.902325003515879,6.38846693209114,2.0340819119489555,7.030753320189661,5.588093174875613,6.516172076008602,5.580742668674544,5.073387237020234,4.587036181456918,5.550716565329308,4.532378136643172,6.301814150097669,2.6203150331716993,4.187636207308583,8.06723487271497,4.060879304641412,4.641974415404783,3.6761285999748856,5.503768509328736,3.8956026647867077,4.721583597789425,6.273299804052606,3.951854871777776,6.182916678897831,6.233343973340535,6.582434142078941,5.2108114923770605,9.861888615465178,6.581800544813123,5.487316436610239,3.686113378877397
ENSG00000000088,4.854411311188788,7.139490465350051,7.5643019234394036,7.2174936506603435,6.17778846009443,3.116509690556642,5.730742726738505,3.1378964329205035,2.7687932099288624,5.358738026865858,5.784799170904626,6.355065647721207,5.745704360579141,5.797378978614122,3.5230211225114356,4.8425349729730005,2.7393248215482684,1.9949463058997066,6.1109640647646115,3.870313409313562,6.30874775321458,6.662521366820058,4.071024013065204,5.885466641832949,4.008264907079537,2.231181688059764,5.184964106663688,4.293689180426359,4.339866484119303,7.963014676768288,2.711214525900992,5.574306703057206,3.5077891442828726,6.362392113900986,5.447646854262599,5.56901652377092,3.58266557359661,3.8516181300675147,6.39087576101883,7.6561965825913445,5.720461725836281,3.653868918842851,5.5084077836931025,8.641208066506413,5.153634216078368,7.192761289090399,3.889505951241932,4.9368709225454195,5.929347809188314,5.595992462394296,3.850416979833259,3.7857238143041005,6.482426604653988,6.787326218975218,7.26821533718288,7.705895724879301,5.201929154483895,4.53320113365261,7.026486408167703,6.06960392277738
ENSG00000000089,3.5263171119986128,3.449546501721633,5.737895302034464,4.734088007774001,4.960355067888954,6.608800047065292,6.138555717477553,6.9948098726276475,2.1026958404399503,5.380096875831801,6.04203278359581,2.710121214968474,4.017656538035042,3.7392722565066214,5.032547256589874,7.441780953041095,8.033884106997352,3.7785686703900767,5.789835875740361,5.838196778213472,5.5814386572721215,5.598469452108851,5.455613753676992,7.53135518120963,6.653699771552087,3.4097691536025994,6.193581621320824,6.338560061767178,5.472450930727684,6.697136555754094,5.282111051448556,5.300701581614376,5.181860817015565,1.9726338713004967,4.879402409141189,3.997624138318144,3.2203280327111643,7.151027427109284,5.756311277801687,4.955253378583178,4.152794973346361,5.44425437694311,6.48715413997627,3.7595512346795887,4.992757441585085,6.302099748276759,2.0959983063738052,4.913645356391894,4.356062944178692,4.799255213367449,4.247557165442146,5.206436907810944,7.885440830634077,4.514116289107173,5.43756651364116,7.992119627613669,4.174976632441167,7.722013023393454,5.007984509940661,7.67284433879739
ENSG00000000090,6.125301687419479,5.4606625438736325,4.90155397717012,4.063937840181184,5.113687324946529,6.346042188530037,4.980332853504994,4.525065792407213,4.62382619873334,6.48871492037458,6.837742182649784,3.9992742293474444,3.9971182138287653,5.569038379500668,7.291298097135882,6.71898546246884,3.1222216817301325,4.6038860450122066,3.6040946679657315,4.598731217127113,7.406614994053031,2.8660990268254745,2.5717020600797147,3.7571687698495966,5.4309659038639895,5.931132230961135,5.6561726522923,6.763528104846524,2.355371608649106,6.782504807538405,4.531857019930563,6.097241464707301,3.0148618598551935,5.007435045513605,5.35440615588352,6.733626556247627,2.622118066088352,5.046128822802356,3.3721470632867856,5.758244066312413,6.165824804684189,6.930755363762132,4.197455818537438,6.3908397285331855,7.04135238121558,2.5351295452167997,5.918517380147676,6.437766880670159,4.611910420418844,3.183839633712337,6.414433634164495,3.200736758663365,4.7324728482336464,4.939813913295007,6.073307077555999,4.060052660731201,3.9731244667582173,5.148373218144666,6.509585716429624,8.43117500097972
ENSG00000000091,2.738778200331838,5.473013026679867,3.370197460648562,6.528216864810114,3.5921831790361507,3.9880276727265143,4.116093711404005,4.885701591920294,5.484796395288061,5.72555209041277,4.991348680725825,3.005163466339128,6.091679225465284,4.920562004505458,6.742602185022048,3.938391830780095,2.5965879089735084,4.948960995975387,6.943929032426397,5.2414132049240765,4.700495301240715,3.69447947351385,7.636649700021233,3.455596107672831,3.91190861355764,5.855051294126034,2.2159689651698153,6.91188599807201,5.936289671326033,6.3488466077166645,5.837175517924481,4.758314723815445,3.4052769347668654,4.789886838162559,3.537145532371048,5.7292329651145755,6.210169745822152,7.215212946797312,5.557651460829295,6.386863034892779,4.554282894154786,4.282584292987708,5.710507836225202,4.420290690924637,5.4037786832414865,3.4082117159968686,3.677558476285548,5.953113951527436,6.330035113109144,3.521515746549979,6.005921465759631,4.200896490447088,5.024757764300465,7.125416623685971,6.211230851034423,6.193807982033289,7.86318553768545,3.944180988425303,3.5211875375111816,3.916816594657114
ENSG00000000092,4.618248419890078,1.4681740785621598,4.688857644954784,4.183143902157632,6.175639651096699,5.52862906851506,4.098955058345995,5.884941268044356,6.084894589735654,3.8471813153128838,4.260463616926373,1.661955219353026,3.3640100384460725,3.8862956593646323,5.111249264909032,3.581925980960277,4.2298220194263365,3.1620039776261013,5.256670847796906,5.638571891877361,5.603548022629734,5.018541697857889,2.6883905052479085,4.070069504160724,4.3890399915222735,4.395057030619062,5.112471826984755,7.1383120585565285,6.2181443190269,3.5187233302269583,6.01760431294495,5.960453551498604,3.7908987905726526,6.273298883953158,4.759435046082105,2.885069764978333,5.682804086955713,5.325442735421786,4.658483556221259,4.9438203725250505,3.921371781667307,5.915195755695664,4.934824048236611,5.2496732659223415,5.535712886643308,3.2681215783605126,3.658575467176922,1.6850833105756862,5.847113387735611,3.1816849643798504,5.1988545648434785,5.556482337409329,5.90352925833878,3.1939746292459112,4.9022575727889635,7.505420631181623,7.571472019976475,6.480984641040426,5.506239708228259,3.492340416731934
ENSG00000000093,6.077932438086579,4.762968156879738,5.840792412909266,4.050734817721825,4.740600330740107,5.246221040114637,5.369417137240788,5.740584071690372,4.131207523212651,2.9850733218346956,7.437177559849692,8.733881253535037,5.671131066803568,3.0140118579048343,3.840207324735685,5.763676353576454,7.011673417521929,3.1806640481872157,4.813500768726648,5.293898096665954,6.296867676928812,4.484598358399431,2.654277963017113,5.931796339179353,6.687193947756857,4.876112807382259,5.607860136959647,4.2882631558593935,3.7313408079111587,6.539638520820828,5.581243771721692,5.7355528991028235,7.25317272199192,3.4177364985221406,4.171960597760867,5.236900023252043,4.153530143358137,6.174704802908675,4.718901168644024,3.5112007887542154,5.098657512781492,5.2555081562101815,6.402023094344496,5.589711354721136,5.691719587039754,5.480437526010837,4.717666218062105,3.925671327333103,5.433257527489064,4.500312851174539,7.534733930661523,7.013273442159828,5.949258698527412,5.567700408939478,4.868061423528235,3.1083144029792975,4.675741665017052,5.152100050107885,5.344184711666993,5.704304550523739
ENSG00000000094,6.381995296816528,3.9617688924606993,3.975386589186483,7.176285019614738,6.156472383789723,4.413843586800018,4.839183246571645,4.845929079987652,5.047361183422074,5.70902463835792,8.802489119149747,5.284634841743979,5.993897225637876,2.470284940714786,4.272650010831748,6.843222504074908,5.603473087034923,0.0,6.0110348034742955,7.877246591943154,2.0061386208203102,7.2790815134682685,0.8420665540611079,6.40699841758012,4.98702706098164,1.4750431771330754,5.669206740859679,6.726259623728088,5.54583050573236,5.877241455589419,4.382485831491407,2.207915367168467,6.037796033505597,7.624630879169444,6.694371281341189,2.018186255597981,2.727658389183599,3.7310483873039892,2.610536823079785,5.0662848793340585,5.590123707770784,2.8546200751364488,6.165692688913293,5.901655916030021,4.177761312734446,4.741217021024024,2.0752982365204526,4.501606765569389,5.011077461195488,5.253121392842284,5.568315368030261,5.366362614845858,4.603484454101494,5.429292413831475,6.503047989965372,4.8567528900355335,5.476392336247515,4.720743406003822,4.029861625280643,5.784319500376406
ENSG00000000095,4.167161083744692,5.579220351488286,5.042383057265068,4.544097985219786,4.507785751780009,4.23781851137647,2.5312982418664793,5.574342642742538,5.347320237917481,6.274505378672741,4.2028146465398075,7.843075438215001,4.4303960782255505,3.6873355367079563,3.5094726202360027,2.399116395155507,7.298941838589692,7.056601086152993,5.901117744327137,3.65586678833633,7.71690152233868,4.472421257717516,4.5964612531600215,7.155888620654114,5.988365876721309,8.30165470813189,5.373083390478529,4.404453800631913,4.082292674810306,2.22950573421406,4.582106340790693,6.716890008241071,5.898251258984104,5.030462009840608,3.507598334275506,5.340309527019106,6.5192205577930595,5.646078884704977,5.2501027544500385,3.804563520078191,6.300772721168019,0.3021427718837286,5.574268563297718,8.855482971416897,2.7374399190022296,4.637945817947951,4.98813351481291,4.306125778915135,6.554561363838469,5.708676521532952,5.228450558820979,6.19590884175392,5.025126063607614,9.769796733235271,5.227020400485111,5.292923147734556,2.434297925640087,4.184824509044864,6.721066522699714,2.996814724460191
ENSG00000000096,1.7636642385470678,5.048473206781362,7.056116761212467,5.063571843044189,4.495813096060485,2.21226809338853,5.67838118405329,5.991912663324567,2.3274012513483493,6.701798673045828,6.148543288838163,6.698473913821018,5.875287637750013,5.980524063216977,5.781081348052608,6.302708482251793,2.271863346314122,2.748410849567728,3.8959881497153424,4.80526974249117,5.582205384962269,5.487022479843275,6.675658717184047,6.722742947870526,3.6914223375593105,5.357864165075707,3.7282526784172427,4.71762944246965,5.482687053572742,0.0,8.616866059459527,5.849613016096213,4.106445086879891,7.891054632845342,4.4788532442707085,5.198779078742087,4.269326284403559,7.4779877561650085,4.84252294054118,5.224226151109264,6.8056732295381694,5.877709186191614,4.918477902298892,6.665586458536194,8.807724844141928,5.476115673199132,5.17514013180885,5.2559406254286225,6.9656442512472765,4.101203397450616,4.582523660432509,2.693835576310038,3.2241982060400396,4.223299995953044,4.9160945089093655,7.65362498865518,5.803989207387836,3.6318822347153095,3.908029271953827,7.062123024845982
ENSG00000000097,6.689915522943789,5.042224865336305,4.336210301691752,6.687399253556964,3.51000930991297,5.588045597086285,8.408988486339997,5.308033523377186,3.8365857811075936,5.615553054007306,4.294986921476979,2.9088262343698785,6.05155404030816,6.676751600824583,4.533639991891141,4.43414648885559,3.5576519133172555,4.77509659929865,4.156447425615213,3.4834509699451166,7.838253245599409,5.699739225124261,5.858592662044028,6.325099353398641,6.156554325139708,4.380335070804928,5.408828934457201,4.59645427360901,5.65769543716499,5.512536328937246,4.426009608703697,3.0060519156173013,5.219355585448262,4.693595768289051,2.1644416284368626,5.761492653333076,6.448013168364163,8.792534712813426,4.4132037450190085,4.191932155176398,3.335868454341138,5.3129628597305105,5.303477270837533,3.7830554978198765,4.73760517699424,2.0320014996659648,6.38956512174987,3.84398111049175,4.948015472880531,2.8599598680533314,4.12646960080764,4.580613269723709,4.983063729558755,5.719598773283768,7.15861262522933,6.099066414154034,6.443246814719368,7.169156164914707,5.8545618222840465,4.944939206571507
ENSG00000000098,6.513667859382583,6.609513928942485,5.972848756949053,2.8180586044458455,3.737809770358029,4.587718843954274,6.169431531103849,4.967980371394161,6.705302950175845,6.972854943116422,6.798755703015809,6.80831084672043,3.444509143011923,5.723953249183664,4.088706438566875,2.526400502961202,4.568793301916246,6.987105448440877,5.691113015177695,8.026714057408839,5.265845217902167,8.671704130389362,5.266281838275577,5.033720444230605,3.0809148681177554,6.665844110439152,4.246812306589281,4.02942854088691,6.921845845643858,6.7373340031939355,6.698077050816019,4.456713298917529,4.923536202042123,4.910218403456223,6.173777271008597,7.330347002741345,5.55221983279761,7.962336628036038,6.345791627049592,4.647800908828373,6.243067109193462,7.55891041806316,7.997433475012001,6.7803370168986214,5.038511680486999,4.674960118916119,5.864104255342086,7.510961742906569,5.650653683321678,5.681797807803217,5.077096781475638,4.508163406053181,4.756798240034123,5.203138977868295,7.577149994359734,4.640429332203797,5.078918113867071,3.701933509390237,6.074946599709733,7.050018768077424
ENSG00000000099,7.436746768935134,5.305046787043565,5.861531424918853,4.769674516744943,5.7920280195417835,5.470947728748822,5.087396580877231,5.206630538415694,5.6778834250904735,4.558771347731653,4.63625481188295,7.561043020507331,9.065820153269573,3.193449577198934,3.110793193435912,3.5642707582877753,4.8450673774421675,6.343670766555886,5.886879413072408,5.2580467051707025,5.793403320436848,3.9618707650574456,4.633815842371072,4.969858177436305,2.623675491692221,3.258034692916106,3.3176509080835115,6.146162335525662,5.368032422858625,5.916591800110915,2.2405175152963035,2.774649970922595,5.994823160384743,0.8319955375009238,6.836944036399707,2.265024284715815,6.265017337887468,3.667123062864556,6.573355572757373,9.812241370874743,1.5902335548183117,6.043065721790972,2.2877559296093906,5.640153383326256,4.689841754672159,5.194673483692765,3.6324705855076447,6.17081166424475,2.8274632430444284,6.86245589434811,4.386124540084726,2.8959639838953657,7.392405235011047,4.89898602078627,7.861453955663039,6.8320341939700135,3.8027814428203475,4.872515298594877,5.181556909495361,7.289454799979659
ENSG00000000100,5.6562765700506725,5.264438931644689,4.700180619352539,4.924164446218041,6.956888128517487,5.005558026196211,4.407504093052738,4.153239251579469,4.169352269245757,2.8968560059358524,3.8744370375102815,7.247630413475485,4.690101109148755,6.056617502834148,1.2818652231487484,5.852466963448819,4.757970943446329,4.277839965664237,5.2714399361316975,4.256262119281958,1.814187620167466,6.383371911757906,5.364526342022289,4.529086317878222,3.550721941891344,2.7952137258392975,5.335839060602086,7.420161440338038,5.304749715111558,2.925857590860761,5.337675090557604,4.919985556629908,6.296065439111345,5.91009976611759,0.5212661988351146,5.8178633066426855,3.4947808857438742,2.8674068878269514,4.717289884439654,5.6164566635450175,2.5388980845697633,6.056864625586327,6.1450082712973995,5.070464294449247,3.698564554659427,3.530932993716062,6.538898197370341,2.7331659702561426,6.596705691228768,4.752201261304345,4.856248250535715,2.4378684418800125,4.77992505480712,5.920378274017064,2.995384868222028,5.747953800877768,5.133518380518534,4.0343665792515395,6.282009629736956,1.6966148465321658
ENSG00000000101,5.520021123115564,7.429152737109939,7.159914708650993,5.584710080807784,4.547478835803731,4.046296165178553,4.545611309141537,5.815710871876859,3.7891342918108757,6.136135727075572,8.199740777004987,4.907175147308908,2.983407795075042,2.9828828805253806,6.164848327567364,4.910380731559335,6.31524634409608,4.199548626260976,6.245935321309747,4.762551239825412,3.9012439170140762,4.398502281796423,3.204418466865145,7.984039337872417,4.855427279662269,5.966771133023294,4.194696300693801,3.422108267030265,4.649179233623097,6.651788800068798,4.218902312902575,3.6942020409058767,5.233196366553715,5.748533901076616,7.464272253279774,5.530625717558742,5.965989017796852,6.078912855380483,3.2704769271010545,3.5550018942956836,3.3741555655915247,3.0017813664625317,6.193189812305605,5.435075137495633,5.119244094637175,1.110925226896597,8.083215287927928,3.6585919937696665,8.077719133908436,2.8261377790230258,3.7813982621651947,1.6957259262355553,5.543187463914046,3.3481147687831516,3.3904997688524685,2.941228674238404,6.166032594106794,6.067195477351321,7.718050836618178,3.97144006839054
ENSG00000000102,5.3282290565702,3.065997203897073,4.4974414658970225,4.2217320300782335,5.696674936243131,6.525532709627287,6.48660003624725,3.7357815916735837,6.4977018569344995,4.933872294338304,4.513104656154478,3.9372327697716223,4.160096308457672,7.61347076929435,5.461116149741035,5.261917771251808,4.60662971219458,8.668967917157042,6.957515733269637,3.918406827801811,4.5895774179430635,4.678633184943634,5.218807967423899,3.9481610110528473,5.658224785042545,7.178132198058972,3.029557836493755,3.3077798943618992,4.27526216705404,4.344806659838255,7.997698812118896,6.502563830022258,6.416483528177396,4.603451459729899,4.570529889819779,2.822441879351902,6.172610342071726,5.7365819072131785,6.928996047017425,4.683755429965749,4.787331280699405,5.255068292840954,6.337846363260644,2.7946765668537816,6.104084200607562,4.969256656740754,3.4120440980694555,1.8730913710189003,4.79528943218247,7.171569474911105,7.512027000112092,5.533064316005144,7.9430084957633715,4.935588375564882,6.429955327464172,4.323153666640359,4.228101741073777,3.9837363246790454,1.9092065793135313,6.930638389920367
ENSG00000000103,4.037551341292976,3.7978418303672052,3.230042477580987,4.693460845195576,7.645238465839614,8.140668276234077,2.5086996862968753,4.468328006035576,3.4484633448594524,6.482506611817279,5.42989032094089,4.045146008930248,5.108859620886529,4.283872067888437,7.421369141562345,5.820439272524058,6.004735131374657,0.9996237829506538,4.899816981756784,8.124816438588551,6.989193605055027,2.229365621119545,4.529861250974609,3.197720801121918,7.566652340544305,5.366417423413862,3.848306660402846,5.051236915311184,1.0889517063972742,3.3725580448151353,5.054665588739464,6.2685130526799835,2.0880288191039886,4.428267038446356,6.5145286077782325,2.822820013440092,5.343774252176259,5.098961754659006,7.571570480534904,4.654795710332544,4.742599102437395,6.282439629747032,3.0104769979259833,4.668675190173712,4.316412483739234,4.791632280942349,6.272609673444257,5.831242227623259,3.8769765372069855,5.205048804990819,7.235662421150786,3.752951451804042,5.217750170595519,4.710258984592057,4.905492476244834,2.554013566625899,7.116144281468307,3.838472148667725,6.539107955230299,4.067935087928733
ENSG00000000104,4.061743022156359,6.8196848756982,6.4908269052168865,5.312998848445974,6.1417258247094795,4.5671708296154,4.987448558421665,4.007563411304272,6.35609742395039,3.9598800032489714,7.2277345174067795,4.526248747520263,5.030762846024501,6.138092030981501,5.035796631784373,4.553137528572035,4.9549648282872925,6.340727530336376,4.005721666794942,4.810644489090103,5.015430091006213,6.296877793291484,4.850231939192845,7.712448641740583,4.765192133427357,4.64347454239208,4.743451817573402,3.0250378570129848,3.4449097298619726,4.20399966539136,6.7037447732751945,4.9503109109569845,4.273033715576441,6.839802118409893,7.326765699338392,6.88307369136164,3.7203650041472636,4.257127069709516,7.720604105472079,5.361709538000033,4.598559402655882,6.077521941996256,6.510948601037168,4.142825643607603,5.329159937929897,6.389840103825588,3.2595692810602204,5.01851818613921,3.3284155204239267,3.5246292546097835,4.155349883779544,5.715679306819205,4.516966057042798,4.027372812547391,5.077331844987439,3.2795559076003555,5.643204826750865,6.697080142937465,4.881193938517983,4.696026510049688
ENSG00000000105,5.560160529823354,1.9572958717526827,5.805226184896801,9.652828705617296,4.81598566832792,4.821312449425504,6.115410500149525,7.467999002296943,6.462451766651203,1.7665896821246743,5.84509825649412,8.857895217862513,5.933661570139198,3.2680971300923756,5.422744436627921,3.0789691229883998,6.849205533903289,3.5661761179581117,5.111365452038035,3.7133299970122287,4.180327913678013,7.229225968790742,5.155185747340546,4.16119628941142,3.2821580436699156,2.1924477704008454,3.1230790497159697,5.167938862166567,6.470350653083996,4.159472761366699,7.355815401078522,3.9237493666576597,4.642982415680181,3.3806349194941223,6.486142601851784,8.146265921066853,2.3572745585957033,4.480756897047953,6.8971697705750525,2.829581717861598,5.85002586045663,6.832208300311356,5.117343221535256,5.825394606410199,7.641353579191411,7.92263983115172,4.907049180448276,4.20143322605115,3.6200298333894554,6.465446225643069,2.9423366633135477,4.621138943013197,5.154034656431699,4.2454962309218685,5.419730397528686,8.846769977439138,4.817602114480186,4.346891558858916,6.522997736572779,5.359375466218283
ENSG00000000106,7.159003656817065,5.247031429729578,4.62736518804345,2.324412667858167,2.57039795928239,2.246451964359346,5.569008749426359,2.9566257801988107,6.883366048879075,5.045369847283931,4.633719621347497,3.734217387193493,5.93338812240531,3.793253270686383,3.521932993895179,6.782524880908023,5.531931741162534,4.647605857627592,5.962149477100575,5.013397809666048,5.574519725677526,3.7747281464368174,8.105597913365933,4.130570048485662,7.334024490424966,4.716696726043286,6.210645673482444,6.101335248539205,6.720277632725068,3.7390644392537826,6.613453101918293,7.769659776367161,4.611960531137214,5.052059100713183,4.214830036279769,4.48034562172235,7.567134198398736,3.493648210804694,3.586821767223842,7.416351404621565,5.936822638832544,8.180555373563786,4.32434204326122,5.189421705856354,4.0089845843422935,5.214951752971544,2.338854954073544,6.0274318349825124,5.485211125238507,4.913668006301122,4.4144535131005025,3.6578690189478507,6.091569368049142,3.24336502144489,5.767843868073864,8.111677092214187,7.228282232966447,2.7423080859940203,4.194892909485046,5.632176110833006
ENSG00000000107,4.894577116978475,2.9008914225763682,5.577973927210237,4.984974657325551,7.871488112905673,4.62015694607383,6.752005077989886,3.0993673953050367,3.4579860531552375,6.082492939714235,6.625596170911062,3.5639109108884117,5.036116109725867,2.927631239706383,4.728170260541781,6.255384178436189,4.347562251295782,4.626447941084296,3.3053069025559223,4.027462379562611,7.637166374321508,5.1093873375757,3.4965383500241027,4.527842075123012,2.603858568250157,3.4787604617896815,7.04050960856968,4.786276363420092,7.836095264151809,4.8569782422559165,4.946031955712756,5.961341237813185,0.9911186266708982,5.307408985480362,4.926520267908573,7.229058340272721,6.4470190912454255,3.299462471679799,6.863207927941371,4.606528211628508,3.643320160555932,5.295654876306804,4.695845966504272,7.307697971042786,5.510933042736815,5.308488381329009,6.35097062428316,6.639307427139068,6.175407641445949,7.129195209222431,5.913023619370683,5.251477197090053,6.858758093132044,4.863655789876792,5.049869774516992,7.582365375945372,7.432886191932846,4.9877362896150155,4.3196726340415745,7.194760250312748
ENSG00000000108,6.200627536872821,5.473371881296044,4.517190934715083,5.497544868071891,4.967437310168446,4.003492730640506,5.193563492880853,5.3981360684594115,4.4369073996196535,6.355738532914277,6.933248588466483,6.4548465404831195,4.585627422179008,6.133732256282558,5.11694209619006,3.1463810321510723,6.009094067746618,5.219197461435423,8.890322003103961,7.1859062949178405,6.066725235401786,5.373755751932269,5.245583382587027,3.4944658945503386,2.3915191592001337,3.6911613363776525,4.9284244727443545,1.8416910826865238,4.183517311590876,4.628580450313361,4.676860169771813,4.007414602717783,4.487729278427899,7.585840742185793,5.993217922235905,4.159548834652775,4.897478317457055,4.9575299965215995,3.8480668493897734,3.846304673384218,6.515786030490069,4.370323433724776,3.3579554194536927,4.935289483895836,5.177014629693685,2.040943663709247,4.93888046327421,6.301969901522391,5.676844078282749,8.344692672792457,6.876664223468269,7.17340103712628,9.20012890387149,6.137234392661897,5.244605311899051,6.460610440146998,4.1611453499075095,5.1615294792424535,4.028408535382529,5.596976836344322
ENSG00000000109,4.02213636797027,3.9696072502074236,5.620209939658257,4.793432838829149,2.1087182964248794,2.8166646180318655,3.279100262807805,3.6755421408290383,5.621634994217957,5.328408270607454,6.597919057548799,6.129202734412656,6.607854434273987,5.912594287188685,5.3145189636372345,6.649027613431484,6.379119187610149,5.564143051330987,6.906607806290213,1.481317636244905,4.564305238789325,4.541314301522403,6.729024316222356,7.357092495426154,2.8247309446846063,7.116750761223914,3.2428322209605964,3.288177131658766,4.648571446508953,4.522690291801123,2.6623740804246854,5.974816960238851,6.019103637089903,6.581062394245506,4.349817005333202,4.940625927541327,4.954359252646036,7.5319931622026965,0.7486328260501727,3.564583476516345,5.008311264187697,3.3716446476267454,4.612519464093324,4.810886695445136,4.013470836811297,5.096703389154008,5.94222391663672,4.645600332453497,4.320207899046896,4.751352625019192,4.988845480031616,2.3895206519983674,5.692330876941918,4.3234981558298085,6.892302612216577,5.886580213463712,6.755099606329483,3.4834943094276376,4.44292003821886,3.136312268813886
ENSG00000000110,3.942213186606011,6.878158136762887,7.231235866883742,3.27780005779331,4.312583497524074,4.8857064919640765,5.878408462714672,2.360284604695261,2.5954998777073426,5.734439215808604,2.0764421466231133,4.329803890791695,5.243137712838261,5.623498954899676,4.787422856684252,4.451364921428704,6.266856289574719,5.427808889548636,4.02947506707281,5.056584345023357,5.574753533984289,7.577355862177072,6.179485502437369,6.821835283930915,4.084088905550555,4.213725640617496,4.6469300107805145,4.784641030042754,3.4879625632956643,6.898900439835227,6.325027456638188,4.541483208047739,5.96256597352078,5.334348744505757,6.079741971397062,2.983539314711555,4.7815083902038475,4.912942208141307,5.935463149417477,4.0573435982268,1.2501039138764056,3.377450423475619,4.908428021433639,5.095826338254997,7.525622183937477,5.874119660987149,5.122295418847234,4.951413084827844,6.656275073254539,4.114834321763842,4.789574318389102,3.366112819792548,7.128359073042956,5.588748405502421,3.938715055994081,4.828317484522538,5.764476144809421,4.623921630916587,4.198294067431099,4.018589471023503
ENSG00000000111,5.508442848861672,4.462918581183972,4.319363397855881,2.9959073674168915,5.116460864790755,4.728164841812138,4.517527477037053,5.298156016233078,6.122003394103847,6.052348207910702,5.829092751349644,4.6389945820464185,4.149502496088137,3.434126538016344,4.110265238992877,5.029475142704855,3.820570817521276,5.144085708676164,3.5518149831322035,2.5085121664894667,6.229109181297193,4.2883781069512334,3.744449520164163,3.359229288053842,5.634553962095601,7.062361567201951,4.3953892084907835,4.676654938006127,6.607447759833608,2.2843314434625315,7.950302964369,8.666150453489553,0.9404937058698757,4.853745156624864,3.9215794521956546,4.602842343642899,4.372422395576115,6.2176386477190375,4.831145139548013,3.633639178700065,4.7417222580573135,5.772176355443615,3.2244180083520773,2.530649466545029,7.98911420125298,4.036359980437346,4.793970519620716,4.403306891261641,5.822131556123213,7.6591848846365655,5.869900762593926,2.7224522786900134,2.923814859487205,4.401552837009625,4.5976502007001,2.417073095680099,6.229011380261661,3.370519163177782,7.239952343188634,7.730948895808581
ENSG00000000112,4.627619701051734,5.658458960627277,3.1520791668736976,5.935514489718671,4.252711364848445,3.36914701761747,4.565997517620524,4.301377987391955,4.512260895494369,6.424519854224538,3.822038611046401,7.602534499660814,3.0124105507619694,7.423145409767893,3.4752340671399593,4.998480151195077,4.2647058297829705,4.484406992693218,6.202035854533323,7.249740195843216,6.785787057433463,4.392715501487229,5.27638283360683,3.826883189497457,3.5126745311379577,3.280548641406997,4.343640039523806,5.374408446522413,2.132277260372743,4.930469446128852,7.274037686824287,6.6828666036111875,4.122223885210001,2.904690636075821,5.68974545969724,1.5238576246887499,6.665231173824016,4.679618813175139,7.746950480866101,2.4095517716353014,6.37721933781175,4.849236744778702,4.503424202791879,2.9452348021817834,5.893621860067575,6.014206077165286,7.6776917029488345,6.512075394290888,4.109157006566398,3.494206124573728,2.9472628497164206,7.2098365184592055,3.832738573583201,7.22034480345696,5.7876080612931,5.494854322390941,4.539697531159552,5.991009369503376,4.976793855744797,4.446180062796785
ENSG00000000113,6.044007179972301,4.784041836168305,3.8024978318917597,5.899740163190977,4.904021516557152,5.733365017636706,4.31921021246872,3.186318042978566,7.602610943771413,7.319917116145361,6.325677441892942,4.41828397193859,4.549523040258391,7.073491168844697,4.46925494364888,4.051165945479053,7.80835201345468,4.928483477579191,7.652637992770768,2.902412133964997,5.777277324176753,8.106623898824923,5.044626116988293,4.603993261598306,3.2483721236023704,6.623514581652871,3.844807876038969,4.857787160915017,3.1482465803110826,7.335341900146149,6.7323279660885245,4.952622876180303,3.268776596619608,7.303860573863949,4.4511024094292795,3.342192738773722,2.356822981291184,4.031052302159337,2.8180428162050903,4.065768745215763,6.116613100546573,4.43689975403715,5.533540073170566,3.914998010701652,5.097753599546347,7.881351233129031,4.4772708829596555,5.576644156429488,2.6517091587973423,7.280159183625306,4.284190056582702,6.575800474859752,4.8152295563616425,5.91736904753121,6.006518640816501,4.321339490730924,6.637859653642778,3.8615227040103504,6.1669013300413145,4.414692058750203
ENSG00000000114,5.52433692294809,4.3070104964686085,5.074963962059893,3.3879594474623493,5.371335477033191,5.066281752439379,4.189769668891291,4.917458050414556,5.201006714251865,4.075464420102332,4.806862136405496,3.4916720886576185,8.518599558441512,6.588677990312277,5.409641158447327,6.758169391215042,2.031121284974333,1.1634803932489908,4.4010634073751405,2.9321537845968364,4.645091713327506,5.308484960892348,6.380621747510917,3.2926040235871796,5.599446029240108,5.021584539728349,5.521263964899627,4.220342073869601,7.07470270979318,4.844737027355411,7.661273335255653,3.8144170194766644,6.11424100993333,4.910497279159207,4.508386374999854,5.94847301070132,4.551239781215616,1.0070519942640077,0.40569781523853865,6.908633240426074,6.845387686819544,7.83101141938392,4.973707627576734,3.0610477970031633,4.370624236023498,5.017136773041969,3.489442663572336,7.4728620844608,8.359254319465606,5.7174210510952665,4.983704379952706,3.057549532288352,7.319650844234077,5.11446021627357,4.566253402384081,5.721761133011807,4.121432706516222,5.220312759682728,2.83629972373151,6.630630783878651
ENSG00000000115,4.84338343829649,6.738201290951018,4.698295733237571,4.795700436824032,3.1815238575620635,6.139635459527215,3.6862400689653625,4.270366440201157,5.0015707791238055,5.181836275534035,2.4408545896733616,4.653791201767975,6.19284532796557,4.432492948214146,4.662902368680018,5.2436090762640895,4.811059351179502,3.4542267464185934,4.945480814499644,6.491109755008845,3.423236079099364,4.438277165771273,2.927553014097384,6.412072925735518,4.861462689743182,3.724700549591205,5.138398400214766,3.1945996776568206,3.4497567028093905,2.8097997052223294,3.3998311436639,7.036006375999709,3.900322503076106,5.699337683977218,3.7455478700661176,6.139300618644829,3.4608769986030268,5.0588418916426345,5.079276964803423,8.491708004639888,5.945637931970247,4.11064397850609,6.027573445475771,8.207261705727811,2.5555458642735576,3.73627693614691,4.644653661330059,4.374367659287073,4.500864952505188,3.0436516016101356,7.105934080325018,2.8660871022850714,4.699680785566251,6.568745887641047,4.954722714281221,3.5309087496458464,2.9769865154390636,4.655001205958327,3.8644556512243002,5.307846637554467
ENSG00000000116,2.8978232784137306,6.219553605331432,5.173324284746697,5.284754591528715,7.161615167360026,4.343306752442201,3.911274957900164,4.1783545574796905,4.711210145715113,4.863552657813007,3.7539533950973403,1.9653721204504115,4.158606498681443,5.539738499430335,5.204387459380238,6.799331704738741,7.933229815945682,6.139000657187703,7.0737809636123385,6.15016143839468,7.5648488838910755,7.776280451436901,6.42674775616839,6.059570219636878,4.692151742093949,4.937994078554135,4.493244002974607,5.931877416342584,3.9194779439609775,4.713340685330135,1.46724517223255,7.584634842158764,4.669288126120523,5.683370656004866,7.1866800420671035,5.45044015616177,7.166515553140147,3.1373932817729497,8.596064884396553,6.630665297733149,5.313803738729962,7.137618998938168,3.2470476710159417,4.56707768184576,7.166375594603569,2.199409728657553,5.840686662438207,5.798264239767731,7.953838725233243,2.6255668704166455,7.4144465855474495,4.160793885276646,4.329485810132217,3.16699341956031,3.3682219437996124,5.605283521180883,3.331502127827967,6.110426500479373,4.00555092954537,3.1804492912270286
ENSG00000000117,4.208286280460158,5.505060787634458,4.583970107103471,5.051315177499197,6.044311192754126,6.6236321774254225,4.534857037115853,3.433666976635762,5.114141718383775,5.705974379156108,2.808912041042074,3.6640875544886224,3.9212196560555888,4.688266716919435,3.8584491445598212,6.0605610876453495,2.592300197812374,2.630421954208363,4.499166782732806,4.736520793790215,2.8180341907128446,4.0898767360286525,4.398434273871366,4.410053079466781,5.227822224933937,4.007631673364657,7.21675445001241,5.732306959600359,3.789329719038017,5.14176724005136,5.186022977908408,6.822082211746672,4.099426356625473,6.15100804658086,5.062781713673717,7.237349774673149,6.936337178959112,5.2954689568889,4.606576068475909,5.759908864519184,4.729324959309251,7.520460658967503,5.117705117265518,4.391536051230744,4.310577370889112,3.1804466222019387,5.834838692139984,3.769983196040746,6.64722237828162,3.06059741899764,5.190862173459876,6.725335637746181,1.7716294030645456,8.027398315688279,4.3620722042028355,5.211643073243209,5.857173838274516,6.08919358417333,5.4108259073895235,6.4960768755595515
ENSG00000000118,5.778606069382719,7.641321710048455,5.783491314281896,7.946953279824631,6.351618260356484,2.2913748113476062,8.916654017581761,4.138483837284172,7.243316022802603,5.040190164679157,6.591635386403869,3.967281633701309,5.938616814634382,4.620214181908392,7.368504667384833,5.658002251125514,6.403913961952349,1.7538846927903946,4.871640980317062,5.615827452587443,5.335422359659561,6.441735820576776,4.451143632293818,5.073180657551946,6.771840146622488,1.5819664948319647,5.884025752457512,4.49917276100967,3.631522813169568,5.50481633641397,6.841176945212983,6.558715747226271,4.797330453640057,6.313611445641423,6.302101847668767,4.86894309426025,3.960379172017688,4.047148953316505,6.2567800233022055,4.936779779430964,3.4307266704041175,2.4727057467363127,6.247747178144569,4.179832366603664,5.495581633483972,6.859560360603686,3.036613284719772,4.932293929230733,4.743958780671695,5.5696143134419405,6.858739997630652,3.005822278006388,5.8546969230586505,6.547285662490552,4.720434404064826,4.793829510660315,5.627674053477383,5.517225616834683,5.873528911050684,5.841920789601825
ENSG00000000119,3.5270415415765233,6.485399746557415,6.750174743285357,5.279124340535447,2.7587670401754996,4.827881440999864,5.291608815410853,3.2830996433197743,4.4597929046344795,2.885945918662187,5.910938337479666,5.248932972353077,2.5313252527786334,5.527197292372971,4.915236578914564,5.774621424131607,4.412701349366858,3.7977808988854638,3.8437330603132898,4.192744675177393,5.02823764487157,5.221937698137188,4.713920183287846,4.365020676505221,4.472895097991778,8.761587178260399,3.8439122727526867,4.163041987180711,9.940781162552222,5.6315199536908285,2.9300290011444563,6.264030805965895,3.6349416661982787,6.3635922617076455,4.683556580943978,4.340306225765889,7.413747453241374,5.849602028988867,6.459484156173811,5.652379519279919,4.333333214310352,5.917031630387312,6.813823089026691,5.20210706527633,7.7024639065197595,6.275730804802863,5.317973824657418,5.377229796526727,5.205855693451437,3.1231418216075126,4.864891706287092,5.3317797280117505,4.375872318100207,5.506515528057042,5.031961235532667,6.160537836648153,5.994668571598597,5.250729931377262,2.9491806630470023,7.686084108021756
ENSG00000000120,4.787163502143285,4.878670319457302,4.486218726950918,4.267382515901695,7.316087072000786,7.07906648057912,5.666590105366506,4.838749768353912,5.92867697752063,5.110695472654059,4.714665622515351,5.507158882259495,4.338263379581833,5.378396396005149,5.3063313884324534,5.9044040318868865,4.071294563786587,6.065204529314811,3.640532760574242,4.141150022568142,4.206612411281384,3.3919223414394826,6.523493425078494,3.546421285715304,3.9516254938899924,6.883111565729963,4.144125947219524,4.717785972292855,3.4819564986251965,6.249426811434027,6.270104366286597,6.10841885618517,5.806294742290915,5.110383666529215,4.213434999593023,3.7775460400009684,6.934858290142506,6.147206407589885,3.9600436591993637,5.059747652334702,4.54982736052248,3.3076839414413746,5.266477064931953,4.376761003641207,3.5711950005564717,2.781301168787357,2.654294749691493,4.4428608084580405,4.872357544362626,3.687048784756526,5.976109141485842,4.901680187325557,5.865327965897976,4.725633814718439,3.819323547189341,5.171176356707921,3.1059882319725163,5.809157780954972,3.5942761902302993,6.377348789800173
ENSG00000000121,4.492316380637128,6.593800274464876,3.316065217117527,3.9833454489067694,5.571402420272856,6.755745640140133,7.499913362472383,5.062049245521309,7.756618446180134,4.5655031752618545,6.6481514335444585,3.586728504561042,5.630300760294881,1.4874604387153316,3.317613482520314,5.7000151971211475,3.031341721699215,5.640424416183777,6.359687181218545,4.248019710922583,3.546570566488703,4.288720076217892,3.551281521223722,4.848179662976124,5.153135937332123,4.540984815354787,7.511538860280233,3.920894270469537,7.087149768882968,3.4381411455318296,5.109166354912324,6.774658112822104,6.697035728379976,4.369613153449647,5.832604580107017,5.631768625496339,4.19009123211089,5.923924905722111,7.793738258078559,5.707550997593946,5.849534568606006,6.008232467301061,2.8085350889672895,5.690337009809434,3.474860637742209,4.1151695889533,8.242912671782754,4.620107585511785,3.8897388435586593,6.728873868352088,3.5784844957364346,4.328871283715484,6.87357825197925,5.064151347961939,2.657604432310206,5.815984421483929,4.405301176930237,7.309777229795367,4.0907195785488,6.576838960588889
ENSG00000000122,7.663547048548571,3.7235851642826443,4.710180468862711,5.582937911216676,3.7139813711687384,5.405442420061746,4.662619568741012,4.632398642609952,5.0734075890621675,5.106897073367846,5.24582115361406,4.101760481814823,4.16724241347537,4.822118616762754,4.932863538146307,4.341725990080075,5.485909463129027,2.277857376987205,3.9043006116365726,4.580108260695718,3.7158272194540927,7.443797022213337,5.028292770087427,5.265154517338855,4.275153938051809,4.9763316194405585,3.177119803545899,4.7452744458573894,3.5944873571063662,4.583894622865756,1.1601251505462542,3.3079951873347113,7.1958896067715,6.245596623661314,6.978559003872847,7.081581904506386,6.009481136246716,4.320696971931297,3.4441235806015658,6.720116908174545,5.096851961581086,8.74103422457286,4.452353035983869,7.95934378217072,4.764812313956367,7.004072895888051,7.545037605848682,3.4655751077289314,4.272502882563697,3.450531161452204,3.1550832676126648,6.000600275787425,4.705057444626467,5.078549484785205,5.83435870245992,2.213919749427628,6.930149005935582,4.476358754990124,5.798601959356786,5.931069258842821
ENSG00000000123,7.056194841145761,4.842713918325449,1.8145438114356038,5.085691420180341,5.301060287242402,3.448608711289824,5.221235981649408,4.458472347910562,2.9858690760762343,6.007227342513926,4.154412273653306,4.3904311778943965,4.3061317290693735,6.85321789619622,4.938625757339912,5.118649730818732,4.339045768420404,5.694300233382358,7.023977072676008,5.97179122622976,6.030300442002284,5.909345308826518,2.9296360350332553,3.685821752451292,4.6925189096013105,3.911203936260162,3.403194462866003,2.1917363886941392,2.9802061802987883,4.615211663986099,4.895860449771673,3.810419335804137,5.118387819024839,4.3492495386374355,6.635860381060772,4.757561353962744,6.044496322102573,5.304820643442039,2.8968934411339173,4.864012736394237,3.1465638510069747,4.837818742674618,3.882303774153966,5.572944550227213,2.986468493800698,5.0220527379191555,5.858623373844791,6.361393353963493,3.8537483631736658,5.026626458310763,5.2762204593673605,7.320689419314152,2.7780049088747947,3.6333461823934265,9.20669373910412,4.590354074066038,2.1635092851450883,4.126174784977751,0.8466901678034569,5.36138106868423
ENSG00000000124,6.2146771404173275,3.63250643574687,4.29391411662274,6.385481233053369,2.374676802730894,3.0176431817006817,4.657827227426541,3.8714977437997726,4.5591996537896184,3.104374520890217,5.321470228882261,4.776150372230017,5.823785741349549,5.300599250720438,5.310035108744035,2.8305389682048294,5.7388873274673085,4.503700397293337,4.7501025385255735,6.572396564586215,3.920846665224657,7.026776492688501,7.16671294905964,6.129176656046558,3.5290687838488672,1.7205601315596024,6.618252371389912,5.16707759199662,3.8822037937678067,6.760343515633404,3.707661678683286,4.363767112653586,5.787335546475491,3.329595752577684,4.835778635589399,6.633705775870042,5.316666115431695,6.871139505235521,6.700403537008997,5.0116075016324295,1.4948879354639175,3.34134155717704,6.1450011685767345,2.6746228695720693,4.509961117119575,5.507720920533549,7.204356043642266,4.137470455318379,4.034768436375306,4.921331350256749,5.526369454715153,4.768629758905859,6.573902523328716,3.801284250457292,5.1802414000685655,5.667819065370528,4.399650785141215,6.25956490483995,5.2234378118635245,6.183268569728411
ENSG00000000125,5.291156162073248,5.564606857230842,4.051412364725967,4.053842442213165,6.836594719893165,5.953265666780498,3.4655522506663976,5.271295136982247,1.4393359196968614,4.139089754450875,6.441541514929859,4.8122816169332605,5.176869004499046,0.475428130219683,4.4116195727957725,5.507408335740819,5.697934813097509,6.443533567001547,4.684613372339857,4.751516281063776,3.0018238558852066,4.693217691240203,3.107637406403302,2.2281948202918747,3.3722309448341328,7.263027361705957,4.594158197730085,5.329816044535049,4.229755623202916,2.314173470822154,6.404169687394561,1.741702790216617,4.167810984812513,4.9180776787249085,5.3457344651447825,3.910295593206695,2.2430577754175385,3.7983600614968425,3.876863018570506,3.8403597572673798,6.455087885311405,3.1795958327912865,5.451468911657238,5.2374455558268735,6.440682616207505,4.800302192394603,6.186696450796338,4.741669792858853,5.6515887898772,2.745588369129139,1.042582885563337,5.56632028034878,5.646774689058844,5.7132534997278235,4.212601227867982,7.234583378315559,4.310183276394467,5.631318529508555,5.891954337506117,7.5781102396236655
ENSG00000000126,4.52445557031525,4.020210640656271,2.7527819233770154,7.328550509993709,5.63211636057281,5.679591658841453,9.67505636198588,5.487567111779449,3.046517892349952,4.706144637510536,3.53782638672702,4.406197408125841,4.396115595868089,4.1194634133994255,2.9100762419669044,7.388752450508444,5.448272066657591,4.661791947949642,6.136456744273614,5.706600912274086,5.413536099113071,6.02749710915024,5.200902115637985,6.005332185487387,6.129668451316663,5.244078102549205,4.669408259755826,7.295596702180863,4.28314769033985,5.586970400641019,5.6208626161085995,4.0856632216045465,3.78826642203276,4.469221968695224,4.261674720236588,2.812804157541702,4.022757376221087,5.399334476951843,6.898915376222898,5.8315870027604495,1.1006982524446427,5.961955572135992,4.162772321156424,5.679620112031644,4.978797111184058,4.710968560869758,4.846646408056788,4.96636353759533,7.016607458135366,4.970509719372369,6.628304199771801,6.409858798768486,6.0005683213754795,2.320071769805484,6.67494898424241,4.313148058796618,6.073590921612158,3.54120075013938,3.2223889350451165,7.964583105246799
ENSG00000000127,3.564525399742829,6.719159958577621,5.177630482154782,4.369819912459743,4.932756673504691,3.0483582552030333,4.979368430586154,3.3758895291560607,4.406834308529022,6.387949345954364,5.381286014836486,2.776744251679218,6.277232190370805,4.989350357136286,4.186722097385992,6.120014455863396,4.749189744534497,3.2515079901414308,7.771714567174406,4.974068835663519,4.8779221932766745,4.392342242404115,6.769948609186384,4.2126822377869395,2.682530211782593,3.9819835071560323,6.990161900682189,6.248198242185676,4.617476521010208,7.059882712460711,6.121913343232824,4.60011595454809,4.751135217348381,5.493976597918151,3.752169575504276,5.006757598264026,5.462770046919935,2.4695506420871904,4.716019516148153,4.545415721951468,6.542102029940484,2.233254509283449,4.427740970444434,4.27736802895312,6.440106445882401,4.934680145952661,7.694141968478554,5.9933200728595795,4.384665508715721,5.3594880448384385,4.468896785945812,6.28909413573563,3.0017034300634817,3.7644560351429996,5.683534877832382,6.838634673085432,1.6970471057912018,7.061706823985624,4.789797307357991,2.1741875570942555
ENSG00000000128,0.49740823716599225,2.7059209012875804,4.970442716231897,4.901152943286673,5.949800652063965,4.175769233658555,3.3379391803307437,4.380370418508661,5.050415430367366,5.346159192432916,3.8162529510913914,6.352170050503039,4.06790484241395,3.695423956512644,4.186412735797565,6.61226026355391,4.800805320589011,3.958229745395342,6.389161625672815,8.214122809923118,5.314523951463421,6.85076369129815,6.554116925862184,4.091540372512501,5.039951270714349,3.076183055444019,4.692586600457547,4.0607144463114135,4.395671064236548,3.875157452929495,4.569354787706649,5.798349029397372,4.820762134340007,2.2034402033669216,3.880819152652271,2.7209009711626218,5.3660903389726515,5.754976046081281,5.384822332781248,3.818893410050919,5.370280893696824,4.294828616346687,3.2926618253746214,6.112894879563395,6.227041630585658,6.423343221625259,4.0874770999513155,6.769043469039618,4.2596266230078985,5.980251982307769,4.233631007349987,4.664026754381344,1.3682332139162157,4.547130178374626,5.136634950177541,4.384925573954241,7.634282102127709,3.256300872012085,4.1546281443441115,3.64269108502122
ENSG00000000129,4.154334531506793,6.547119594411058,7.217047691490445,3.9488110836215875,3.915488685915195,3.2643070271091275,6.959428079778955,6.681506610374454,4.84102730001682,2.9058512055396797,3.040006151815622,5.255944175576889,5.824006877669748,1.9007827924682774,4.518035134193176,7.427443834336076,4.673736190054572,7.234457136185936,5.9735691934335255,3.3735805987469636,4.560993059972216,4.806958642182946,3.5712326478597403,3.545197965783588,7.260152888177841,3.533959070460573,6.61765411461302,4.345273282452475,4.961541005175241,5.842766627357859,4.102161990642982,5.8518564702418,1.9303554506774268,5.659561082621956,1.297204813142546,4.659729909952314,6.281364477977737,5.9334429590875635,3.0523842815570883,3.2455034058597247,3.966991939516048,5.279323793537202,1.9521002149344449,4.980164636227163,5.467144060700097,4.575444228693525,5.787981452079578,5.335586237489306,4.187518610901657,2.095715959610765,5.200119622356234,3.570386952155033,4.132486062707682,5.718686326944629,7.126000075151527,4.9429098148369865,5.831097254668806,2.8332809882706638,5.368285371492552,4.910141093484256
ENSG00000000130,6.8438413709392725,4.1893122859568654,4.637543574256444,6.588221700699192,4.861949311408026,3.336737928069097,8.827449909935185,3.3821108549948997,4.902949877675715,5.520032234038419,5.401426263546671,4.715384443990402,4.722859444210538,4.647602200568067,3.326099212112942,8.225328821634093,4.670013623429934,5.895396489234644,4.498020713477592,4.467854491466775,4.316834505995525,2.675231318016124,4.759068289818846,4.389488518520855,6.757286763777166,3.204949823623227,4.134279233667717,3.652339299868877,7.163795591017713,3.695887332717993,5.843449767089205,6.45524221010897,4.780815632876887,2.9347834985892973,2.9537692118544645,6.28964609719412,3.1091089718002136,5.588039916589868,5.171523664730895,5.5656987264665405,5.707377211768831,3.5994938233731473,3.536707731477888,6.072390701150604,4.0559830841534055,0.8747772619922773,5.973132946825797,3.4456080678968477,5.70070381685788,7.0892327739754535,5.025143685892921,6.493648747495296,5.230696520804303,7.381143992211721,3.4068393368643406,4.987677529375265,6.009742407562201,4.714382364484932,6.728328494979005,4.351940690733829
ENSG00000000131,8.104056727443332,8.183296256408369,5.42310799434095,5.8289017705319255,6.787507153436956,3.21920390154895,3.0319999781333142,6.884628370786452,5.410982709309499,4.660242131030316,5.016684954321741,1.420937791453896,4.714156528314498,3.8704298912101645,6.377107450422623,6.492546167576009,5.8650203511948655,5.593187973198712,2.7539798769195984,5.8859646199953115,5.944096918285076,6.867788980653096,8.177314718645295,2.461158989642587,4.41728476157268,3.886600044263533,5.258760782577611,5.020102787327058,4.648876890379782,6.54140654210176,3.3478786832288243,3.4383177989110907,3.4636620933529367,4.45950861886102,3.1571146761322306,4.9271427668010945,4.7517647080537,3.82022732900138,6.310649381084294,4.910749207569895,6.593971046047706,4.7074252231933515,4.963707667652968,4.155826392977434,4.989430189196773,6.068346959198069,4.382998651594553,5.777617943801997,3.7808795584313883,6.138575848283314,4.130141259032109,6.277519809843575,5.091464813650497,7.281430600086595,3.2688984106186867,2.7857348400321977,4.075674131036649,2.92308357794853,2.9258976583575835,5.932326140689814
ENSG00000000132,4.993731809881012,4.280478534943612,4.419556104041852,4.104143503510491,7.475553751728565,3.896741438535445,3.016799152875051,6.194075926229492,4.676366564978268,8.058160533226829,4.210691541808797,6.268976269635188,6.623295995898958,4.217996251696994,3.8856188481364464,6.112049796396357,5.862337876870896,2.88408484893361,3.3073465455429187,1.195354992577992,5.893080280968204,4.607259210296382,4.756774368537077,2.4628338534472203,3.3528464703660106,4.283061631148651,3.9915115997782684,5.176754113276447,5.8752021899477205,8.404418853927796,4.969974454953612,6.673103994645419,3.755040834530338,2.4875805275369665,4.471547529934813,2.603417423188638,5.0220097507536545,3.8293188132370024,2.068592919868122,7.6040377187902655,4.19365743034193,2.543571045583703,6.347257685760934,3.9070784561910723,6.635249050535993,3.899908497982926,4.188653464605804,5.51724756421557,5.889829071056165,6.152725606010898,4.865388291906006,5.792925082331875,6.118442910385131,5.300853707850274,4.786012830103556,2.8320575776533046,5.898761235169983,5.063260548711726,4.379576221473939,6.91664954538749
ENSG00000000133,2.8582495506300267,7.466054473047329,4.9665900820483015,5.476277267754347,4.407433828204594,2.4993906312150047,4.790585152301331,5.502117360339189,6.014338169603891,4.702950202341648,1.7111902381933728,2.6875079831260615,8.078029435644941,3.361196024341827,7.140574187358813,3.598869893873607,4.726316135408199,5.937812389399856,3.7697083301286893,7.388322703638581,5.113592537102616,5.691276269449505,4.598589487971311,5.9880804305256365,7.368189109774794,4.803071093565179,7.594569186123854,4.082606287431323,6.146144059027565,5.733671504364575,3.397126890976446,5.3207145569559975,5.011048906775559,3.7202117355847326,5.537003651291189,5.219434319162777,4.891119579039175,4.897133796411973,4.864984611614571,4.448450568130509,5.209751142522473,4.034128681454329,8.985214237205,2.8860001318020263,4.122895884148312,4.241386843134589,8.060740121486806,3.019798025033751,5.638883446979165,5.37259109756981,5.500403457011822,6.85451474391641,6.823744039620633,4.323564760219824,5.2910261742409865,2.203846951771784,5.148639512782894,3.8090158582521214,4.720426361059225,2.4719422027749576
ENSG00000000134,5.607308430078613,2.455146956636588,5.222426910187379,3.160241610466176,3.7255384472961732,6.732098153817744,5.881876918870433,6.723804706505814,7.339590698751936,3.8407419392903526,7.2484574936613075,2.801741515731648,6.119150501817355,4.259993428100043,3.6045497860410256,5.921704800956664,6.41742728775382,6.372902579969817,5.322289833342188,5.197935951993858,5.790299878549853,5.455646113275787,5.812033759378971,5.305999191666071,6.264175736759546,2.559188290174358,4.80308978737042,2.9242302592316207,5.415053026407327,7.462895263780546,4.2888728270795475,5.190878045445823,6.1347300723824585,1.898415602350213,4.216834276783718,5.546773488909276,0.6545079115140875,3.534787260387543,6.651286960071934,6.504495350676088,5.56147734105515,6.323296459914766,5.322656351632196,5.833092361163472,4.526519436739079,5.173719024383139,4.051444420376266,6.8952250162734705,7.282339114253302,7.06986920104561,4.387836857483206,3.569338940952369,6.915460491125245,5.815860803887119,5.492876512285464,4.049551872582281,5.638495718955148,3.3720829105070975,5.951093534118548,7.068330049409315
ENSG00000000135,7.446568315861929,6.062786081164724,2.9269676755683176,5.295995196419033,8.20952261608657,3.6970826143365736,4.911227640634674,7.120286527701466,5.925700883110379,8.720234486727657,3.9006959251571174,3.5153663213887674,6.836188153752761,3.206182057592696,4.7048480167736955,4.901530182710635,6.553984210078883,5.92140195203787,5.685597371265294,4.3963536831475,6.822506028622914,11.038736064090896,6.036923148384374,5.149508311320255,3.0532055435117593,4.04377782602427,4.6794346490790435,4.198099639599301,4.975883248209728,7.667024115210932,6.870750376053851,4.761750925297618,3.187580083001209,7.00605146435362,4.9264185898079536,2.4102493615964673,6.068645177739555,6.538530026350198,1.3611373925979964,3.763168036800645,4.834318983038429,6.101766366962926,4.226380123063743,3.7517871470390953,6.0907538745204235,4.297516440028762,5.813081975823046,3.332726517538114,2.9715004711454025,6.132903736355596,5.3787798654758205,6.383683599854311,4.201110498617838,3.8073420462803824,7.041078331311366,2.715561854008295,6.877191063770937,6.980757061223575,6.290134271399113,3.968288724484328
ENSG00000000136,3.775214244911961,4.684916340502701,3.0574404847529006,3.557459001869605,5.967101437263569,5.974023671336235,3.4256377601975654,6.014182902950112,5.681454958609709,7.264829381865655,5.853704662801283,6.587871580601567,5.715616386395316,6.469893664545782,3.0693242651483374,4.81738331433363,4.941525847658705,4.634375079597076,5.665829945475088,5.951569481743626,5.588385615606723,4.734584178167993,3.8964048802323124,6.645779111234351,5.5245992249207525,3.4720792124008875,4.709468687525565,2.385050483438958,5.053055921521165,4.702430086102106,4.138299574466993,7.376900284705294,3.2657688206868314,6.059589427523503,8.280062241397811,6.615901855575032,4.952691826853349,3.298897040865009,2.956906735123317,4.382672457563717,3.9694988991291376,3.9206796365628014,4.510529816793134,4.84662936067147,5.7278179214679446,3.143305670806356,3.976634305800425,4.760491875766278,4.706772209865097,7.754635561120134,5.348369889085786,2.579615282060863,5.627272042380147,5.8184955841159685,4.812307957632893,3.1799049883861983,7.637082042970194,3.3951741296281144,5.9911583096239,5.300075793595903
ENSG00000000137,5.901215823544655,7.560286886250995,5.842458308211553,4.1620036594347,6.658988412691942,4.053350824933821,5.2453370170929015,3.0603745879763147,3.4500781589948715,5.077080005654279,5.552130062871308,2.4464140659634546,5.745931052000996,3.7708565351025536,6.91953202350675,4.4720533567632375,3.3145665956750214,5.113706836938879,3.625647498381912,6.903417712149689,5.000795311299649,4.772485065360069,5.887701528396512,3.4925788411995606,3.0662695170072287,5.612527369162455,3.350493937986786,3.349984769375815,6.255134046831332,5.78759616497591,3.119255686320633,4.071295935587996,3.64440266608052,7.6644789470608705,6.359015641355913,4.368732730992089,5.864292034015239,2.965720721103756,3.9910307732157606,5.15729489891283,5.678346123718869,4.853811311729834,5.372020266071339,5.11750468992969,4.754633896966524,4.55578161171366,4.360602690983324,5.347906262942882,5.616223383799184,5.2975387509782506,3.2321044249984103,3.501608223285219,5.598322708922101,7.207509951006316,5.228623192338133,4.382497381284509,5.336510683164163,3.294767866229857,6.9634147348046955,5.279891216762042
ENSG00000000138,3.9958141801841776,4.7498068008606875,4.209445651904576,6.967504965225251,4.696639865829411,5.233048619173389,5.860589684976937,3.8888500943531867,5.290564199202736,5.411653354091315,2.668881768469068,5.379044733166415,4.931356902585291,5.194949438173995,5.0534445702358495,5.388754809425123,7.006014838514237,3.2307388818723357,4.48677149674937,5.999927943444255,5.721388801591867,5.689108330013126,9.130365823510006,5.921203286175059,6.696406694382537,4.539391911721237,3.5106314391540767,4.528523856149549,6.067940257015106,5.610241782243763,5.60487705589832,4.678483419804309,4.439296071780537,4.730214133560083,6.086713175247819,6.261091142255627,3.4906375254931588,6.1435138391471735,4.023918153865655,5.70338247776158,4.712051386306268,7.348682823858477,4.372888056528281,5.267917761342175,5.909889736339141,3.689061724815677,4.890714416859582,4.600122673065294,4.22927977489104,4.34041549777514,6.6680218972051915,4.1021738978595,5.849611824007408,5.471892503046717,2.904529826337236,5.7787541576396615,2.8797301853634583,5.94213774224774,4.239212535303728,5.012550879884678
ENSG00000000139,3.0585800755604917,5.183573485407224,6.390425626955929,3.7895518579660687,4.089249370783984,5.681931535351234,5.719427485470409,1.34873105238724,8.02310954567416,5.792830225322497,6.045377993679442,4.784689330006975,2.216969737171633,6.01208309187536,4.15221795765367,5.81589754127501,4.671798394605907,5.357059068674566,3.837505427886133,6.296583414018397,3.2174314408134923,8.368354138008785,8.356922952480518,7.449049378199765,6.913218478661765,4.873177462649538,6.749820058620813,4.855735252585808,2.6697236866320395,7.254802121046032,6.693236694383758,4.952991338516847,3.162223614003275,4.120698985131539,2.2682816226687352,6.4176212789269655,2.5950365497037295,5.430246305220015,3.7344599783304675,2.8599448325007852,5.357532639917857,4.499300922031953,6.257283658138052,3.0985920969069394,3.8640280317892666,1.418536687263663,1.723479976508116,7.6972886149677695,8.125397366149503,5.139089307835929,3.7642568511402326,4.5523266117648395,6.310361303729546,4.2284164702669305,5.356450800562534,4.980865924278126,4.146780994875713,4.210710881012194,5.439981307528262,3.5346677954188377
ENSG00000000140,5.677594018435274,4.292631560526227,5.1910509569723455,7.075943849252838,4.7477119321595715,6.379706510287988,2.311950716174257,4.294455479539108,5.0415329316141095,7.884996018809689,2.0600718751101645,4.8556852071608345,7.185033276374394,3.822469392099692,4.680741784361494,5.497608477583309,5.27676283058417,7.348655713181621,5.672710715109848,6.991659343271329,4.459987464035133,3.8892118831245552,4.661415210470547,3.2613453599485975,5.725267544315143,4.4211828308671315,3.992316650033787,5.747987614431502,3.2844263330385672,6.155753320783692,4.282493917262959,6.738644666141276,4.410893632655649,5.947864499836887,5.269343560659359,6.11585281057173,5.164920338221441,2.5049038814851343,6.513190308863198,4.868475616313139,6.18427411603222,6.035369715303284,3.8400552784829873,3.6278068922370545,5.983032652173506,4.54512645588423,6.404643919199746,4.7326985857054655,6.535114666172432,5.634956726313653,5.431962490571223,4.438983201889588,5.348641421092275,6.789279072429064,4.91867681200502,5.796761665525783,5.069540114374559,5.186906064118133,7.585116135407448,6.802595046559326
ENSG00000000141,5.119105722793577,5.321681131904051,3.947194244673547,4.74054268060257,5.464096681322922,6.275920384353692,6.123831345366378,3.3361114161432344,6.465474096017947,4.86683948093367,3.5195129664836933,7.004577106147883,7.194918495106929,5.3956204735109905,6.0631904028578525,6.151173813116648,7.093658229218376,6.092102788147588,3.0084675838421466,8.01471162345669,6.598485334220064,4.235713692090853,3.4555623914638858,5.757220145606126,4.582609942448631,5.4949930309984385,6.115110261917395,4.150337168004807,3.325838010973494,5.578727701807967,4.19991821708454,5.219143678598598,2.985010344556603,4.621725913288044,6.072427836559995,5.908898761470195,3.817463043690097,3.2476034460229224,5.023645534627688,5.8415491955291134,5.607762710288826,4.2317602334580355,5.446736663729905,7.253533206913993,5.307717030963541,2.55027809627207,5.304800507150963,8.065935456818913,3.0689137803266067,5.044586992743533,4.660496850451798,5.143824438912596,5.2913782297306575,6.709957979094387,5.127174929601216,6.91588933581807,4.8235165118202765,4.474794839038051,3.9962255254420915,2.2743694563197705
ENSG00000000142,5.41367211788876,8.081000432707764,5.687353215928792,6.030121031242519,4.380453012478317,4.633499913089494,6.4769622324998934,8.01304046043473,7.23192190369523,6.207866944592033,5.052725869085763,5.3145783714009855,3.8697390208576183,2.8277487180460144,3.3098024633600884,5.074700051782906,4.562011607859985,2.7958374429204733,4.944014931425396,4.5223545133010825,3.2407267170738794,4.444731484069894,4.518570498925484,4.0750442901133,6.390005247163909,2.145647656860032,2.021301513933543,5.004928676673638,5.144190784088459,5.60632270402846,4.191539737581359,3.6231142923615023,4.989025800957579,4.3376327969780055,7.326607106983541,4.513659125112213,4.920222272424383,8.713127209396914,4.70785965990397,5.834235297798636,5.96946415007953,6.097102465577322,5.434230898116878,5.290761191615765,5.150501434755674,4.13600914664934,5.4882782042589024,8.042968756136888,6.816022863445336,5.4558770333369555,6.283744697158985,3.6962361369040218,4.609231768700422,6.421774766276083,7.230750790187288,3.843700741856933,4.274617535865264,8.272063690817804,5.144391874653459,7.735042959050568
ENSG00000000143,5.310285975913689,5.369270423488153,4.5417636685101535,6.413832712265343,7.036666325455999,3.4474966547886994,4.471324171669345,6.372617786561331,4.8056770433235085,4.259921797200184,6.5143132308041025,6.655179807068766,4.325536863991792,5.318549791981918,3.1872878061436505,3.6567786342819515,5.18624784820007,5.047110181369765,3.5496858624040484,3.9260391129116368,3.402433445066661,5.6825897853698155,2.04854120496215,3.4826341556597056,2.2055876782515185,5.628530905786971,2.2958996749179477,5.0475937978033105,7.459286023621135,7.510150971906353,2.291138646231768,5.447614402446433,3.516543055429318,3.210295946434613,4.829795068414889,6.842436735399688,5.899488311330537,3.927288607275679,6.057550996115004,1.634437502177481,3.870581302350139,3.764162682948124,5.117481037608397,4.695758054510001,4.7877933595701725,4.737920704840792,5.033610861483631,5.810196450437336,5.223996539153574,4.573472275093162,5.602622419707173,6.239185315479146,4.165961163916056,4.910895903990986,6.74285984456988,3.345858984098965,7.707053294383916,2.9912675378906366,4.481953083192895,3.574715004685982
ENSG00000000144,8.281890495304065,4.244974956729272,4.2487382652072005,4.443876890090121,5.1434042118409256,4.5073373316432335,4.800669793066401,0.0,5.085739754002741,5.026709932229967,6.55785319611859,6.963591422419103,4.718437907912303,6.224343622510933,3.34764682933279,6.151013514044156,4.141286301298135,3.2229537978049176,4.7216169826939245,7.100708670796669,5.27150830509627,7.24473222151757,3.8769009292762937,6.571776656821985,4.021759944144582,5.337993007233805,5.325024242989122,5.992237600886259,5.376110929866991,3.891223193267274,6.320460428138846,7.597484891488092,4.124294866615823,2.2471518853324515,5.748979352530683,4.503229408921777,4.803345716067056,5.834266633596518,4.3154113552616025,4.596722042984493,4.84982072459512,7.204630906977524,5.045104406170372,3.1464896287775597,3.206182278288327,5.208844882489402,3.3058579989635315,2.6565447696137587,5.953303986401016,6.026747604302967,4.44779519915922,5.440488936727563,5.282182466293251,5.903629078953628,5.907124855909699,1.091317118709161,4.639251562276408,5.776856282267199,4.384315113441478,5.05430395888974
ENSG00000000145,6.126049972517116,5.121387849878244,7.2618791258523,6.690479378421681,4.822153770542849,4.702930743912832,0.7245138421979531,4.510246704664211,2.9700966609342103,5.331844313000934,5.229306066680002,6.0437836340401665,7.095005707922287,4.9605958554920475,8.420624467884794,5.348677167829856,3.0346754094250508,4.156892187334821,4.440879949538267,5.888190726730068,3.5791251496560488,4.553036175785906,4.75843957880587,4.327818788516685,6.217123072519578,5.961982082698034,6.749850702655938,4.503462228333201,6.803791351471853,2.954004371034431,2.9174235485152145,3.17929747086318,5.0138175389481345,6.803567174866633,4.096786879040555,4.284959892553344,4.675973067035994,5.859242185081482,4.283562044968139,4.199874563125248,2.9819071049634642,4.1424183332343185,6.766192629402999,5.136389012717715,3.890218234628127,6.854215959093401,4.122179746909719,7.129933369223698,7.1054104668501505,5.084017439562003,2.7521757089424685,8.434250923018633,5.580914084396819,4.5141694629191145,6.434191872162583,6.053454180532021,6.966407524829661,4.006478316980155,5.477710119161588,3.221194654632595
ENSG00000000146,5.999501593611851,4.965581945559219,5.421513883230218,4.7804754142392945,4.623516769117458,3.697653238977929,6.1856453220263505,7.234556055112157,4.164997461634872,5.830310757456642,5.648275436990364,5.012146717023288,2.710106399952925,3.047603973334111,3.828527073272644,1.7914929146421026,7.112046094858423,5.55155484376957,4.955058427401317,1.714646271098257,2.2641937174693996,4.996487917719563,7.955734948225965,3.9520337061903774,6.295697021618657,4.280146388487559,5.0828588889333,6.822025773339398,4.481072554750184,3.9648426379218003,7.127105831187146,5.068336731670393,6.6368076358792445,3.9721266599229694,7.110011313441464,5.410440911801916,5.652181439321988,5.197443967143762,4.241787527005248,4.997475784257542,4.336114643015951,6.439319093967178,4.695414249397007,2.7552391583091507,2.4808643975160742,2.4099227715193634,5.9269561363309125,3.2727435329398338,5.45012866375785,5.20486177623712,4.902937107635334,5.657607805073554,5.237455305635789,0.9354053858285751,4.514562138727265,5.637654701095147,7.460424216132497,7.529686424873747,2.9552742296221153,4.47541205103084
ENSG00000000147,2.650827779438003,7.279827612665125,6.519284312222826,5.525881830294762,5.2491422918903154,7.070946650524212,6.816987792140209,6.737067044984181,5.685019789673389,4.4761575507287565,6.150687248026336,6.2240628578826716,4.71404379561206,4.473126621748638,6.699969904337315,7.49617416315441,3.875906328627851,4.604934986828038,5.526399614682047,5.729898496622916,4.216450461138058,7.825280945516066,5.6331428983177565,5.797075112705829,7.638326122267631,4.326407562133115,4.867352185336583,3.120016656467557,4.741474291619633,2.766608714096956,6.121774031289758,5.629995125104989,4.58439603944219,4.849364438273228,6.142199622783486,3.296305869665153,5.306251801178785,6.049264709688117,2.3265888838891375,6.027407008553029,2.48890630510765,4.8236082742227016,3.2549133438571607,7.146869868935022,3.2643184187714787,2.524715162051926,5.200028212394473,4.379445529968765,2.7430921570041003,5.788722798732274,2.012751406325481,3.4456385411253123,4.137172594368823,6.20333358823271,6.943202550519728,6.6541733709913595,4.7700893143066505,1.3590376328072657,5.586279531827838,7.20586060883692
ENSG00000000148,6.850685611720352,5.69442351461558,3.2157458534923213,4.212039494557377,7.900721598118512,2.8749056980037992,3.278238157774421,6.413827326747926,4.353261132791708,3.2273673166930674,7.291956768084524,5.69158396721771,4.427298253434233,3.2813377461507267,8.071109845789907,4.963322271880089,7.0959920937042416,6.3404503169141595,4.218647657505149,4.230588327515329,7.169472346900879,7.193775998929967,2.1846260358188987,5.824670391473289,4.818177792914571,3.450015255592241,5.392619142075796,2.9756048135204085,4.30031696803085,3.8022894008450487,4.250313103766002,4.892782259507014,3.4766500071417705,7.359768543309946,5.739924850091188,7.691844542573082,4.759880046382971,4.176815056554337,7.6376234217395425,4.132910390189022,4.732561967016313,6.080071115745972,3.1434112875540823,6.066942027190475,5.875020599246904,6.903987977056749,6.3350667545152115,6.949967529316357,4.8343671492373845,3.705994521939409,8.164978121125044,2.7099565767170497,2.8602303816892882,5.847692060763247,7.437479072266025,5.284326268871247,6.498955549553309,2.006295908792062,4.250682556728294,2.1890782892851113
ENSG00000000149,6.17061643734299,2.679153010116478,3.0832717309510294,5.771037807442104,6.592736528026594,4.761547837656175,5.8552587561627645,5.806682250309638,4.6768597108362915,3.3579417756706267,5.847337110326964,5.919643536162624,6.341036604635388,5.468099636118346,3.2472501297810106,6.03551024205377,4.9979283796574885,4.275893833514986,4.558046244209431,3.9646142324144305,6.333265668281643,2.8728278996299697,3.5097710977903724,4.506840672992458,7.4206262723585,6.581420823639274,2.538738795129162,7.027020633128729,7.024130325475526,3.2389875109660355,1.2178125941053322,4.8916675664791365,6.683636613949733,7.386892954700303,3.6937591034581247,7.627968656994448,1.6581014062749482,4.447924079256069,4.374183996176379,6.728505537386455,6.94745369890967,6.431335483150093,2.974174926881158,6.293928547698383,5.763562952890238,2.4931484220806137,1.8994792567974694,6.556983935031164,4.729851048531133,3.072226861317687,4.687742106936847,5.5460616216698035,4.875723309998679,2.6720207703108705,7.828335355346165,6.506326953481838,4.496933822489799,4.557358016146568,5.539231092069764,3.3055679063895025
ENSG00000000150,5.484014654805453,3.0039013447088516,4.894198674732251,3.247142750214712,3.322874026509928,7.468583920427315,5.088838841426831,5.311109728101751,1.9829302083780156,4.104497362218428,5.691818178056521,5.291204398921257,1.7689552679694418,5.310706874985621,5.549838205324534,6.925642997298049,4.0171533215924855,1.6368969197964938,3.504843872292267,3.354402441697164,6.105063316669961,0.9248951174070232,4.327465309891067,7.138693210365882,5.010818694250452,6.344475224264636,2.5373024996733684,2.597015730190516,7.155863686767852,5.15182304863588,5.154911543313716,3.322770757839505,5.151172593425347,3.2810936474898558,6.780305673358475,9.091746064802257,5.725911580497994,4.047580421807685,1.1995125042580126,2.4733038281864883,7.332292746540704,3.4562122350933904,4.443747677470232,5.9829889618687675,7.223434699042689,4.700619618254243,4.392999695500948,5.107431542766026,4.058543275041174,4.139271195060568,5.61782017630081,5.27793727675173,8.197407959837875,5.658273224953144,6.726718322140742,3.3930722349153033,5.787735935045407,3.9155279800984113,5.593179894944837,6.032771897172261
ENSG00000000151,5.074803266002211,8.61098858221219,7.141969653662679,6.765867999243645,6.14642928855502,7.645041226595066,2.844546053796176,7.055424676985864,3.5131335320007158,4.153491321399906,5.842088666092502,6.849830248266086,3.269635052477057,4.231182683483404,5.1462981087519655,4.720450992956429,6.281048091852782,10.15389142397678,5.62898106278882,3.897205342756526,3.0552375040415067,4.512119129621592,3.5896251709568148,5.701324687963135,5.67803245367634,4.305247693212565,7.977432520675674,3.8968290211401584,4.820853398152739,5.958743998834726,6.338082340654743,6.9163647823147985,5.642744718489858,6.576369051181995,4.002337741958091,6.377122940525573,6.357093725234599,7.269330012130304,2.497346011657186,3.639225326598399,6.234711454050953,1.0229532801779047,5.738009260682525,6.58970663739705,4.13543712867434,4.354714999832132,3.3887939791401442,4.217679320402895,4.261147247057363,3.9757380883017177,3.8934827333232547,4.59349282266741,4.575343526515818,7.811197849791585,4.408722285324485,5.516225324287788,4.1346755502855475,4.115606336237814,2.4434441934010662,2.6429506282833604
ENSG00000000152,3.1895025805205006,5.275545252140106,6.614260482926878,2.320003209656723,4.176384797976775,2.9496639359744776,4.603584358799675,6.6136542405607255,4.329676397588037,4.928724541700455,7.182842594588471,5.686851395761864,3.859862216274797,5.238372928753588,3.758676482896564,5.630723019104,5.773010231109139,2.9492604492523213,5.262724126078661,4.82364011300612,5.817016095758167,6.2470205765287,5.716174406186908,4.545209969930371,6.399995031296,3.6904058355346225,3.019217009945751,0.2070699731587995,4.894788572394267,3.7676803407598474,5.596631714113026,2.0431589089334485,4.02923217365075,5.705404858796728,3.4552457804765293,5.613885122919293,4.164466107397939,4.9507875353300035,5.892737009625283,6.42919553467297,5.138738616980911,3.778984557681883,4.312941706430525,5.955433044630437,3.46811962477609,4.7329001050396915,4.4211738524577875,4.844957325021553,3.4860762061259343,2.2220834716818323,5.781113923939465,6.446197135232973,2.3117375637527653,5.553389241389325,6.6247743722677646,5.8938665701434845,4.3749947319859,3.5847554453738635,5.121467119024984,5.371677588270321
ENSG00000000153,5.143711266733848,4.729798054823651,3.376022413815864,5.6340324369632775,5.706281741620286,5.301233188192508,5.166490467606886,7.518874231619158,4.063431823139906,6.922152646184983,3.898963296167244,6.663425859434643,6.850051325120815,4.560423194897176,7.49144458109125,5.703553830119134,3.6840913382891487,4.438765108416186,6.699143459159977,6.384597052814975,3.412939397931064,4.791114031714255,5.305284474164767,4.238593116386586,8.53669958506208,5.350495615107988,4.907281713645426,6.786276566387135,4.452179697741747,6.511141415925985,2.498401406625523,4.31951893063165,6.57360562756587,7.355296580884507,3.8400564304910105,3.6652675456720276,5.8511696455556885,4.065449157623431,4.597133123366909,6.314607537105736,4.183846727578982,2.0518613726964716,3.048373346591178,5.014933378580421,2.2048652772906734,4.554259374054019,2.911855225634012,7.459908510298398,8.247713892148509,3.4127043464868976,5.385138020056877,3.5593944020047217,4.536026596918233,7.7052039919337085,4.299967178410272,4.57094380664433,3.5862060991584546,6.719284066497295,0.1050999462139599,4.335804017702569
ENSG00000000154,4.931170858796812,4.008384005223628,6.295318261596751,6.803040925955711,2.8819407306807276,8.140229980656207,2.8651117634697267,6.932946022513763,5.224741547803541,4.244448354329278,4.385949605486246,4.949730814009529,5.3126267927956725,3.619768472942712,4.649090063482414,3.843990765608608,3.177425709389191,3.774032446313154,3.275038050956841,4.369767630874222,5.648712358202623,5.181065531266944,7.961517164990976,1.6843204794201245,5.704011449321283,5.009630357786528,6.22350551355795,6.074697806465613,4.752512374797234,5.258976927285134,3.883896180622273,5.920519969031681,2.1816859218159483,6.165239657973976,4.9652398336458345,4.269406943253367,4.65120020082991,4.7612056481174285,6.945955640720752,9.850240494872768,6.829806236225573,4.152011321165365,5.944672736427918,6.009993749086226,3.6122589163291696,3.1088010541689775,4.9050786066248175,6.211561404052152,2.5822875985978575,3.918653198518391,5.85897756348561,5.06258541990587,7.124410430898493,2.8829488188854846,8.528247400174184,2.6930113346456306,1.9562544217576092,4.9116308307540395,3.298311607630986,4.9418665039326815
ENSG00000000155,4.889409681568,4.7063386818388535,3.7363834517048313,5.648984228869536,4.523994327849246,6.655497306132146,4.72944162120754,3.553028865700116,2.4684341722349217,4.7418358528274425,3.096193142956066,2.9750572189928333,5.791185963720481,2.333494908254912,7.118290067499369,5.23957457659331,4.934236053462558,3.447851089174121,6.146558444514407,4.995642599603907,3.970855035888797,5.299737044977383,2.47582181684093,2.547009302676292,3.3197208720483826,5.524290901414571,4.995112517290803,6.573468898333629,3.620015221747135,5.862001760722013,4.829194171407078,3.585432207888607,5.577961506069379,4.900982212632151,4.056321208781902,5.062998630716137,4.805704421093912,4.7694678972237465,4.381110275133801,3.0425771916595434,5.112148123842308,3.795928439417878,3.4695066985338983,4.6389502338460895,6.101039816258267,5.278420261536472,4.203286687463617,4.142980913198214,5.953719893283152,1.4048963458291397,6.196047483799221,2.1889763376044913,2.8768881375155293,4.228601253105162,8.255186214396268,7.5161290400214,6.059731633695703,5.534813567443175,2.2065845479812882,5.235137244321049
ENSG00000000156,4.176167722160043,3.7749959995659172,5.232204634961989,4.293334985829952,6.303949318953276,2.096067848580999,5.112517133518973,3.6813541647289347,4.385546256626459,5.456939629218862,3.3240382060848996,5.246348208968698,4.6814926921861035,4.009119702234667,4.29414127098362,4.768172163219611,3.8482452311551816,5.010641712988417,4.582735067500886,4.083076194399559,7.384763350854476,5.622859883842431,4.425931651065568,5.218790646237063,3.4597697948397377,4.344842589832125,4.519883824342629,3.1298091351351762,5.581031071991627,4.241580946080761,4.466799998828894,4.146920211314967,9.438635885964649,4.00607727473898,1.8969845691712586,2.600102043561747,6.138953934043152,7.004679037524695,3.9773042129407195,6.918424504453196,6.112384999763816,4.715779803520866,4.609330574344197,5.2713053396234795,6.316183733230462,5.595941848392533,3.9847875473019565,4.738689429460534,7.9718951820828865,5.376820695944288,6.303988140323923,5.809827480873849,5.410036615996554,5.163048350022604,6.3460859379874694,6.077963352966025,5.395840217017323,3.959356211678168,5.578338208322708,4.899488095297875
ENSG00000000157,4.537616132982386,9.018163962449101,2.6914230384382587,6.4377692885862245,3.705993583619254,5.196793234015094,8.852881278635277,3.556446507763906,3.9141910177591046,4.973729394272599,3.7291745635529576,6.326084526410451,4.198205845905058,5.981014460224006,3.006216302299896,2.289752746768662,4.656522531570426,2.6472382429436077,7.277403369148176,2.705294764257503,3.4434699684939534,5.620429828211916,4.1204540749069904,2.722418045198594,8.059946240107939,3.4975492952606393,4.705613288755176,4.6862112198409545,6.065463727949867,5.6935286910065885,3.7597984434034917,4.51125917383504,4.659616349687276,6.123439247297843,3.247517127712098,8.027165835133673,3.8612249188108336,4.98687590486511,3.260015840460137,3.0527614825390748,3.688357386383564,3.544215173503617,4.378614463767755,3.531552456854389,6.043328631941315,3.8255241570224374,3.659276759822127,4.410546703824097,6.489258318044442,5.322314260415599,4.850465705168795,2.8504328450469814,3.285937310204436,3.0823850899405647,6.96027683550852,5.795844684697471,3.707569236613709,4.153442534261517,3.762064735643999,3.671208175428937
ENSG00000000158,5.690451546824271,4.56869566882353,8.121751616446195,6.875539736775497,6.964220510700083,6.0070354624221896,4.366011394239217,5.896686326794376,4.476750958207013,7.445414076092544,5.606419074574881,5.3935405379045225,5.190608993644264,7.610399641041287,2.8493744992448216,7.75743174150309,4.7207692888187935,2.8907765362765234,3.871685402535416,2.523789105914626,5.98048511837846,3.442560574480221,5.25300149930705,6.701325545248771,3.991974607150795,4.597844460463412,3.0449500851259765,4.417464336573204,8.861035437910058,6.1668997461656625,4.6029043716595925,4.082467945727427,4.93604990651535,5.195076128290459,4.371395439281363,5.795088793656694,3.5698287649093867,3.5624184875235976,5.555293185575307,3.247037369653403,6.09352587929381,4.978579081404599,2.2581361719241797,5.16424868834142,2.472280063116508,6.040043014483492,4.626928506124106,7.77662632476023,6.60696926655891,3.408961240652263,1.968890204237874,3.8673481148129394,3.1681120957544433,7.738607130315641,4.984528011079773,6.40012820627475,4.572453631174121,4.730498767579031,4.951059466236638,6.6598089778886695
ENSG00000000159,5.467437133511898,3.4139992347850026,7.433771207129626,4.56077675152053,4.316719814185027,0.7557420466264477,5.951599386742005,5.151518959492825,5.149888484902853,4.395762993333773,4.137173239800826,4.4456293597543555,5.694741306690919,5.958676659550026,4.653452617438102,6.4234062414751385,4.8815387284737835,4.243660372814517,5.297623362361047,2.96092037225921,5.3490774636188725,2.686726841710443,3.4584095600243536,1.9719628899250634,4.737324570992749,7.414450553463641,4.824385008377847,5.965378069149691,8.528470845968583,5.606083772180144,3.8521819331179668,4.058647095896244,5.00098731233451,4.050658032108613,4.162869500279852,6.477880863889235,6.539234421158318,2.529661276927004,3.7727457231496704,4.303993419629911,5.8986334192478775,6.714613382758484,9.052951901410825,4.301490055576008,4.376406928486957,5.882855023456571,3.976674921567711,4.788557207764224,4.377442836824681,1.0675191171437315,5.184849845227318,4.726458561045814,6.906846575385349,5.008235611304532,3.1178787825287415,4.612851690530715,1.8633757352950577,3.1836232472005364,5.953258952229496,4.628989340069505
ENSG00000000160,6.383762359247099,2.0496616236829284,4.63630790401437,4.286731252418322,6.433772873919809,6.009144152249934,5.9633782251324465,7.312115057126152,4.44786933607015,7.002621252951078,3.433690773680396,3.3786833753514594,6.129119857247508,2.7428888923867976,5.859148442628436,5.1519697905819895,6.607779092982309,4.910834052567666,5.084073419443291,5.763897489387359,4.006025674910332,3.940690538764668,5.711644159765129,4.956068286304044,4.38902912404358,4.875823850453498,7.391839261757495,4.335472389890161,4.291970580076977,2.4388336630062577,4.936470592764327,5.985325266860588,6.254297173521302,5.162326402445799,6.433750359621325,6.096845602820363,6.669425344538394,6.476453983216342,7.354967294160877,4.745460250150625,3.0094129364577373,5.99557811552813,6.170829783984164,7.3549930900717095,6.921935534254559,7.918208683796848,5.9297809704898,5.3432158879079426,2.92252531801138,5.462144801771121,4.171244964693023,5.317265020148707,5.0817697794644845,5.707600383275202,4.854003935692234,6.402530286098877,0.9152685306874131,5.2849903627367665,6.803734668728843,7.805072762684322
ENSG00000000161,6.097942007577594,7.527324533873808,5.253403993638114,5.004293863890594,5.794123464841627,4.995208575663402,3.8264637979739593,4.2271396338021505,3.331770640885764,5.792565642297867,5.017087718750716,4.459570824862854,4.149974364744065,5.7575845192994395,6.170672270915105,3.304229005242226,3.0684729953365735,6.431764933431523,2.9373001422671066,5.821230250733727,7.42536379813102,7.428852205089702,6.106808885948137,6.063214272983181,8.377861175294683,1.4984065056593439,4.303496485879047,6.272737773614902,4.494069488237065,6.859667462910552,4.940968909534711,5.197615790506396,4.587988003631094,4.2162335617879085,4.179335055278522,5.406749445255165,3.8381525512656998,6.429807325236931,5.979838886904235,6.649124661454761,3.3066134660105018,2.4507851798203344,4.9937213665523545,9.34820092033928,6.899313167141856,4.16833053723993,5.636768201647011,6.091380361165525,2.947417638900708,7.054438803551907,4.748863809768589,4.863978733088209,5.035676989150783,6.716810208961842,3.867226762697888,2.4395449928233215,5.484432939350067,1.9345128707403068,4.5483446072966895,6.780311434788228
ENSG00000000162,5.8686408552631075,6.563534098587914,5.930527047804244,8.615501733175112,4.117640558514777,5.597197515512485,4.342819293181025,6.435201904872306,4.907637685924256,7.578267319166068,4.203776066897035,7.110689788575477,5.8897092958159565,4.951308396369529,5.8136635067898865,5.391896581293788,5.533932020377715,4.689693390358413,3.947617238667513,4.497393320056204,2.475282533077666,6.262922498798939,3.1472540417367805,4.67352941714645,5.972067562221549,6.259095075649867,2.338022094744142,4.862227887162383,5.689617049173233,5.07802416389349,7.016112436510317,3.7672896501280966,1.926438304714705,6.215489025152782,4.194370820572269,2.362189103621003,4.762231414150289,6.845836963897552,3.105121073280953,8.5039939309209,3.743177608195007,5.1305162811886245,3.1713013732285873,5.062415523044021,4.799378267361985,2.7657591465033695,9.238740453426365,4.256994246471958,4.258306164040957,6.453553819030482,7.721382325022703,6.689655302006455,3.1982298154601203,5.320863514241994,2.177941276422508,6.352557621983535,2.547217792204307,3.7951980145861444,4.995197743953034,5.667509841711518
ENSG00000000163,4.608598064907022,7.278625515099322,6.084859373288419,5.967087131096313,3.1558986470230046,7.549051846318104,3.7954022835822325,7.606313649480641,8.033292585388358,5.768984798545663,6.548019646519132,0.37562035541469685,4.707496376764434,6.653248459879309,6.386765402471127,3.1704149928501835,4.559416940198189,1.19545174219828,5.61948926025913,2.1750073981597646,6.695716764181357,6.774087291076113,4.288449778390252,5.781913895681133,4.674351913909237,5.3628625925222995,3.279110865135275,5.933738934859864,2.5382221546633756,2.2551047565059275,4.817107524999512,4.683135080583081,5.408452595827626,4.0257387646455065,7.828537498678384,5.240907484069163,5.349322667774338,5.295850816110568,6.504364803422117,5.864026121726696,5.663026849562419,6.103976157298386,2.263078044429213,2.319728524121334,4.885911882047834,4.703489175977147,5.869714766072312,5.030025353275258,5.872797401681316,3.1316070956580715,4.983883144386958,2.9884148930633234,5.580286901557101,2.182572436455019,5.522465147811319,2.7965009286543316,4.424708310167307,6.3423915371738735,5.3410699828976265,2.5315096644135484
ENSG00000000164,3.991409232958964,2.7479322117847973,2.4578622505922096,5.176494764200961,5.840447515340155,5.660908881073534,5.903940222319626,4.982133723671272,4.589914671875048,3.3903960094065284,4.3398804923742516,3.0179774220107443,3.732251709309621,5.133390305657063,4.823290868688616,9.597092056842165,2.981306603742489,4.812351918752327,2.864401833194414,4.418321186045073,4.4793602268272235,6.267320039349707,4.325500191173118,4.713020599915762,4.35452305629167,2.8984223839141867,4.021846442310339,4.427094927374274,5.110738825109577,5.838420930837238,4.648105235433456,4.62173560402798,2.4187802622694203,5.809601775884527,3.956153169274939,6.1206848573446635,6.974659921781294,4.718127459960492,3.4650330788511616,4.974952080370553,5.523052997027958,4.526719998129918,4.153942385931014,5.8452983160461205,5.746367412041293,4.480565539509263,2.5189007521089652,5.684567278069179,3.849009209837935,5.321511613055463,5.2267358475185555,2.1665788594360023,5.12162252661736,5.771798788061683,5.95572862296573,5.176048626644469,2.034220934075615,6.915621593279956,5.6165340013138705,3.195021005944284
ENSG00000000165,3.81835543976259,5.346836313941781,6.019676289947384,4.2680557154784475,6.238288111068612,2.310849756349733,3.436311483359319,1.9034539852368761,3.65389228569546,7.262115776816142,8.086703351878104,5.351885702345664,4.042356189097168,4.667540148723585,5.710009836249533,2.6555287225413764,4.141251236028193,7.152339611675374,3.431434896007456,3.8764626511076856,5.0197904839721605,5.424713389257064,4.062493930700792,5.115446574877933,5.911909300609159,7.942177735645471,4.810633430847829,4.938054026989156,7.291178518969266,4.176251212552857,3.0134704508567287,5.375373463488444,6.614262537631872,5.541570702799528,4.854476513679131,2.8274099402977417,4.912446132097441,6.849732389474505,3.1488243776911675,4.632879239295093,4.418772901762459,3.953443144043382,5.371884506778509,5.6649578618840115,5.6492403571901555,3.5347853545773127,2.531024458499476,5.393582654796093,4.241121437776022,7.757468569530179,7.826764544022419,7.98603469159406,3.58983364844793,5.854053630113141,6.306428775877226,6.137531350316603,4.468403083709212,6.918747354447989,5.000712479549784,5.192159187403159
ENSG00000000166,2.693249822334285,5.967147454359483,4.609382429641384,5.697168293150788,5.352670549706928,5.271404864995656,4.931429641299974,6.179899601990681,4.7016611946724005,2.817203870820525,5.853433409560901,3.786491712632542,3.0136072359767905,3.4666349987861027,5.424998569035381,4.855221795357725,1.800975455490729,4.424516085420995,6.753846837462147,4.323056493599932,4.7517851698586115,6.564487155990729,6.193233887306803,6.532626631477567,0.8411695849194456,7.600284557663166,5.954600653141894,8.692214621036225,3.826510953838574,2.3548240915266345,5.010827685087764,4.586941505364258,5.980495975422232,6.612392516879534,4.869058782680755,4.638937931280911,5.784079729274191,4.615507001461253,4.490026848654819,6.5557024080129285,6.889666785355359,6.62594936579464,4.747655430911712,1.7903165183702254,4.777690870410727,3.863029980984427,4.805412471484118,3.993363660923587,4.968890216801597,3.4410865561526536,3.078923844922432,6.834037223856338,3.54551357994852,5.000497437884531,6.431772269904253,6.371456189344359,6.192272307373027,5.454299771752303,6.086004962805275,7.059632198909232
ENSG00000000167,5.63753389099306,2.244196479778725,4.207200190774855,6.044555107583132,4.0593560994358935,7.430159209187965,4.905230257750353,5.127873157039154,6.687116298352604,4.725725154036061,5.264415553592279,6.348685225998668,2.7915940762494706,4.5720527564186755,6.24372994306868,5.098400222513891,7.20100071811622,2.6361149627196223,2.4649973480808,6.154529774934077,6.298710822399162,4.71012498975225,5.6005916000685865,6.11781046644711,3.7792051912223803,3.9397274374260514,5.284589268797955,6.35613343984058,3.2510646104630228,4.703078552097471,4.633645052443342,5.626938657564146,4.986952444986748,4.181174624295711,6.872848671136109,4.19111377756877,4.5618554554678195,2.6127535461205644,3.929561184731157,5.774114114508575,5.48090293453229,5.899275485098642,5.826473428918505,8.13157105444273,3.878211758829635,2.5708643848478174,3.424170505892714,3.944522246252613,3.5385095950746335,5.1404912714672815,6.878982358335532,7.309488609454872,5.756462752769907,8.211908323181023,4.465440415150371,2.5512214369963604,6.579767101832254,2.242108412376406,3.867495465950294,5.780168348634194
ENSG00000000168,4.846427779926829,4.713570855692741,3.228814950769991,4.983796415849994,6.505493733106688,5.029951874804028,3.7546611805384087,3.128692309104004,3.785608125566632,5.588500628621538,5.515403393539565,3.799239349106497,1.6838608670269128,5.630019145508247,3.6534389015371236,6.033593718522925,3.865835536808375,3.518149319495287,5.229757860889377,8.536548845039553,6.12354498667486,5.204328948808778,5.538277304571452,2.373326207771604,3.3164894438711654,1.2336067024292914,7.594810841864934,7.291079043733623,5.589227789322365,5.202672654626307,2.6726149962536296,4.671050059623964,7.688587817605838,5.197123997293572,4.153030300682156,2.36289400999458,7.070458591596208,4.894874298458515,2.364899219955756,3.613601476892687,3.0836929739628047,4.802384711432042,5.311008454419228,4.245174403582213,6.165569894730322,5.118203360708662,6.593468577908195,4.464208882878921,9.567988388016719,4.1532669147890635,3.645005012366192,3.4605491748563635,4.683588910168542,2.4206958637013245,5.441844265741716,2.1420443456527893,5.2425063860858465,2.97312238385547,4.428059888929861,5.906810598698539
ENSG00000000169,8.45605652581453,3.3829992188282647,4.774523825860412,3.9143619878366867,3.6951945161588067,3.9275400050456835,6.236099713455409,4.267916203654431,8.373969047406282,5.623968883842101,3.484984008238887,4.449942226782384,3.7972295149400157,6.200102979420071,2.541830515152121,2.988572929346285,4.112680821876288,6.024420189707488,6.849590412234159,7.0708132861592645,5.794702279921296,4.87566569546297,6.191938718470989,3.283249073852434,2.2330141669756602,5.654956366529733,3.491482374276725,4.902039901751778,5.179440523809221,5.372179338767445,6.406687307787578,6.248112782437597,5.2925001007515355,4.336977079295892,5.161643133014481,4.105684374987618,4.705356616990744,8.92726013537062,5.273284551325311,5.6753675255563225,3.9417790264544568,6.530110124644802,6.140408633995136,6.151028831982627,5.3223368701301945,6.551285143650156,6.9075277949521,5.424648379023942,4.828081461499516,6.341856485172141,3.6438120401603844,3.9230595790770098,4.920049485672648,2.387964397342782,6.241392910345136,3.555629168801265,4.292763467747364,4.6800806064803435,5.058930232355825,4.484520085365437
ENSG00000000170,4.8989434291544764,4.910558551414379,4.32945356355931,3.840208313541852,6.622210886533402,1.8433914465999457,4.691427261485776,4.2966507921736765,5.62818723008973,2.818560805221487,4.250321988134594,4.846460399015366,6.605110415555689,5.498277450193136,3.224767683696707,4.268784921919011,6.329077028991037,3.198837701115399,4.882033597441444,4.986319321210587,4.421325410118853,9.043627674198373,4.380902810828677,5.6746477390516965,3.8505483196710735,5.791621987999107,6.3061813952779024,4.118053944880853,4.917947277172201,3.65708034516369,3.2833942819251627,6.55519314875031,4.168998581174528,1.3795815072378947,7.648034234740434,3.7968570154060908,4.630440434377954,7.461359758241472,4.78738685871854,4.754995096697205,3.1577404331742,2.5477494505586504,4.750420603105807,5.544214661112342,5.458288112316159,4.278108379296176,5.030386699020413,2.244185007008049,5.690250531043218,5.242108767155069,7.960491341274286,5.011219469643571,3.5859959717808816,4.923915298866771,4.508300299976245,5.652061803155597,5.040338092587779,3.1100799484210344,2.5463850677089708,5.394362303949524
ENSG00000000171,7.074671811603858,5.119021826077579,6.219946030880311,6.5192137313054,5.400187768692002,3.7782627682078878,5.292962127568346,6.810609331400721,5.794835824399871,6.1223680142429835,4.306180637462261,4.696469360381776,4.821909033649449,4.9229929961948065,6.751937474018538,1.479239407492749,5.0458074568727564,4.880755436457719,2.9427482878337767,6.007650824881197,3.9132497120826133,4.46445102597026,7.773172861631065,6.514960474308584,5.8617304087176745,5.571165401966606,4.752979966331986,7.999065898055152,6.203251447160358,3.875675129052121,2.899846582673519,5.850257002983904,4.916196305182333,2.8565927495807486,5.642879248567373,4.596459259532719,5.795997388291205,5.66261032187136,4.087603967684241,5.949267146636307,4.253142376047651,4.350677190228543,4.201592890067933,6.696461641709406,4.579141417918459,7.058664770846378,7.6752273052802895,3.891921294718327,0.6185070279545999,6.5667643149069095,4.487042153959789,3.700720380302013,4.116922840770548,4.377779267950956,6.94578963604061,5.239866858976272,6.925397945162203,5.741330178917743,4.536153914074274,4.414464195186114
ENSG00000000172,5.842413126124402,6.230638443999063,6.495189028551304,4.607692232936386,5.262808784606708,5.87606061388299,4.424052461094707,3.29758994929585,3.790593399946815,4.638446836178022,5.993310708830451,6.8884662433581525,2.965929186898069,4.103982479105026,4.463206254405122,6.192075548459965,4.20783419691725,4.355401497578792,2.882011134274664,5.725110973959889,4.757901388105168,4.018932447530605,4.610730163276855,6.690493252896895,3.4926696375202355,3.737510553344606,6.878378671198432,5.113662242028286,6.004631145067876,5.60262786500853,4.946998171559077,4.477551321277165,6.247337033725728,6.743504851716732,6.626282520524145,3.221792549528474,6.957366526766494,4.463097118703533,3.867455693682748,4.74600845484729,6.246692652873098,5.810696276042094,4.6169203822185985,6.256498800316962,5.209790871139153,4.1405428016909385,3.9379470755622603,5.61535226663243,4.876223396276598,2.9367422698795456,6.270742239604255,4.27958745706337,7.388179471983191,2.895515022267934,4.728937105414983,3.9500334733411586,3.5368662194339917,4.269813924862435,7.655851413555473,5.215055255119255
ENSG00000000173,3.8124379418038568,2.2570573844938924,2.4179561804784706,4.195305283821897,4.04946802379201,4.663923940648272,1.5917242993462228,4.8624776074302,6.541594662720661,7.434261871046293,2.158330778124291,3.7979108611412666,3.7186492085381975,5.218582141288475,3.1703412981853196,7.523394873090021,5.06528370752861,4.815280566051182,7.389070600674167,4.9759285638749775,5.600455109748033,3.8738025900619264,2.9442469024184246,4.084457552743654,8.280463758417236,5.949531422430434,5.411802255666575,3.5354399147222004,6.366876201475769,2.9634600885293128,2.6494153254764283,4.161669315677531,7.931736367942172,7.846841348588917,4.323144607624185,3.9887014727030237,2.5394569391603303,5.1170460882801265,5.243019127982179,6.184334381295368,6.366061269987746,4.70386712350305,5.834041812139376,3.9490416982301957,5.805563800041028,4.239151882723162,5.689187773950406,5.567751987928048,5.103205438542596,6.191809577239032,2.644401392958972,3.40262567266859,4.594910489670449,2.8351049184900154,4.389703228167942,4.4380545573836745,6.96452568000004,5.213800553437194,6.544144364095817,5.4525120782145775
ENSG00000000174,4.1964990931519015,5.2005752116197685,6.094139500898259,6.790101989663872,4.80153490559835,2.5287340342205837,2.423296613867147,4.51038108482467,1.4931477482780406,7.692656698605246,5.8953998470996005,4.046499485754133,3.3355286089868064,6.542178643964165,3.3295442665234916,3.4726598545984215,3.8510810899599623,5.171131121861488,5.9311961587210975,6.789008350123495,6.567456948420053,5.001160563852112,6.5307829606345,3.9935005790354596,2.2687009783070504,3.993303392434238,3.790609228585569,4.052019392301235,3.560937906137166,4.308335633630432,5.930025821140367,7.572885653993858,2.411980288611465,3.068398059648884,3.812830611907749,6.148612816154889,4.692578835540425,3.913836165344566,6.075099511558132,6.434585399512954,4.971860060864555,3.775671160069184,5.405419350853089,4.65009768732115,4.638480134321809,4.231399672097246,6.387474870983134,5.374820339490191,6.553551322834445,7.004489218217189,5.688471153299961,4.240284327672272,6.560489348329678,5.698497053417531,8.90505166521146,5.4651543327420296,6.046532058521126,5.435635836944048,4.851352112197823,4.61181267561865
ENSG00000000175,5.44136576698785,5.781763627720783,6.731581849466638,5.4632758374556465,4.305666236862157,4.509719005101525,3.015594585645229,7.491820765358465,4.188239579718727,6.45116069020686,5.414826286163801,5.4555977462591105,4.823828187091495,3.81830166705999,3.5471968992620373,7.592698083207405,5.170941618255869,6.687901619281476,7.077360406467877,4.383729604851179,5.635258648891766,5.067516163237022,3.264179295474667,4.721780036143616,5.881259885358841,4.2514561174837135,4.512735206942208,4.739949716921532,8.167293996965155,2.2489265943433407,5.752464948540888,4.619991384121753,4.039017637246349,4.583186439265602,6.001064365750135,6.086785391030841,5.279025683652129,6.6391119746849405,6.903249492650865,6.224563912925921,4.180711323279172,5.741662323819315,5.748800988707854,3.7765528495301726,2.645841658918613,1.9658365679381666,5.104783235168227,5.447059572300377,3.2273276335213783,6.569048498827044,5.228327223944619,7.024178922373029,5.555803804975387,3.400499642181273,5.687421819935223,6.0051660423081525,4.178564621169492,2.8368605040351875,5.15044409645991,3.4987330470257225
ENSG00000000176,6.6813314945916975,4.389234979360111,7.586901659739948,1.8137619987217464,5.202193406217722,7.14408896015198,3.664543526169055,4.7611985965594465,4.395446428453934,3.9743485367715756,5.366933961671422,3.0568675985013445,4.833546828004661,5.77399135652686,4.677359432920035,3.4996937000213366,6.545278097902252,6.095385442425275,3.4382192430443883,3.058838652466188,3.5721133760092636,5.817909748230823,5.4133593484438185,6.185124068668571,4.510774672924078,3.6128986437498396,6.378269732621749,4.169827229823254,5.279822083780968,2.675112741326939,4.145284363515801,6.51409448141227,3.925588149995214,6.221755732177249,1.5034704557177094,4.160912510535221,4.7429680311828015,7.613810455013608,3.2464056799783223,6.006489943170634,6.58539767187319,3.917765529133588,4.439714076840965,5.212443160717855,2.777772549211206,4.317345182207965,6.914168061419624,5.783982216296631,4.764873065775136,5.169608542754725,5.871358048294657,6.158615221865171,4.165378778931347,7.302081414919504,6.974522301806991,6.015886445529819,3.7355602012311633,3.4696641398441104,4.510094305105111,5.0911476464666165
ENSG00000000177,2.3472622016614215,5.742039700317884,6.931193395772707,5.864711209746316,3.9859207957936476,3.808394903899264,5.449778516261118,4.7700444269927305,5.664561761383862,5.902582058908452,6.637835793341993,3.3018148566057173,5.332428421773968,4.4547874940580146,4.852047434096958,6.296613279003116,6.459688809576865,7.097665475575481,5.638385375552401,4.8349748138663085,4.620682295824425,2.397867496407997,7.009602567347906,4.517152379321495,5.758845590004365,6.0184947886136495,3.132026736424791,3.6149804113105484,7.320529860583241,5.4356532735253165,4.129121503552226,4.810479483308685,6.629355357249258,6.4014717196014566,2.800877356640535,7.451425765507839,6.4492220464980194,4.77128712598762,3.2124163353699196,6.581012960091388,5.71464125044193,2.813302432883352,4.651882886962435,9.689259414188733,5.024752636121632,3.8870441084965144,3.487255062040039,7.658148475144129,6.271639234366532,7.111158670875842,5.372277926138237,6.881028852999179,3.727519415678134,5.243886471372587,5.430580272459104,7.0736703978128315,5.478264560210683,4.061732387395677,5.096110758380561,2.485380196309639
ENSG00000000178,1.518546900094599,6.247012055162431,4.437884170540484,4.607874051529598,6.246420019049922,7.095515577566898,5.801731932241375,7.892109245326718,5.754033701085916,5.453320195369992,5.360583233756898,3.0717566567995753,6.433997908460183,1.331800969977071,4.120620714086333,5.034395525851418,3.8153565148799555,4.322366115390768,7.759063349340843,6.656035828672518,3.9712584787898915,4.295650233541435,3.0844940771722342,6.057490679009206,4.625386324384286,2.0503002936581782,5.151175387715087,5.658468325402739,6.444711459762579,4.889967808134838,4.440993255820428,7.979397020734292,5.009879234149328,6.079342747396902,4.190690534935612,6.034864477453749,2.816556511393853,4.30689868142205,3.187588640860919,4.092540017195799,6.875705060346606,4.081511166044454,6.077384188211126,7.2758977730855605,4.9586340295950215,6.49065065758442,5.796628937208013,5.174655395875299,6.125473383975394,7.75990713498778,4.044096631237172,3.561198649735888,3.473128181516985,6.491641954604832,6.694051434692529,4.194444599999097,1.7959796758409794,3.9878648901153713,5.821781266710494,4.89991529152575
ENSG00000000179,5.27052162013305,4.2149833725866035,6.521133687064647,5.5147877026319545,5.879695208545703,5.238598524540023,5.7865522454162654,5.687857532271442,3.6078880577963273,5.559594643062693,6.187262257919779,6.732712199292266,5.624160722425569,3.552124221902696,3.7830240056389957,4.347277878120604,5.284195862204787,4.81664584803861,3.3144019015536292,3.305419948527423,1.8522173376399746,0.3207876141979844,4.802327265567612,8.480345562714284,7.69516928568714,3.532652881815543,5.224854946085916,2.8031307349247516,3.0318357037128187,3.2037911035544306,4.6617519733372506,4.726310584682036,5.3790529562102884,5.994824584556424,4.494678614907262,5.0543029559939425,3.359281239964686,2.9832544636142284,2.7515414809275356,5.9738717016923415,4.493138227867635,2.1933196057633957,4.905366570974586,3.126768002320875,7.490568228459457,4.131767417619761,6.022258978728682,6.6334445410774805,3.567607321164438,5.114070676332061,5.83020185208222,5.17331925861516,5.541651138964728,3.0055559096612696,5.831054329571787,4.270753708740936,5.524176834926211,6.379983268327196,6.00321276127741,5.523079588234211
ENSG00000000180,5.963192444276775,6.032616580833178,7.243251742075889,4.948923950805844,5.245935490163583,6.398100213464168,4.264418585354731,2.9970987909830216,5.739845261874156,4.690964473076083,3.1887088823984486,5.750812894069756,7.146699522543872,2.555386180566371,6.5334874928247215,1.1943987263814775,4.399570054727729,7.76077386836387,4.5075139272307,5.134907593731488,6.144299301160332,2.4252897289090214,5.108142201259633,5.096319607941962,7.79348145987311,3.146388753503265,4.427691025324818,3.6074663137645766,3.448382294462931,6.691104090596868,5.039977253001227,4.166649205360219,4.223231148286197,4.155159384581906,4.289295233888459,3.103331983566103,4.6119056861522,4.461189962521783,3.863304940394986,5.232569384457462,5.3598342201772375,4.165029178562438,4.783798773850617,8.237935590351285,8.180649887903206,3.4188647148053963,3.628328650117162,3.4108950845120054,6.585580909958359,4.402206050636459,5.359511365394449,7.995450999921325,4.984302808534307,6.059373082635981,5.78063112395059,4.117673972456076,6.5887425976127885,3.7254487863497214,7.009819679666264,4.118823552186321
ENSG00000000181,4.283048419195858,3.3672682645598124,3.6136108837750296,4.359853516507197,1.3529771631340823,4.650001488236605,4.238038644137725,6.185016647917748,5.634471107535238,3.938543853351055,4.312173860861139,4.648072942218653,7.228934831713774,3.766542979315337,3.9203590025740187,3.3071237725742737,2.776940780845723,5.460505435438242,5.304354996609815,6.924142779253028,6.562113511590394,8.595675071797713,4.889190848688356,4.60920565430569,3.049660482299961,6.044867251214488,5.177801362169508,5.9768994575160255,3.2913136711424,5.527406283540049,5.307799426930913,5.2085525598405304,3.975101137714214,6.783986972830098,8.075461368467018,3.3344839605535768,6.080665969389437,0.6832247729894163,6.002914924223687,2.1947680751873677,4.212548978151113,3.030463007368624,4.676582757575906,6.2581905475517425,2.2140301044094657,4.4607804657265415,4.229946846775915,7.371573025807812,5.6476415117754275,3.234174330089866,4.2930584314544005,7.334156357578297,6.071547975161036,3.6226498063918675,4.5993941924253665,4.647336277387778,4.193027109266292,2.4346817655174657,3.983567426915047,7.083798958798061
ENSG00000000182,4.4282832694082375,4.845119554308622,5.210788470280361,8.327212092068189,5.013312157125442,6.640918030375267,4.102729741923206,4.610901109246263,5.018829084665428,3.838800587225923,4.694423329095564,6.332076403719904,3.799453158362175,5.000133546445458,6.063100327483899,3.7633009267808832,6.643120688922434,5.109325219566984,4.752316154991066,1.987778291299678,4.439581336979789,5.557388624217954,7.618017528203701,5.851833731167419,6.689324347667523,3.186343139567092,4.809766256520568,6.831119663493296,3.6683996744001153,6.447833943459654,6.099976796900499,5.41208547267473,4.506946062296038,3.5205572681413475,7.663068941154971,5.947793776586046,5.510924187013173,4.380725377696623,5.056807444384966,5.247075904955049,5.599813527100359,6.101510432707902,3.826292711217363,2.8001045517694934,5.126421276910246,2.3791739940128576,4.514508507509543,4.236215254832356,5.737622288302504,7.973895553229464,2.0831140641446586,8.411277545477601,4.650387261321461,5.52171302325887,2.877751763564425,6.495307355339481,5.062208804527586,4.90779888321757,2.0939223276455694,5.110695220771141
ENSG00000000183,6.268742485724861,4.645582046775217,6.761299018466226,6.6993427578370435,4.038356925888728,7.392670788196089,5.067942446487623,5.074617876181746,5.148471833904097,5.103973626411689,1.0547999650122375,4.721740402715419,2.9540802925063185,7.439503553323515,7.379124487581801,6.277907498683382,4.642298843991667,3.4879775950944523,4.013628498086593,7.913962859639049,3.9617039202200592,1.4666069684209044,6.545248262728091,7.25075467042684,7.488823530749784,6.5575220063739925,6.802279515852172,5.079401111080313,1.8855565647625052,5.04182156225002,5.932359158629126,4.797094915150624,4.728745821890578,3.5538229414725166,3.497391885091961,7.757222772149105,7.811519554820213,4.996029303130845,5.42228540763939,3.5287129144444718,5.9638622749091805,7.6394737574213,2.70615383008296,5.69582494955359,5.808533363967561,5.791409772333886,7.464226501772703,8.054027318256729,4.649774483191006,6.009760508234537,5.126350558589089,4.0518270605904565,5.406221235321522,6.007249292750372,5.325393028125479,3.678228185770824,4.3046590402164835,4.316138869738014,3.7363340676039436,5.4703093724085035
ENSG00000000184,5.627168144439616,6.469276401330794,3.7135664777590534,4.13378197065681,7.331854177896857,4.753256203890619,5.045196543877451,4.737344417906526,6.699546228082466,6.757713021072544,6.6698121508832715,5.039851417036322,3.6913460337664974,7.887819616638882,6.284463465433276,4.315011527911415,7.1357282704166165,4.196586627111357,7.116055104782984,7.217426884076737,3.6177758424784163,5.872637454531441,6.173286055941993,8.922363799379498,3.8865483235492144,7.148814915490743,5.0260190270503315,3.137953724629146,4.820019245248569,5.00369714164956,3.4116647103270665,5.468260428277294,6.436713883247872,5.357300981093019,4.187233865930185,4.777291897389551,4.993184964809823,5.325982441221573,6.664746143360047,5.407909630079134,2.8959550570554344,4.156518392016963,5.249031576344955,6.686186727431171,6.946769662304828,7.662028012381183,5.195921596368957,6.14496376325374,2.8183076983955457,5.644822359742224,3.3871038478087074,4.906191206367875,9.544757583308213,5.4553313542856445,3.704280171229507,5.611683508936858,4.224387220115968,3.558883830263673,8.15470930008575,6.600218039400129
ENSG00000000185,5.5183049374936175,4.412265064628688,4.533815775541701,7.313722800266226,5.459866306496852,0.3757922855767801,8.631407773488256,5.274593535458427,5.515053508602225,6.630042220152195,5.69810424096738,6.120362926575215,4.3644147989526125,3.15530701405042,5.420349172209795,7.147421978411885,4.028296162425324,3.9079640077703353,6.831528890569906,4.314132192288363,4.384160129248397,4.440283590580637,4.9025285285142814,2.639542856146942,4.190989831187561,5.345552028709583,5.334856904262244,6.73698957886938,7.759088333292207,7.268725169996604,6.371978576110902,4.776898113849189,4.06539639506468,5.026817648762603,5.878368154659347,6.2329066973685014,5.934628600273776,4.818236792935921,6.180293359763392,6.891308757625254,6.3202405761013125,4.951980417254902,3.74922696124099,3.713648855917839,3.9781735646117276,5.385612798012395,5.77970563033345,2.878201523083955,4.244007337454674,5.364928197958091,3.6504801348535962,5.650856229589407,4.538857563625151,3.9148695924961148,5.079808148673346,5.588420494368651,3.727206628595108,4.636081430278929,5.701517565960662,3.856864725024849
ENSG00000000186,2.5133647393641474,2.6951392314653684,4.372923703914545,3.0223725855422923,4.478417157235631,7.497414276759018,2.9321024184669775,4.576092722783449,8.198456831407077,5.612195124463565,4.448415068786601,4.764676048221142,5.6440437625899165,7.54365789594116,4.203719588784136,3.863584575667576,2.9317869008296586,5.154644048764706,2.8914689452731306,4.304326062767308,3.6369748383344715,6.611185265351159,4.237405418949791,5.595395492008424,2.5938619974671555,5.197260431679268,3.195259541208877,4.361527250105211,8.316803861384336,6.3982615658613256,4.807381125753039,9.798412864674795,3.6272379644400234,6.747824573113042,2.7009883147293285,4.634115863528079,2.978315374729159,5.385913872636312,5.083955380368135,4.538502801224627,6.63808553768946,4.149351540495815,5.490277621710986,6.230832410407008,2.7751681866557254,3.8773784874884245,5.080791450973751,5.945230129142478,7.1318566488823,4.676180301908119,4.525293436025174,3.691105954679504,5.4949761382655495,4.554323639452862,4.588951605761422,4.8591672411672375,5.827442093135509,4.154404170231109,3.8417628666366426,5.647586279201155
ENSG00000000187,0.4614126471761226,4.094482739507471,3.273035750888954,6.8048873345251835,4.338600856185655,4.158925827099154,4.927066272120089,4.106941357302629,4.396027762769698,5.145665615634745,4.366939348240598,4.356173821591945,3.484763489433037,3.269324389219203,5.090955346385421,5.459900764678734,2.8577650343240757,6.139912123071271,6.146071459737121,6.462033707417935,5.4498336271108965,5.955623150433494,8.277538766867483,4.54771759868406,3.4314627486656653,2.6989101751678075,7.633510895348475,7.653180888047986,3.613100387098654,3.909018780982165,4.5140134437032415,6.836385308218976,3.0690467022795347,2.0500707126666873,8.251271714843242,5.468559930380113,5.681619958877841,4.69234099220001,5.698677385577035,2.728691174988521,3.7386191497096553,5.157736826783908,1.5936636606496373,4.5462235792786565,4.453753444498389,4.545964652074458,4.1733772882685285,3.5061621111882544,2.26695222459362,5.217120570751118,4.549814019805635,2.937077680146983,5.093800119250656,4.557574707390941,4.308464072506827,1.7646576697888243,6.024151268461839,3.1504234398363047,5.094905382261862,3.7875973348509606
ENSG00000000188,4.416910223678022,6.728438737624867,5.797427301205061,6.695059919434205,5.4955782419323596,5.594215376511171,2.3282914996607333,4.523712509200169,4.662636602227088,6.835497230527963,4.240656008139608,5.397289263584184,5.338636014627128,6.736512740421091,4.7993838765408,6.24168042303972,2.442702298793713,2.5789708505840876,1.57498348306321,6.1789774627,6.010500406683104,6.345241360848924,3.9839572464407107,4.154678513698001,4.818428536006534,7.165548954421484,7.540742191433076,6.1907127347620445,5.496529587205251,7.003074046550188,4.616236314275662,4.413587704276558,4.806466819079283,3.5319284458706335,4.737485953442581,3.3238879343240897,6.537511728349368,5.815531086549527,7.144343596321738,2.5560757956287157,7.852545420383109,2.6412868793098396,3.2025378873751915,4.068767679705365,6.961581037954797,5.3383602458428605,4.634256124217642,3.811058848032259,2.9360972740089504,6.698940985539515,6.197958891572959,7.028675565638525,5.595227190471686,1.0368463121666978,3.133125600977822,5.697306958770063,4.4454244621459695,4.16173704960781,3.345159852665707,6.4213843511218105
ENSG00000000189,5.684288956121462,5.751786834362184,4.049596626822414,5.2644316383497145,2.9933526107052786,4.80525802873071,1.2081056321103367,2.6478257912981675,4.516532233621983,8.562677219412398,2.2988853898627033,3.134629111190206,5.325162195039215,7.654134359021905,5.30325874548211,6.053212778456235,4.493594373985284,4.234067616590935,5.123276528101635,4.012565914060843,6.0864040080766175,2.590592151581624,6.33498054885025,5.058969518454128,4.677918697098705,2.5355231597203676,3.5303169920031956,6.797977209699768,4.687101502949952,5.417597698809232,3.6807019800269805,4.956418045661824,2.9417719278200307,5.149823381431831,5.555961345905307,5.4809220907775265,3.6446227542647573,4.4869235238492475,5.805791218972447,4.6828436070828525,4.5690419264898345,7.855201412938334,3.5735163217008132,6.620627702133474,3.267979004742604,5.982171628657122,6.06222883718596,4.234452267414431,3.1737847207068404,2.0443501942948736,4.077329736611997,5.789327971928485,3.3835577643506323,5.145422871385592,2.785355303133732,4.649167711844054,3.279434143701904,4.883029247158359,4.248380795588702,3.2144507956436
ENSG00000000190,4.011689783166589,3.5987647066370103,3.029112949643881,6.624118737934126,4.459737703323613,1.6966618263895021,4.065078788607972,6.372067570727396,3.8579620501139353,7.246615817200444,3.7150069175576164,5.755112083724683,6.554957876886518,5.67529095846715,2.938259038038454,3.586297134617653,6.755106485579873,3.793082815502034,6.463514770853307,4.354572917277584,5.212155978828727,2.9208390844685725,4.0875986379312526,3.687040429340417,5.33839947583726,5.139796369573824,5.6939748443684515,4.26421624536099,3.604654893058133,5.274093628316462,3.4556166454894486,6.617633789633882,4.828216420116331,4.510797335442566,5.693263434125317,4.885453250852425,2.512922424747205,3.4078551509158497,6.586563055796923,5.125826521766874,2.477648296454838,5.528168100072749,4.161111770195377,3.688250071236827,3.282690911549231,6.499894206978031,2.051752441991975,3.7437018883407647,5.180190148866863,7.367544603355245,5.830787294525479,3.7309630767007964,7.294030181160222,2.967314900442541,5.3980042480327315,5.731676968628323,3.6783266251993383,6.046389577832381,4.22916480658856,6.042713641276946
ENSG00000000191,2.240606761120687,5.5024641353433115,4.381839990959592,6.724555674451732,4.934028905343574,6.873844300580179,5.761419147549578,4.808737311427764,6.1815039644214425,6.1910876967906825,5.707865006736821,1.5615479380622248,3.5261592638534034,7.0761587697588855,3.1160812168471015,6.32369172509871,6.059678985169503,3.911371457626956,2.007152559324913,4.14663110307811,8.117022565449517,3.705084061685968,3.808613983101094,3.5036263845352598,6.82217671482428,4.635626432562341,4.061140656576292,7.120211025793027,5.869241131903305,3.6210646374346105,3.1646241334073295,6.737254947319959,5.025182245612574,2.676403970215831,2.3253264696596765,3.325941927200362,3.1407731178454554,1.9308845436478455,3.350739520027256,3.6213791575342196,4.305978067423144,7.539365067691569,4.599735091852589,4.748637743383679,5.763883045698414,4.64402289340016,5.600229445830062,5.4209223154276,5.1838828483988655,9.149699126628438,6.3666887660665274,3.377417022939904,5.5553332792837455,3.8123947900104196,5.66937614608978,2.9372188743375953,3.3383308278740316,5.515861343735191,6.496503670397038,5.753966523129519
ENSG00000000192,6.2811760018028275,5.560727838145769,5.258744148548498,4.244460088612344,6.219502713075196,6.537318849239962,4.905326463005337,4.824610937332013,7.387108717583356,4.969367330275666,5.113528805548953,5.726338861629342,4.85329061606877,3.769489515885357,5.566948363285283,4.941867484966518,7.763374634711744,6.182672825438564,4.106776570335498,6.093590328785563,5.4617987520964695,6.964139452918269,4.213318680756441,5.283014222539286,4.851359526361262,5.0877191345874495,3.672201576494076,5.863867501869765,5.626946413774245,6.927835425382693,4.984961222019829,4.382240737627797,6.183941566916055,3.8086934276004736,6.627476802625939,6.624262996120555,6.885918351701613,5.56493447701924,4.2702554261033505,5.163781589458043,5.570103342618809,4.159787532218186,6.999674433387824,5.870126251352814,3.6616655670169926,7.824310514698666,5.146083912755265,3.3588454357250206,3.754618815879089,7.231675395748017,7.737477374325232,6.514227580221378,6.978962972880703,6.824923188197917,5.835374229146099,5.493562681716389,5.8097947917149115,6.104023164714942,3.887602990210403,6.097938093968165
ENSG00000000193,7.187925270945526,4.690441357506454,4.530128322017305,5.714819463857999,4.0255136743877955,3.0247720750587406,6.721578560157767,4.32357310996485,5.027672868080314,4.084812438487901,6.915132222369499,6.279764237426021,4.638890688269449,3.230153952855872,4.4796052927127,5.855229049924571,5.282953556119648,5.163647066677981,5.3175481392047175,6.138194347247239,4.937211193902433,5.675020175689254,3.5196211883823527,8.83077616546299,4.574211021025618,5.305389511825966,5.849698287179317,4.383814231399189,5.011737191374194,4.993512911985163,3.6289428611399344,5.657884138309457,2.5261672426119035,7.6290626636249215,6.18945632746759,5.9586835364800645,2.3950368313501373,3.811206990060469,7.084017681207581,11.226862095559401,6.7920386975855465,6.555415115376427,5.787461342171282,3.7287542064347443,6.492761124800496,3.348188994354606,3.1841222522902197,3.0897060118422655,6.463583969752389,4.913878917608747,5.151287149856571,4.976894094423973,3.3114251882026626,3.993903640973894,4.069360690619821,2.892092829161959,4.243684857049473,3.378040315405642,5.866513443300489,5.991456595950236
ENSG00000000194,3.0595413160401654,4.555052353627999,7.784089821975055,3.5288556534825606,5.639956726692598,5.158282901004327,6.6393313367613604,5.443200262036109,4.353056783114375,5.100146182209327,5.122054915930604,4.862457226575764,3.021332817013974,6.864632911396838,6.599650381796487,3.433716459695214,4.54891155172437,4.662371495968676,3.2652217992506265,2.1998055983565994,3.994111022131496,4.465396489623212,2.8381499999539717,5.2654666461282185,6.74428445497451,6.263174219247902,4.809971520261922,2.239382455218205,6.073553510988572,5.219588253596837,5.636526663827031,7.904154200453771,3.76278255570402,0.687776100316936,3.4198181332853643,5.729067602401732,5.040388852622061,3.1765458056019775,2.8704239252353543,4.468086476273907,3.1308579951772915,5.780950127381788,4.382859667060597,4.059323173502432,3.8625853956154903,5.394684089870892,5.0639138356400535,5.302935904793891,5.270194165708717,4.89170669510494,3.450304124812864,3.9044298099031067,4.4079876422915945,8.097792857132482,2.976745519374783,4.371535245024664,5.147400590165733,4.545000870091261,6.610954312156607,4.537253104245701
ENSG00000000195,4.648187901274086,6.221942770424476,7.7160674943775645,7.111247560922492,4.795019173836285,4.925728682401395,5.0700788671763055,5.2204991126938785,3.7289778284782775,6.404890698283158,5.30991369158418,4.93271571677703,3.0932819351613907,5.0934293127359185,2.160181545168792,4.127525983951652,4.155353440281202,5.430492789631429,7.819775037417944,5.8578611984981555,7.17260310895342,5.967818259655365,6.687580234531423,7.785691029414659,3.9022447515466174,3.804343348802745,6.003216350715982,4.994482318906631,5.330530749210441,4.626999661838959,4.105611924462924,7.431147003162538,3.3502083292701283,6.029588388862316,5.786342428595675,2.631480053644634,3.7538295050096093,4.005964158575199,5.846876169974887,4.4494473411041735,4.871615290083792,2.8135289645229085,8.488867575072971,5.1067934281092455,5.7485013459454155,4.189061767152166,4.021059009398223,7.869026982430297,2.1249175894900563,5.417970602646165,3.1827441633381603,4.392498268404493,4.0428582984889685,3.5210334748711283,5.053162594559491,1.1479562790409015,4.526767277121954,4.864565036975037,2.961085180390981,7.269828082174076
ENSG00000000196,4.108312437804027,4.643773636302744,4.111671254127946,4.877650819354121,6.962216140259074,8.709523705885212,6.118458805550988,6.631990650457657,7.5746412222156225,5.373306615149685,7.355376310417805,6.188601698585605,5.2159810389673575,5.5255115516772015,2.2678745549482633,5.438178890669224,2.6843787193305557,2.5620962725833385,5.289318033537837,3.3288821071999184,4.989329373044933,5.207651779024797,5.274574401225703,3.643817889436848,6.3480235737217985,4.866147145300881,5.661613520256743,3.205340579079505,4.732508664806019,6.64594172490518,6.455266447713052,3.804060975613409,4.181662714137731,3.516969904904272,4.015380622608677,2.9013986889402066,4.792736191387289,5.949707597274266,3.822420704298382,4.864090576008235,4.669252388552965,6.582678097397329,4.082612244793368,4.1371758385237225,3.730968307561458,3.2937357198822683,5.793777487170455,4.797333805504282,5.0822147897349526,6.9119617342930955,6.998121088891807,2.530648538247795,5.971752009643351,5.338470388566784,4.307613501281096,5.491525530541914,2.410425147168821,7.193963514164599,5.7724161456078615,3.7022033827510112
ENSG00000000197,4.121884667270714,2.4452802866788392,4.529064125245619,4.275902034139126,3.0123344193143615,6.165053350564667,6.915195784541713,4.958959264933283,4.541529675730448,5.652476903197691,4.9705415562574355,3.3767311756532203,4.020983020119108,4.555345989877954,5.372279891715044,5.014005076814702,5.315554069980674,2.7127580250741175,5.997826616127393,5.005123826012769,8.829063581225231,4.41854844473538,5.485187742664059,9.243828743312752,5.291137444254768,4.898554191085975,3.519617157874023,7.292399550813477,3.261347620735145,5.640681375272183,4.289667018037428,4.715995606132966,2.864101597084913,7.014690832600842,4.583304041122585,3.1773655116604496,6.879035895560137,4.243794780444045,5.501910937596082,6.262124573201549,5.71105149586148,1.705046674251447,6.04303505146668,4.849079356002307,4.506456954795001,4.836387576537167,2.5849508090883777,5.288256371992704,2.9534129394360344,4.571240435665053,5.234396647307316,6.611055631981421,3.770580260210428,7.177381057768983,6.420279880272721,4.3558853862641955,3.3368761003960956,2.834275726654368,5.407630777299709,3.894073775688779
ENSG00000000198,6.799035207922573,3.9807142552575945,3.6489935299220417,5.35043952686647,3.970929714260865,5.012824990053205,6.478983995087782,5.175843997503086,5.181446691054086,5.307720063362627,2.46035151457191,5.587756624895735,5.2398973650888445,6.339345990475131,5.908716201705679,4.6970770525917285,6.548589337266035,4.561053953580919,5.370735656116557,4.533275854280966,5.692636707384818,4.435265326043357,7.471327413412351,8.026044105838459,6.310907381279008,7.311944974121042,2.6911782787114293,2.8679333850875084,4.517659150053181,5.061846447888316,4.702688872850501,2.53679712555057,6.72738755948547,8.231297350035405,6.9214815187589345,6.628284903179708,5.3391794077184045,3.7355039439092943,5.108792078953951,8.158382055262255,4.472017831239416,4.317564128264087,6.660955488655871,6.760529076118393,3.7281472913377947,4.6077730801438666,4.247141756147848,5.104534068591636,6.655530006427239,3.7939587183078634,6.6344972183554045,5.152476873381962,8.489288204471418,5.47824632655631,4.854622145556102,5.862072090673989,4.494280643169185,2.3070903149722617,4.639218238593353,4.615559586396162
ENSG00000000199,2.6115238091752824,4.890447215308261,1.899334663085904,4.478469747266781,5.365393988067009,5.145494265707349,4.3833957906697725,4.871704397077893,3.823903343783254,5.016224779133802,5.087129609887657,3.6496250331477356,5.4015488007636465,5.39217898262068,4.750685129628393,8.631570554430228,4.788946419973537,4.581148631940473,4.366410336188401,3.5435911653854006,6.028846039765105,3.970629547970825,4.148077779503371,4.192637660692103,3.522584726227233,2.3733750011829153,4.30559019926121,6.310002969068437,5.295469708197866,7.340862905282188,6.126434457483775,5.785947215411067,7.823973533979073,4.854281607495183,5.094613510257428,4.982803367509794,7.315680096775325,5.003772974688636,4.0275839388843435,5.881513306944278,3.775610283414458,5.800207268920888,5.620761401212753,4.715895998290256,5.84871735813024,2.7683151045374723,5.244443181987479,4.305851922999902,9.29339536592678,5.233737604460312,4.1054119253248444,2.9325473959203774,6.958109295191399,4.474950920714333,3.812971899386871,5.50444882101359,5.9745782471084805,5.950929399814293,5.029625634589042,5.23878520533008
ENSG00000000200,5.348055613521054,5.50459439844331,5.637327793852224,6.641679126958319,5.084622293038775,3.7747951012544574,4.783562445343948,6.1306712281024955,2.3202080624227315,2.328871706942058,6.377414182088486,7.280184225276992,3.1021999474707895,5.150688906249343,4.400682330624478,4.608754831637564,5.4582965131346235,3.0606946564838764,3.3391737492613984,4.548123240618162,4.781936603158759,3.311067341473743,6.1844715121837766,4.37365854033345,4.367273590899732,5.423988185344851,4.806637585898751,6.25621521935872,3.5998661932990004,2.903920104404789,4.535318654302088,5.0903542594025195,3.1388660838537192,2.9183696574496114,5.273446673506978,3.863329149027557,2.8212324244896205,6.448011938471094,4.0523079906093615,6.724717405798037,5.042706186664141,5.442138293082955,4.682750380854721,1.0172566331814548,3.2948202634194437,4.811435810421913,5.547093705939057,2.315488966417819,4.919597438209308,3.3166038691789526,5.351930247634481,4.9708988214502625,6.1152524036443605,6.600234395281278,5.688484848911044,6.290590383455862,4.474486286114242,9.234676116900719,3.1717713552576785,4.208366333136018
