snp_id,chromosome,population,year,allele_frequency,consequence,gene
rs590157,3,AMR,2018,0.0955,synonymous,GENE0031
rs834025,13,AFR,2017,0.2897,stop_gained,GENE0031
rs986414,11,EUR,2016,0.1248,synonymous,GENE0272
rs153501,20,AMR,2016,0.0082,synonymous,GENE0080
rs317703,6,AFR,2016,0.0404,stop_gained,GENE0236
rs640982,6,SAS,2015,0.2071,missense,GENE0021
rs990158,3,EUR,2018,0.3682,synonymous,GENE0261
rs477771,2,AMR,2022,0.0536,stop_gained,GENE0084
rs217851,22,AMR,2019,0.1078,synonymous,GENE0235
rs822128,21,EUR,2022,0.0514,intronic,GENE0140
rs202313,5,EUR,2018,0.0165,stop_gained,GENE0067
rs223940,14,AFR,2023,0.1414,stop_gained,GENE0146
rs331348,11,EUR,2021,0.044,stop_gained,GENE0183
rs97570,21,SAS,2017,0.1654,intronic,GENE0267
rs302554,2,EUR,2017,0.0,missense,GENE0256
rs916766,2,AFR,2022,0.106,missense,GENE0187
rs779119,1,EUR,2018,0.0,missense,GENE0100
rs968470,22,SAS,2019,0.0746,missense,GENE0279
rs547666,9,SAS,2021,0.2799,missense,GENE0262
rs245635,16,EAS,2017,0.0314,intronic,GENE0161
rs987293,4,AFR,2016,0.0439,stop_gained,GENE0154
rs978084,4,EUR,2016,0.0193,intronic,GENE0057
rs791665,14,EUR,2019,0.0858,intronic,GENE0037
rs355071,18,AFR,2020,0.0342,stop_gained,GENE0293
rs637864,5,SAS,2015,0.0575,missense,GENE0157
rs781633,18,EUR,2023,0.0741,missense,GENE0185
rs361088,16,EAS,2018,0.1658,synonymous,GENE0283
rs212735,20,EAS,2022,0.0453,stop_gained,GENE0258
rs532871,13,AMR,2015,0.2093,stop_gained,GENE0086
rs294276,22,AFR,2017,0.0844,synonymous,GENE0197
rs318182,21,AMR,2018,0.0631,stop_gained,GENE0182
rs232883,7,EUR,2020,0.0,synonymous,GENE0120
rs928504,6,EUR,2020,0.2575,synonymous,GENE0132
rs633387,6,EUR,2018,0.1068,stop_gained,GENE0052
rs226977,16,EAS,2015,0.0409,synonymous,GENE0011
rs798350,22,SAS,2021,0.4034,synonymous,GENE0155
rs678436,6,AMR,2023,0.2569,missense,GENE0091
rs967557,9,EAS,2015,0.036,missense,GENE0070
rs109580,X,AMR,2018,0.1946,intronic,GENE0152
rs352027,9,SAS,2016,0.0531,stop_gained,GENE0263
rs139617,13,EUR,2020,0.0459,missense,GENE0273
rs185366,4,EAS,2018,0.0459,stop_gained,GENE0048
rs464340,5,AFR,2018,0.3004,synonymous,GENE0268
rs199551,4,SAS,2017,0.0298,missense,GENE0208
rs349768,14,AMR,2023,0.0188,intronic,GENE0209
rs468565,5,EUR,2021,0.0599,synonymous,GENE0117
rs948684,13,SAS,2019,0.4481,intronic,GENE0017
rs173790,9,SAS,2015,0.0481,synonymous,GENE0262
rs445085,15,SAS,2019,0.0656,synonymous,GENE0129
rs51293,14,AMR,2019,0.0535,stop_gained,GENE0175
rs783417,14,SAS,2023,0.0649,stop_gained,GENE0230
rs883519,19,AMR,2015,0.072,intronic,GENE0284
rs817344,20,AMR,2020,0.0221,synonymous,GENE0068
rs613962,14,AMR,2019,0.3292,synonymous,GENE0252
rs312805,19,AMR,2017,0.1017,missense,GENE0008
rs956182,19,AMR,2023,0.0166,synonymous,GENE0180
rs816089,11,EUR,2023,0.0159,missense,GENE0251
rs607673,X,AFR,2017,0.0519,intronic,GENE0083
rs233148,8,SAS,2017,0.2557,stop_gained,GENE0012
rs594703,4,AMR,2019,0.4051,synonymous,GENE0236
rs767514,12,AFR,2022,0.0195,synonymous,GENE0210
rs518726,7,EAS,2021,0.1338,stop_gained,GENE0219
rs667923,18,EAS,2021,0.0657,intronic,GENE0273
rs983320,18,SAS,2022,0.0519,intronic,GENE0244
rs126804,12,AMR,2022,0.0,intronic,GENE0119
rs394575,9,EUR,2016,0.0613,stop_gained,GENE0226
rs753694,11,SAS,2021,0.036,missense,GENE0149
rs690814,14,EAS,2015,0.0118,synonymous,GENE0102
rs313652,8,EAS,2016,0.0626,synonymous,GENE0148
rs774430,7,SAS,2017,0.0124,missense,GENE0277
rs173646,7,SAS,2017,0.1361,intronic,GENE0115
rs524617,3,EAS,2015,0.0,missense,GENE0257
rs323825,7,EAS,2019,0.1032,synonymous,GENE0192
rs205377,6,AMR,2020,0.182,intronic,GENE0216
rs944551,9,EAS,2016,0.216,missense,GENE0193
rs561348,18,SAS,2022,0.1053,missense,GENE0082
rs424273,14,SAS,2022,0.6777,intronic,GENE0222
rs603280,15,AFR,2019,0.0525,stop_gained,GENE0226
rs299861,13,EAS,2017,0.0473,stop_gained,GENE0147
rs812805,18,AMR,2020,0.0695,synonymous,GENE0096
rs251504,11,AMR,2023,0.0236,intronic,GENE0233
rs460197,15,AMR,2022,0.2207,stop_gained,GENE0218
rs607578,22,AFR,2022,0.0437,missense,GENE0156
rs980161,3,SAS,2021,0.0309,stop_gained,GENE0005
rs748817,15,AMR,2015,0.1418,stop_gained,GENE0098
rs469677,14,AFR,2016,0.3452,synonymous,GENE0134
rs940320,5,EUR,2022,0.0246,intronic,GENE0071
rs57206,1,EAS,2021,0.2837,missense,GENE0071
rs279730,17,AMR,2019,0.0516,stop_gained,GENE0183
rs201618,6,AMR,2020,0.3122,synonymous,GENE0161
rs601477,21,SAS,2021,0.0917,stop_gained,GENE0053
rs970502,5,SAS,2019,0.0472,stop_gained,GENE0047
rs64809,7,AMR,2018,0.0488,synonymous,GENE0265
rs584785,18,SAS,2020,0.3508,synonymous,GENE0084
rs697911,22,AFR,2015,0.2371,intronic,GENE0054
rs625198,8,SAS,2020,0.1893,stop_gained,GENE0159
rs326882,17,SAS,2017,0.0061,missense,GENE0054
rs540365,11,EUR,2018,0.0503,synonymous,GENE0248
rs915220,4,AFR,2018,0.0,synonymous,GENE0117
rs882115,3,SAS,2020,0.361,intronic,GENE0029
rs934003,8,EAS,2016,0.4825,intronic,GENE0045
rs651181,5,AMR,2023,0.1075,stop_gained,GENE0271
rs166405,13,EAS,2017,0.4206,stop_gained,GENE0185
rs357609,12,EUR,2015,0.1453,stop_gained,GENE0192
rs594060,16,EAS,2019,0.1029,intronic,GENE0268
rs675688,10,SAS,2016,0.2106,synonymous,GENE0084
rs234845,19,SAS,2018,0.0423,intronic,GENE0209
rs492343,7,SAS,2018,0.3348,intronic,GENE0063
rs479984,19,EAS,2015,0.0893,intronic,GENE0038
rs989393,3,AMR,2015,0.0,synonymous,GENE0232
rs827766,21,SAS,2016,0.0702,missense,GENE0051
rs30425,1,SAS,2022,0.002,stop_gained,GENE0273
rs318419,3,AFR,2020,0.1566,stop_gained,GENE0110
rs644330,22,SAS,2016,0.0048,synonymous,GENE0060
rs60993,10,EUR,2018,0.0877,missense,GENE0239
rs701113,17,SAS,2022,0.0392,missense,GENE0082
rs41805,19,EUR,2021,0.3255,stop_gained,GENE0211
rs51144,5,AFR,2019,0.03,intronic,GENE0273
rs453796,20,SAS,2021,0.082,intronic,GENE0021
rs132316,16,SAS,2019,0.0,stop_gained,GENE0182
rs532282,13,AMR,2023,0.2641,missense,GENE0188
rs201131,7,EUR,2020,0.2677,intronic,GENE0085
rs256047,19,SAS,2022,0.0714,stop_gained,GENE0293
rs432866,12,EUR,2015,0.0438,synonymous,GENE0007
rs429434,16,SAS,2015,0.0541,intronic,GENE0252
rs86147,1,SAS,2021,0.1344,synonymous,GENE0158
rs182511,14,AFR,2017,0.0157,stop_gained,GENE0069
rs466986,11,SAS,2022,0.1629,synonymous,GENE0092
rs243663,11,AMR,2021,0.0233,intronic,GENE0274
rs907273,14,SAS,2021,0.0538,stop_gained,GENE0260
rs736360,7,EAS,2021,0.0373,synonymous,GENE0292
rs612529,9,EUR,2018,0.0707,synonymous,GENE0213
rs117336,8,SAS,2023,0.2504,stop_gained,GENE0056
rs687781,19,EUR,2022,0.0047,stop_gained,GENE0244
rs106868,10,AMR,2020,0.0854,stop_gained,GENE0216
rs988055,8,AMR,2023,0.1457,synonymous,GENE0195
rs817377,X,AFR,2018,0.0576,synonymous,GENE0076
rs945996,15,EAS,2015,0.021,synonymous,GENE0248
rs310890,8,EAS,2023,0.1071,intronic,GENE0027
rs468264,7,SAS,2023,0.1277,intronic,GENE0216
rs483625,4,AMR,2023,0.1207,synonymous,GENE0026
rs144247,16,AMR,2019,0.5029,stop_gained,GENE0163
rs451727,15,EUR,2017,0.0858,stop_gained,GENE0104
rs729936,17,EUR,2020,0.1064,missense,GENE0014
rs878200,21,AFR,2021,0.0511,missense,GENE0184
rs763786,2,EAS,2021,0.038,synonymous,GENE0066
rs565577,19,EAS,2018,0.1373,stop_gained,GENE0236
rs377633,20,AMR,2018,0.0525,stop_gained,GENE0140
rs571385,2,AFR,2022,0.0625,stop_gained,GENE0010
rs733216,18,EUR,2019,0.0291,stop_gained,GENE0058
rs251484,19,AMR,2015,0.0369,stop_gained,GENE0230
rs508740,16,EAS,2022,0.0569,intronic,GENE0034
rs567286,1,SAS,2022,0.1792,missense,GENE0266
rs344864,4,AMR,2020,0.1743,stop_gained,GENE0018
rs795656,20,EAS,2015,0.0,synonymous,GENE0173
rs535953,5,EUR,2019,0.5804,synonymous,GENE0227
rs241738,14,AFR,2023,0.1568,synonymous,GENE0144
rs657400,21,EAS,2020,0.0153,stop_gained,GENE0262
rs388869,X,EAS,2015,0.0169,missense,GENE0020
rs933599,18,AFR,2018,0.0014,stop_gained,GENE0074
rs767327,10,AMR,2020,0.0367,intronic,GENE0184
rs578012,4,AFR,2016,0.0044,stop_gained,GENE0046
rs405613,17,EAS,2023,0.1326,intronic,GENE0260
rs266864,5,EUR,2021,0.1198,intronic,GENE0004
rs489199,1,EAS,2022,0.0713,synonymous,GENE0255
rs879925,5,EUR,2015,0.0269,missense,GENE0013
rs891620,8,EUR,2018,0.0,missense,GENE0193
rs154836,22,AFR,2021,0.3715,intronic,GENE0075
rs5264,1,AFR,2015,0.0266,missense,GENE0201
rs424261,5,EUR,2022,0.3203,intronic,GENE0029
rs175592,2,AFR,2020,0.0921,missense,GENE0275
rs96913,11,EAS,2022,0.1572,synonymous,GENE0129
rs757349,2,AFR,2016,0.1499,stop_gained,GENE0096
rs74382,13,AMR,2019,0.1956,synonymous,GENE0219
rs815563,12,SAS,2018,0.0454,intronic,GENE0252
rs453377,11,SAS,2015,0.2744,synonymous,GENE0217
rs15933,3,AFR,2019,0.2801,stop_gained,GENE0254
rs991526,1,AMR,2020,0.0119,missense,GENE0034
rs871074,14,AMR,2019,0.0158,intronic,GENE0052
rs211546,5,AFR,2022,0.0234,synonymous,GENE0236
rs105236,17,AFR,2022,0.2005,stop_gained,GENE0270
rs322426,16,EAS,2020,0.389,missense,GENE0176
rs716645,5,EUR,2022,0.0391,intronic,GENE0017
rs168179,2,EAS,2020,0.0414,missense,GENE0267
rs523498,5,AMR,2019,0.3305,stop_gained,GENE0169
rs514215,22,EUR,2017,0.0944,synonymous,GENE0292
rs888789,X,EAS,2015,0.0239,intronic,GENE0266
rs701675,16,SAS,2020,0.0243,stop_gained,GENE0027
rs400487,8,AMR,2016,0.0,stop_gained,GENE0231
rs167637,16,SAS,2020,0.1847,intronic,GENE0287
rs517901,6,AFR,2021,0.0787,synonymous,GENE0008
rs791087,22,AMR,2016,0.0112,stop_gained,GENE0110
rs129237,8,EAS,2017,0.0486,synonymous,GENE0171
rs79001,17,EUR,2016,0.1478,stop_gained,GENE0126
rs695567,6,EAS,2015,0.0728,intronic,GENE0075
rs185194,6,EAS,2018,0.4427,synonymous,GENE0032
rs928692,7,AMR,2022,0.0848,missense,GENE0065
rs891219,5,EUR,2016,0.1185,stop_gained,GENE0075
rs331990,2,SAS,2015,0.0181,synonymous,GENE0200
rs501807,20,AMR,2017,0.0789,stop_gained,GENE0013
rs566171,22,SAS,2023,0.0,synonymous,GENE0139
rs955774,7,AFR,2017,0.1216,stop_gained,GENE0091
rs964604,12,EAS,2015,0.0723,synonymous,GENE0111
rs690678,10,AMR,2017,0.058,intronic,GENE0225
rs297379,10,EAS,2018,0.0276,stop_gained,GENE0232
rs329605,X,EAS,2019,0.046,synonymous,GENE0095
rs471414,17,AMR,2017,0.0315,missense,GENE0152
rs840529,3,AFR,2020,0.0381,intronic,GENE0240
rs722342,21,AFR,2020,0.1285,synonymous,GENE0036
rs833066,5,EUR,2016,0.0,synonymous,GENE0051
rs351219,12,EUR,2018,0.0,synonymous,GENE0033
rs872301,5,SAS,2020,0.0401,stop_gained,GENE0264
rs292864,19,EUR,2023,0.0426,intronic,GENE0244
rs908310,11,EAS,2021,0.092,stop_gained,GENE0028
rs158743,19,EUR,2015,0.0,intronic,GENE0294
rs63033,15,SAS,2018,0.064,intronic,GENE0250
rs786468,10,SAS,2018,0.2281,synonymous,GENE0163
rs312302,7,SAS,2017,0.3698,synonymous,GENE0023
rs472808,X,AFR,2022,0.0234,synonymous,GENE0205
rs551278,13,AFR,2023,0.0277,missense,GENE0172
rs89190,12,AMR,2018,0.081,missense,GENE0128
rs793356,4,SAS,2015,0.0388,missense,GENE0120
rs66643,19,EAS,2021,0.081,stop_gained,GENE0265
rs497518,13,AFR,2022,0.3084,missense,GENE0017
rs536395,16,EUR,2018,0.0006,missense,GENE0260
rs348676,16,EAS,2017,0.0247,missense,GENE0065
rs305192,8,AMR,2022,0.0429,missense,GENE0080
rs712932,18,AMR,2017,0.052,intronic,GENE0051
rs262963,9,SAS,2017,0.1096,synonymous,GENE0043
rs223654,11,AFR,2019,0.0368,intronic,GENE0005
rs944914,1,SAS,2022,0.4465,missense,GENE0199
rs954354,3,EAS,2023,0.0566,synonymous,GENE0185
rs733798,22,AFR,2019,0.0698,synonymous,GENE0144
rs613626,16,SAS,2018,0.0147,synonymous,GENE0107
rs597658,5,AMR,2015,0.0087,synonymous,GENE0264
rs197061,16,SAS,2023,0.0171,intronic,GENE0157
rs310325,2,EUR,2022,0.0506,intronic,GENE0036
rs157054,6,AMR,2018,0.095,stop_gained,GENE0090
rs478979,21,EAS,2023,0.1292,synonymous,GENE0125
rs879075,X,EUR,2020,0.0512,stop_gained,GENE0299
rs610391,10,AFR,2021,0.1094,intronic,GENE0027
rs354105,8,EAS,2022,0.0594,missense,GENE0153
rs591978,21,SAS,2015,0.016,synonymous,GENE0156
rs850930,15,AFR,2019,0.0336,synonymous,GENE0240
rs428450,19,SAS,2018,0.0967,intronic,GENE0180
rs614105,5,EUR,2023,0.3746,intronic,GENE0019
rs716392,12,SAS,2019,0.0326,stop_gained,GENE0109
rs573695,12,EAS,2017,0.0,synonymous,GENE0297
rs86713,11,SAS,2015,0.1042,missense,GENE0240
rs724311,1,EAS,2015,0.0608,intronic,GENE0163
rs376573,2,SAS,2020,0.0183,intronic,GENE0084
rs943952,22,AFR,2019,0.058,stop_gained,GENE0065
rs843771,22,SAS,2021,0.0164,synonymous,GENE0286
rs265941,7,AFR,2021,0.102,intronic,GENE0012
rs716956,8,EUR,2022,0.2134,synonymous,GENE0226
rs417637,4,EUR,2018,0.0349,synonymous,GENE0104
rs755245,8,SAS,2016,0.2461,intronic,GENE0185
rs876204,13,AFR,2022,0.2111,missense,GENE0204
rs278822,4,EUR,2022,0.0453,synonymous,GENE0208
rs583252,6,EUR,2016,0.0087,missense,GENE0243
rs221051,13,EUR,2022,0.0779,missense,GENE0038
rs681578,16,EUR,2016,0.1412,stop_gained,GENE0132
rs395453,8,SAS,2016,0.2143,missense,GENE0273
rs572229,9,SAS,2023,0.0223,missense,GENE0093
rs110244,17,AFR,2015,0.0583,missense,GENE0248
rs276454,22,SAS,2023,0.0476,synonymous,GENE0070
rs519849,6,EAS,2016,0.0964,missense,GENE0208
rs896368,1,EAS,2019,0.2068,intronic,GENE0161
rs350896,2,SAS,2019,0.0,synonymous,GENE0107
rs778255,12,EUR,2021,0.0205,synonymous,GENE0082
rs997264,10,EUR,2022,0.1058,synonymous,GENE0142
rs188858,11,EAS,2022,0.0218,synonymous,GENE0022
rs737941,8,AMR,2017,0.136,synonymous,GENE0144
rs500227,21,AFR,2021,0.4618,stop_gained,GENE0014
rs668066,21,SAS,2022,0.0238,stop_gained,GENE0247
rs980690,17,AFR,2023,0.162,stop_gained,GENE0028
rs455981,4,SAS,2017,0.162,intronic,GENE0155
rs592204,9,SAS,2015,0.0767,stop_gained,GENE0240
rs764898,5,EUR,2022,0.1229,missense,GENE0284
rs669969,14,AMR,2017,0.0472,missense,GENE0094
rs280889,13,EAS,2023,0.2918,intronic,GENE0270
rs163783,20,AMR,2020,0.0056,stop_gained,GENE0029
rs746090,16,SAS,2023,0.247,stop_gained,GENE0196
rs320863,9,AMR,2021,0.0734,intronic,GENE0184
rs495328,4,AMR,2016,0.0395,missense,GENE0055
rs478545,1,AMR,2022,0.1119,intronic,GENE0001
rs558596,16,SAS,2017,0.1732,stop_gained,GENE0193
rs282036,10,SAS,2015,0.0634,stop_gained,GENE0185
rs550637,11,EUR,2020,0.0449,missense,GENE0149
rs272682,4,EAS,2021,0.0301,stop_gained,GENE0046
rs814437,6,AFR,2015,0.0395,intronic,GENE0085
rs129872,15,AFR,2018,0.172,missense,GENE0266
rs627828,8,EAS,2020,0.0132,intronic,GENE0292
rs212301,2,SAS,2017,0.1651,intronic,GENE0208
rs782269,1,AMR,2015,0.0,synonymous,GENE0293
rs240203,20,EUR,2021,0.0,stop_gained,GENE0174
rs932722,10,EAS,2019,0.1541,intronic,GENE0173
rs880277,22,EUR,2015,0.1351,stop_gained,GENE0287
rs199600,10,EAS,2021,0.0844,intronic,GENE0069
rs922479,9,AMR,2016,0.4397,intronic,GENE0222
rs379748,2,EAS,2023,0.0,missense,GENE0249
rs24883,7,AFR,2019,0.3495,intronic,GENE0023
rs241165,19,SAS,2019,0.2474,stop_gained,GENE0100
rs932634,13,SAS,2018,0.2456,intronic,GENE0288
rs451965,19,EUR,2020,0.0207,intronic,GENE0111
rs835764,12,EUR,2015,0.0466,intronic,GENE0129
rs664072,20,AFR,2015,0.0457,synonymous,GENE0019
rs686664,22,EAS,2017,0.062,synonymous,GENE0002
rs542355,14,AFR,2018,0.052,missense,GENE0025
rs710299,11,SAS,2017,0.1117,synonymous,GENE0046
rs313198,22,SAS,2023,0.1277,synonymous,GENE0007
rs868085,5,SAS,2022,0.0675,stop_gained,GENE0265
rs633912,19,AFR,2016,0.101,intronic,GENE0123
rs956991,21,EAS,2018,0.0033,synonymous,GENE0060
rs970269,17,AFR,2016,0.1156,intronic,GENE0113
rs660238,8,AMR,2023,0.0002,stop_gained,GENE0055
rs524978,9,SAS,2022,0.1987,intronic,GENE0078
rs102465,5,AMR,2021,0.1752,stop_gained,GENE0206
rs944228,12,EAS,2015,0.0,stop_gained,GENE0009
rs954876,4,AFR,2015,0.2285,intronic,GENE0296
rs465306,X,EUR,2017,0.0481,intronic,GENE0074
rs750132,13,AMR,2017,0.0,synonymous,GENE0190
rs805596,12,SAS,2020,0.0473,stop_gained,GENE0199
rs546267,15,EAS,2022,0.0813,missense,GENE0130
rs648063,22,EUR,2022,0.0579,stop_gained,GENE0055
rs681358,X,AMR,2019,0.0203,missense,GENE0264
rs759979,1,AMR,2016,0.0589,stop_gained,GENE0210
rs394360,8,EUR,2022,0.0491,intronic,GENE0242
rs913692,X,AFR,2020,0.1635,synonymous,GENE0053
rs954083,9,EUR,2016,0.2073,missense,GENE0280
rs727359,19,EAS,2021,0.0667,intronic,GENE0203
rs986627,17,AFR,2017,0.0356,intronic,GENE0195
rs428117,22,EAS,2016,0.0556,intronic,GENE0211
rs211018,14,EAS,2023,0.071,stop_gained,GENE0286
rs625703,12,AMR,2021,0.0245,intronic,GENE0178
rs50447,X,SAS,2016,0.0733,missense,GENE0149
rs761302,19,SAS,2023,0.0947,synonymous,GENE0233
rs631068,8,EUR,2019,0.0477,missense,GENE0202
rs52485,22,EAS,2017,0.126,intronic,GENE0267
rs940467,X,AMR,2016,0.3099,intronic,GENE0094
rs18751,16,EAS,2018,0.0549,synonymous,GENE0083
rs426404,4,AMR,2016,0.0413,intronic,GENE0091
rs573007,2,EUR,2019,0.0487,missense,GENE0106
rs901778,1,AMR,2019,0.0209,missense,GENE0294
rs918345,15,AMR,2017,0.0838,stop_gained,GENE0245
rs199552,13,SAS,2019,0.1221,missense,GENE0046
rs672680,12,EAS,2021,0.0,synonymous,GENE0131
rs217826,19,AFR,2016,0.0435,synonymous,GENE0038
rs27241,10,EUR,2021,0.3433,missense,GENE0138
rs641315,4,AFR,2022,0.0466,synonymous,GENE0059
rs542398,7,SAS,2021,0.1081,synonymous,GENE0062
rs837852,9,AFR,2023,0.0498,synonymous,GENE0044
rs805501,17,AFR,2017,0.3001,stop_gained,GENE0114
rs20466,9,AMR,2019,0.0159,stop_gained,GENE0222
rs357804,6,AMR,2023,0.0617,synonymous,GENE0186
rs204913,10,EUR,2017,0.0785,synonymous,GENE0216
rs926352,7,SAS,2019,0.0116,intronic,GENE0238
rs762959,14,EUR,2017,0.0157,stop_gained,GENE0229
rs462589,3,SAS,2022,0.2941,intronic,GENE0049
rs61614,20,EUR,2015,0.1378,intronic,GENE0012
rs348937,15,AMR,2018,0.0292,stop_gained,GENE0033
rs349606,X,EAS,2016,0.0487,stop_gained,GENE0143
rs139381,12,EUR,2016,0.1595,intronic,GENE0159
rs46162,13,SAS,2016,0.1185,missense,GENE0154
rs945159,11,AFR,2015,0.2089,synonymous,GENE0025
rs64034,19,EUR,2021,0.1551,synonymous,GENE0299
rs391328,20,AFR,2019,0.0208,synonymous,GENE0112
rs694391,18,AFR,2016,0.0398,intronic,GENE0034
rs22193,5,AMR,2018,0.0289,intronic,GENE0103
rs131964,17,AMR,2020,0.1156,synonymous,GENE0234
rs716844,14,SAS,2017,0.0,intronic,GENE0163
rs84250,15,EUR,2020,0.4791,stop_gained,GENE0120
rs112027,22,AFR,2019,0.1864,missense,GENE0201
rs694877,X,AMR,2017,0.1094,stop_gained,GENE0235
rs275798,12,AFR,2020,0.0277,stop_gained,GENE0131
rs521631,5,EUR,2021,0.0727,synonymous,GENE0194
rs258828,6,AFR,2019,0.1853,stop_gained,GENE0276
rs651014,4,SAS,2018,0.0399,intronic,GENE0187
rs677952,19,SAS,2016,0.304,intronic,GENE0238
rs451738,2,AMR,2018,0.0099,stop_gained,GENE0024
rs556282,22,EAS,2020,0.0,synonymous,GENE0162
rs923120,12,EUR,2019,0.0584,stop_gained,GENE0083
rs548475,7,EUR,2022,0.2769,intronic,GENE0130
rs104760,15,EAS,2020,0.0752,synonymous,GENE0149
rs638747,21,AMR,2021,0.3072,stop_gained,GENE0194
rs404909,6,AMR,2020,0.0275,intronic,GENE0167
rs170311,6,EAS,2017,0.0421,intronic,GENE0158
rs106201,14,EUR,2023,0.0526,stop_gained,GENE0297
rs537133,14,AMR,2023,0.0739,synonymous,GENE0044
rs92275,18,EUR,2020,0.004,synonymous,GENE0258
rs240582,1,EUR,2021,0.098,intronic,GENE0073
rs265289,21,EAS,2020,0.0483,intronic,GENE0131
rs894889,20,SAS,2016,0.1355,stop_gained,GENE0272
rs48586,2,AMR,2022,0.3426,stop_gained,GENE0170
rs748624,12,SAS,2017,0.1313,intronic,GENE0299
rs693640,12,EUR,2021,0.0562,missense,GENE0195
rs136026,12,EAS,2019,0.0274,stop_gained,GENE0121
rs286915,11,SAS,2022,0.0542,stop_gained,GENE0050
rs56569,15,EAS,2015,0.3111,missense,GENE0187
rs640103,18,AMR,2022,0.0084,missense,GENE0266
rs610436,6,EAS,2015,0.2663,synonymous,GENE0193
rs231162,13,EUR,2021,0.0359,stop_gained,GENE0018
rs890444,8,AFR,2019,0.2169,synonymous,GENE0079
rs671878,22,AFR,2018,0.0465,synonymous,GENE0062
rs511287,21,EAS,2016,0.0705,missense,GENE0004
rs657647,X,AMR,2019,0.0397,stop_gained,GENE0217
rs324458,20,EUR,2015,0.0401,intronic,GENE0034
rs701699,X,AMR,2023,0.0093,intronic,GENE0081
rs575124,3,EAS,2020,0.129,missense,GENE0179
rs344749,2,EAS,2017,0.3722,intronic,GENE0293
rs379154,4,EUR,2022,0.4834,synonymous,GENE0248
rs16070,17,EAS,2021,0.4223,synonymous,GENE0052
rs674229,2,SAS,2018,0.0425,synonymous,GENE0118
rs642557,10,EUR,2023,0.0382,missense,GENE0045
rs664634,6,AFR,2016,0.1176,missense,GENE0018
rs803665,9,SAS,2018,0.127,synonymous,GENE0096
rs489710,20,SAS,2016,0.0805,intronic,GENE0170
rs752226,9,EUR,2022,0.1651,stop_gained,GENE0141
rs507673,2,SAS,2022,0.1464,missense,GENE0007
rs397263,18,EUR,2015,0.0235,synonymous,GENE0239
rs467239,13,AMR,2021,0.1748,stop_gained,GENE0014
rs777873,2,EUR,2016,0.0722,intronic,GENE0220
rs883547,10,AMR,2015,0.0534,stop_gained,GENE0259
rs413581,6,AFR,2022,0.0535,intronic,GENE0277
rs449008,20,EAS,2022,0.0661,missense,GENE0088
rs413495,19,AFR,2015,0.0932,intronic,GENE0084
rs355261,2,AFR,2022,0.0548,missense,GENE0109
rs560465,3,AFR,2019,0.0424,stop_gained,GENE0204
rs292374,3,SAS,2017,0.2285,stop_gained,GENE0156
rs735763,X,EUR,2019,0.0313,intronic,GENE0262
rs884212,15,EUR,2022,0.175,intronic,GENE0085
rs223984,16,AFR,2017,0.0846,intronic,GENE0177
rs839083,20,AMR,2015,0.0,stop_gained,GENE0080
rs811587,3,EAS,2015,0.1847,missense,GENE0208
rs597029,19,AMR,2015,0.0572,intronic,GENE0189
rs148669,16,SAS,2020,0.0,missense,GENE0128
rs549688,3,SAS,2016,0.1232,intronic,GENE0207
rs924217,13,SAS,2021,0.0,synonymous,GENE0258
rs811934,14,EAS,2019,0.0058,missense,GENE0098
rs590153,15,EUR,2022,0.0,synonymous,GENE0171
rs300877,6,SAS,2016,0.2067,intronic,GENE0064
rs558213,10,SAS,2022,0.1057,intronic,GENE0152
rs405771,18,SAS,2017,0.0334,synonymous,GENE0072
rs391216,11,AMR,2022,0.1451,synonymous,GENE0056
rs509437,17,SAS,2019,0.026,missense,GENE0093
rs704284,22,AMR,2017,0.043,stop_gained,GENE0025
rs197580,1,AMR,2016,0.0532,intronic,GENE0208
rs258347,15,SAS,2017,0.0516,intronic,GENE0036
rs209603,2,SAS,2021,0.0658,synonymous,GENE0004
rs944432,14,AMR,2018,0.0,synonymous,GENE0101
rs953875,1,AMR,2016,0.0826,intronic,GENE0168
rs720157,13,AMR,2016,0.0485,missense,GENE0004
rs89552,1,EAS,2019,0.2548,intronic,GENE0263
rs735674,1,SAS,2016,0.3032,stop_gained,GENE0059
rs965254,X,AFR,2023,0.2622,stop_gained,GENE0006
rs812751,5,AMR,2019,0.0434,stop_gained,GENE0018
rs180973,13,EUR,2022,0.0996,synonymous,GENE0276
rs100642,21,AFR,2020,0.0014,missense,GENE0001
rs385475,12,AFR,2019,0.0185,intronic,GENE0160
rs505678,6,SAS,2022,0.0,stop_gained,GENE0283
rs925589,13,AMR,2015,0.0278,missense,GENE0181
rs825040,19,EAS,2021,0.2373,intronic,GENE0277
rs834925,20,AMR,2022,0.0487,synonymous,GENE0045
rs640152,8,EAS,2018,0.0393,synonymous,GENE0169
rs214116,21,AMR,2015,0.2171,synonymous,GENE0254
rs650866,5,AFR,2017,0.0817,intronic,GENE0279
rs56453,13,SAS,2018,0.151,missense,GENE0034
rs407735,22,AFR,2015,0.3511,intronic,GENE0266
rs861172,12,EUR,2016,0.059,intronic,GENE0054
rs978926,11,EUR,2022,0.0168,synonymous,GENE0017
rs311400,8,AFR,2017,0.0115,synonymous,GENE0170
rs824570,13,AFR,2023,0.1729,synonymous,GENE0220
rs798023,X,AMR,2017,0.0225,synonymous,GENE0187
rs767984,4,SAS,2020,0.3693,intronic,GENE0141
rs814440,13,EAS,2015,0.0621,stop_gained,GENE0048
rs409757,22,EAS,2021,0.1046,intronic,GENE0220
rs258338,7,AMR,2022,0.0381,synonymous,GENE0033
rs258457,15,AFR,2020,0.0023,stop_gained,GENE0194
rs102486,10,EAS,2018,0.0526,intronic,GENE0183
rs791900,21,EAS,2019,0.0772,synonymous,GENE0186
rs733758,7,EAS,2018,0.1099,missense,GENE0203
rs580316,7,SAS,2016,0.1291,intronic,GENE0161
rs530920,6,SAS,2016,0.1267,missense,GENE0058
rs472702,21,AFR,2018,0.0256,stop_gained,GENE0034
rs92797,17,EUR,2022,0.0499,intronic,GENE0263
rs934129,18,EUR,2021,0.0253,stop_gained,GENE0141
rs435877,19,AMR,2015,0.03,stop_gained,GENE0185
rs844069,10,EUR,2023,0.0148,intronic,GENE0256
rs750334,2,EUR,2020,0.1017,intronic,GENE0273
rs56847,21,EUR,2019,0.023,intronic,GENE0252
rs293911,9,AFR,2020,0.0685,synonymous,GENE0105
rs612150,17,EUR,2022,0.4555,synonymous,GENE0203
rs863416,6,SAS,2020,0.0,stop_gained,GENE0247
rs677834,9,AMR,2022,0.3704,missense,GENE0224
rs13801,11,EAS,2017,0.2237,stop_gained,GENE0130
rs828431,4,AFR,2021,0.0133,synonymous,GENE0177
rs312118,14,EUR,2021,0.0422,intronic,GENE0064
rs447707,11,EAS,2019,0.0521,synonymous,GENE0118
rs183824,18,SAS,2019,0.0531,missense,GENE0278
rs471470,11,AFR,2017,0.0443,intronic,GENE0240
rs822755,2,AFR,2022,0.0097,missense,GENE0216
rs508304,2,AMR,2018,0.0285,stop_gained,GENE0163
rs268280,6,AMR,2019,0.1544,stop_gained,GENE0186
rs948821,16,SAS,2015,0.0845,missense,GENE0210
rs457935,15,AMR,2019,0.0504,missense,GENE0121
rs981314,4,EUR,2021,0.1397,intronic,GENE0140
rs528909,12,AMR,2021,0.0728,intronic,GENE0162
rs499384,12,EAS,2022,0.3037,synonymous,GENE0109
rs587059,10,AMR,2018,0.0491,intronic,GENE0041
rs533862,21,AMR,2018,0.0116,intronic,GENE0195
rs505012,5,EUR,2017,0.3401,synonymous,GENE0064
rs489601,10,AFR,2016,0.0,intronic,GENE0250
rs220994,19,SAS,2019,0.1564,intronic,GENE0281
rs113044,9,EUR,2023,0.2049,synonymous,GENE0052
rs606785,14,EAS,2018,0.0304,intronic,GENE0250
rs561656,14,SAS,2016,0.19,stop_gained,GENE0122
rs605574,1,EAS,2018,0.043,missense,GENE0205
rs447504,14,EUR,2019,0.1541,intronic,GENE0148
rs153046,X,SAS,2018,0.0257,intronic,GENE0276
rs691880,16,AFR,2017,0.0453,intronic,GENE0224
rs178943,7,AMR,2022,0.0227,intronic,GENE0003
rs148934,2,SAS,2021,0.3304,intronic,GENE0273
rs497519,3,EUR,2023,0.0347,intronic,GENE0046
rs485634,16,AFR,2019,0.1164,missense,GENE0241
rs774436,19,AMR,2016,0.4114,missense,GENE0053
rs380371,19,EAS,2019,0.0332,stop_gained,GENE0290
rs368306,9,SAS,2023,0.27,intronic,GENE0226
rs93253,19,EAS,2018,0.0484,missense,GENE0178
rs226386,5,AMR,2018,0.2895,stop_gained,GENE0116
rs417376,3,EUR,2023,0.0849,missense,GENE0069
rs226864,4,EUR,2016,0.1966,intronic,GENE0217
rs990612,13,AMR,2021,0.07,stop_gained,GENE0027
rs171753,18,SAS,2020,0.4056,synonymous,GENE0152
rs285793,20,AMR,2019,0.0423,synonymous,GENE0093
rs399061,20,AMR,2022,0.0374,intronic,GENE0180
rs305519,15,SAS,2017,0.001,intronic,GENE0009
rs910228,15,SAS,2017,0.0028,missense,GENE0043
rs608675,12,EUR,2022,0.0347,synonymous,GENE0296
rs226921,6,EUR,2016,0.2723,intronic,GENE0229
rs410527,12,AMR,2018,0.1388,synonymous,GENE0195
rs579045,8,AMR,2023,0.0532,missense,GENE0177
rs457388,12,AFR,2023,0.0178,stop_gained,GENE0128
rs662162,22,EUR,2023,0.028,intronic,GENE0170
rs592395,5,SAS,2019,0.0235,intronic,GENE0278
rs837295,20,EAS,2022,0.27,intronic,GENE0246
rs901682,15,SAS,2016,0.2827,synonymous,GENE0155
rs850790,20,EAS,2017,0.2536,stop_gained,GENE0296
rs320291,18,EUR,2017,0.0395,synonymous,GENE0265
rs517274,21,AFR,2018,0.0208,missense,GENE0038
rs313535,22,SAS,2016,0.0268,intronic,GENE0114
rs359671,15,AMR,2021,0.0581,intronic,GENE0282
rs974499,3,EUR,2018,0.1147,synonymous,GENE0211
rs219306,16,EAS,2017,0.0053,intronic,GENE0078
rs437296,5,AMR,2019,0.1068,intronic,GENE0096
rs957434,6,AFR,2022,0.3174,synonymous,GENE0254
rs762677,16,AFR,2019,0.1248,stop_gained,GENE0091
rs631414,3,SAS,2023,0.2489,synonymous,GENE0232
rs437975,19,AMR,2018,0.0085,missense,GENE0010
rs14331,X,AFR,2019,0.0647,stop_gained,GENE0249
rs937753,6,AMR,2023,0.0,stop_gained,GENE0031
rs925960,11,EUR,2022,0.1926,stop_gained,GENE0031
rs967495,22,AFR,2022,0.0,missense,GENE0276
rs135408,14,AFR,2023,0.1214,synonymous,GENE0262
rs588497,20,SAS,2016,0.0204,intronic,GENE0269
rs160909,5,SAS,2015,0.1627,stop_gained,GENE0102
rs879028,15,SAS,2018,0.0905,stop_gained,GENE0009
rs71434,3,EAS,2023,0.0607,intronic,GENE0086
rs255736,2,AFR,2019,0.0382,intronic,GENE0159
rs605400,11,EAS,2019,0.0087,synonymous,GENE0215
rs403771,7,AMR,2016,0.0062,missense,GENE0115
rs409752,12,AFR,2015,0.4146,stop_gained,GENE0100
rs856788,9,AMR,2015,0.1025,stop_gained,GENE0259
rs571791,19,AMR,2017,0.1042,synonymous,GENE0102
rs778190,15,EAS,2021,0.086,synonymous,GENE0222
rs144878,5,AFR,2020,0.0048,missense,GENE0063
rs674542,21,EUR,2022,0.3868,missense,GENE0180
rs74223,6,EAS,2017,0.0,intronic,GENE0100
rs128230,15,EAS,2017,0.097,missense,GENE0208
rs680066,16,EAS,2021,0.0965,synonymous,GENE0081
rs408513,16,EAS,2017,0.0225,stop_gained,GENE0002
rs424875,10,SAS,2015,0.0,stop_gained,GENE0178
rs259233,10,AFR,2021,0.0451,missense,GENE0068
rs120457,11,AMR,2016,0.0816,intronic,GENE0024
rs531936,8,AFR,2022,0.0061,intronic,GENE0249
rs921773,X,AMR,2019,0.4692,synonymous,GENE0137
rs542012,22,EUR,2016,0.0499,stop_gained,GENE0216
rs118078,9,SAS,2023,0.0356,intronic,GENE0005
rs278168,4,EUR,2023,0.1675,missense,GENE0009
rs357836,15,AMR,2019,0.1137,synonymous,GENE0153
rs849481,X,SAS,2016,0.0014,synonymous,GENE0274
rs22319,19,EAS,2022,0.0638,intronic,GENE0019
rs814674,16,AMR,2023,0.1644,stop_gained,GENE0279
rs77002,14,AFR,2017,0.2004,synonymous,GENE0140
rs399264,12,EAS,2018,0.2607,intronic,GENE0229
rs221341,1,EAS,2021,0.1591,intronic,GENE0035
rs644777,1,AFR,2022,0.0218,missense,GENE0066
rs594377,2,SAS,2015,0.2054,missense,GENE0192
rs30737,4,EUR,2020,0.1642,stop_gained,GENE0199
rs541224,12,EAS,2023,0.0511,missense,GENE0069
rs680964,15,AFR,2018,0.2376,intronic,GENE0027
rs273130,7,AFR,2020,0.3047,missense,GENE0010
rs806821,18,EUR,2017,0.2384,missense,GENE0242
rs15952,X,EAS,2022,0.0298,missense,GENE0192
rs794732,4,AFR,2016,0.2097,intronic,GENE0208
rs725536,7,SAS,2018,0.113,intronic,GENE0220
rs296102,16,EAS,2021,0.0539,stop_gained,GENE0183
rs401101,22,EUR,2023,0.0275,intronic,GENE0101
rs614176,10,AFR,2015,0.0128,missense,GENE0013
rs259341,19,AFR,2015,0.0501,synonymous,GENE0022
rs802204,11,AFR,2016,0.0929,missense,GENE0199
rs289057,15,AMR,2020,0.0043,stop_gained,GENE0206
rs291512,8,EAS,2019,0.0159,stop_gained,GENE0243
rs889162,3,AFR,2018,0.0437,synonymous,GENE0067
rs681212,4,EUR,2022,0.1105,missense,GENE0237
rs691369,17,EUR,2021,0.1651,stop_gained,GENE0088
rs643067,1,EUR,2021,0.2301,missense,GENE0234
rs236438,6,EUR,2018,0.0918,missense,GENE0157
rs849436,1,EAS,2017,0.0519,stop_gained,GENE0261
rs758786,20,SAS,2023,0.1485,synonymous,GENE0008
rs90366,20,SAS,2015,0.3885,stop_gained,GENE0153
rs639682,4,EUR,2017,0.0704,stop_gained,GENE0098
rs838791,6,SAS,2018,0.0358,intronic,GENE0126
rs718877,16,EAS,2019,0.1209,missense,GENE0069
rs413078,20,EAS,2020,0.0424,intronic,GENE0267
rs308810,18,AMR,2015,0.1579,synonymous,GENE0210
rs471957,20,AMR,2023,0.0491,stop_gained,GENE0002
rs267087,13,EUR,2019,0.0342,stop_gained,GENE0284
rs162003,7,AFR,2018,0.0,stop_gained,GENE0254
rs548960,6,AFR,2019,0.0851,missense,GENE0006
rs18628,2,AMR,2021,0.0487,stop_gained,GENE0261
rs951328,6,EAS,2016,0.0,stop_gained,GENE0082
rs722506,17,EUR,2017,0.0477,stop_gained,GENE0047
rs815567,17,AMR,2016,0.2209,stop_gained,GENE0106
rs14016,22,AFR,2018,0.2681,synonymous,GENE0163
rs38138,16,SAS,2023,0.2194,synonymous,GENE0028
rs338689,17,SAS,2017,0.1229,missense,GENE0190
rs967697,20,EAS,2021,0.3328,missense,GENE0130
rs7361,14,SAS,2015,0.0096,missense,GENE0155
rs385460,2,EUR,2017,0.146,missense,GENE0133
rs508512,22,EAS,2020,0.2259,missense,GENE0211
rs249946,13,AMR,2021,0.2829,synonymous,GENE0042
rs479596,15,SAS,2015,0.1909,missense,GENE0034
rs745365,5,EUR,2019,0.0294,missense,GENE0150
rs623587,22,SAS,2020,0.1822,intronic,GENE0048
rs376705,9,EUR,2023,0.1237,missense,GENE0125
rs983323,18,AFR,2017,0.0406,stop_gained,GENE0255
rs785946,4,EAS,2015,0.5086,missense,GENE0103
rs975330,17,SAS,2015,0.2358,intronic,GENE0130
rs140175,2,SAS,2021,0.3609,missense,GENE0110
rs363349,7,SAS,2016,0.0312,stop_gained,GENE0260
rs956303,6,AFR,2022,0.0206,stop_gained,GENE0204
rs853175,9,AMR,2015,0.1463,intronic,GENE0203
rs55187,12,EUR,2016,0.0283,missense,GENE0230
rs854149,19,EAS,2016,0.0064,missense,GENE0134
rs780244,16,EUR,2022,0.1776,intronic,GENE0037
rs28206,7,AMR,2019,0.0398,stop_gained,GENE0022
rs978279,8,SAS,2022,0.4141,stop_gained,GENE0124
rs639808,1,EUR,2023,0.0403,intronic,GENE0282
rs896310,13,EUR,2021,0.121,stop_gained,GENE0028
rs7774,14,SAS,2017,0.037,intronic,GENE0055
rs887482,12,AMR,2019,0.2325,intronic,GENE0028
rs621183,1,AMR,2020,0.0032,stop_gained,GENE0076
rs441123,13,SAS,2019,0.1827,missense,GENE0086
rs815498,21,EAS,2016,0.0368,stop_gained,GENE0183
rs136495,11,EAS,2022,0.118,missense,GENE0141
rs44202,X,EAS,2023,0.0062,intronic,GENE0280
rs190439,18,EAS,2016,0.0271,synonymous,GENE0219
rs972998,7,AFR,2018,0.1125,stop_gained,GENE0253
rs888192,13,EAS,2019,0.0504,missense,GENE0010
rs439899,18,EUR,2016,0.052,intronic,GENE0198
rs496805,4,SAS,2019,0.0019,intronic,GENE0030
rs262789,20,AFR,2016,0.0,intronic,GENE0295
rs757959,15,AFR,2021,0.2489,intronic,GENE0123
rs644700,12,AMR,2022,0.1223,synonymous,GENE0016
rs254082,X,SAS,2022,0.2115,synonymous,GENE0208
rs984774,15,EUR,2020,0.3114,intronic,GENE0296
rs898498,7,EAS,2022,0.0152,synonymous,GENE0085
rs318034,5,AMR,2019,0.1487,intronic,GENE0235
rs816303,2,SAS,2016,0.0212,stop_gained,GENE0226
rs362088,9,AMR,2021,0.1383,synonymous,GENE0297
rs509923,21,EAS,2022,0.0318,missense,GENE0282
rs559625,15,SAS,2019,0.1459,missense,GENE0091
rs719090,18,AFR,2023,0.067,intronic,GENE0227
rs304044,18,SAS,2023,0.0083,intronic,GENE0099
rs461922,12,EAS,2015,0.0941,missense,GENE0106
rs194596,20,AMR,2023,0.116,stop_gained,GENE0011
rs586638,15,AMR,2021,0.1013,missense,GENE0233
rs40870,1,EUR,2018,0.047,synonymous,GENE0077
rs561630,11,EAS,2023,0.0331,intronic,GENE0069
rs859519,13,AMR,2023,0.0,missense,GENE0132
rs608949,14,EUR,2015,0.1098,stop_gained,GENE0122
rs778689,1,AFR,2017,0.0715,missense,GENE0256
rs249536,19,AMR,2020,0.013,synonymous,GENE0014
rs589255,7,AMR,2021,0.1111,intronic,GENE0273
rs333409,14,EUR,2020,0.0127,missense,GENE0204
rs878155,9,EUR,2019,0.1365,stop_gained,GENE0048
rs422297,2,AFR,2023,0.0501,missense,GENE0002
rs937673,14,EUR,2022,0.2044,synonymous,GENE0281
rs284480,10,AMR,2020,0.1112,intronic,GENE0131
rs504389,16,EUR,2021,0.0558,stop_gained,GENE0060
rs773005,17,AMR,2020,0.0427,missense,GENE0070
rs494662,20,SAS,2020,0.1807,synonymous,GENE0285
rs263589,X,AMR,2020,0.0,intronic,GENE0234
rs686798,X,AMR,2020,0.0291,intronic,GENE0137
rs3492,5,EAS,2018,0.0483,intronic,GENE0211
rs832269,2,AMR,2021,0.1551,synonymous,GENE0162
rs349351,15,AMR,2022,0.1178,intronic,GENE0038
rs814969,9,AMR,2022,0.4355,intronic,GENE0274
rs251998,14,AFR,2023,0.2845,intronic,GENE0102
rs161990,14,SAS,2020,0.0287,missense,GENE0066
rs983432,12,EUR,2020,0.0108,synonymous,GENE0079
rs617763,15,SAS,2016,0.2786,stop_gained,GENE0171
rs103417,1,EUR,2022,0.0514,stop_gained,GENE0137
rs439902,4,SAS,2017,0.1424,missense,GENE0115
rs14713,15,SAS,2019,0.114,synonymous,GENE0074
rs143528,14,AFR,2022,0.1429,stop_gained,GENE0204
rs827542,X,AFR,2017,0.1742,stop_gained,GENE0289
rs109804,16,EAS,2023,0.0462,intronic,GENE0279
rs946777,2,AFR,2018,0.1988,stop_gained,GENE0126
rs823474,16,AMR,2018,0.0884,intronic,GENE0059
rs429809,19,SAS,2021,0.1394,missense,GENE0080
rs133365,9,SAS,2017,0.1988,missense,GENE0017
rs712508,11,EAS,2019,0.0,intronic,GENE0170
rs456872,5,AFR,2017,0.2587,synonymous,GENE0005
rs145503,15,EUR,2019,0.1116,missense,GENE0033
rs200817,X,AMR,2016,0.0997,missense,GENE0222
rs498981,21,EUR,2017,0.1349,intronic,GENE0089
rs940956,9,EUR,2023,0.0419,synonymous,GENE0090
rs821795,20,EAS,2019,0.0668,missense,GENE0127
rs10195,21,EUR,2022,0.0308,synonymous,GENE0147
rs944499,6,AFR,2021,0.2011,stop_gained,GENE0191
rs290592,2,SAS,2023,0.0575,intronic,GENE0100
rs611323,10,SAS,2022,0.3129,synonymous,GENE0212
rs354165,2,AFR,2016,0.1024,missense,GENE0011
rs747629,1,EAS,2017,0.3663,stop_gained,GENE0172
rs95969,8,AFR,2016,0.2196,synonymous,GENE0132
rs670754,12,AMR,2017,0.0,intronic,GENE0219
rs691450,20,SAS,2016,0.105,intronic,GENE0184
rs961077,11,EAS,2016,0.0128,synonymous,GENE0124
rs88487,7,SAS,2023,0.0269,stop_gained,GENE0211
rs855150,14,EUR,2020,0.0258,intronic,GENE0058
rs456901,13,AMR,2018,0.0546,missense,GENE0003
rs747734,8,AFR,2019,0.0849,stop_gained,GENE0240
rs295597,9,AFR,2015,0.0924,stop_gained,GENE0221
rs785334,5,EAS,2020,0.0129,stop_gained,GENE0286
rs62960,17,AFR,2017,0.049,intronic,GENE0191
rs170894,X,SAS,2016,0.1767,missense,GENE0270
rs762547,9,EAS,2021,0.0608,intronic,GENE0169
rs224058,17,AFR,2022,0.0,synonymous,GENE0004
rs429347,11,EUR,2017,0.0021,stop_gained,GENE0088
rs505058,18,AFR,2015,0.011,synonymous,GENE0105
rs992750,9,SAS,2023,0.1484,missense,GENE0024
rs418312,X,AFR,2019,0.0309,synonymous,GENE0180
rs42054,13,SAS,2016,0.0178,intronic,GENE0144
rs448326,14,AFR,2018,0.4894,missense,GENE0233
rs158174,X,AFR,2020,0.0489,missense,GENE0293
rs447804,X,SAS,2017,0.0849,stop_gained,GENE0241
rs104019,6,AFR,2023,0.0506,stop_gained,GENE0293
rs637094,7,SAS,2021,0.0857,intronic,GENE0191
rs702146,14,SAS,2021,0.0644,intronic,GENE0270
rs872556,13,AMR,2019,0.026,stop_gained,GENE0259
rs15636,5,SAS,2017,0.141,synonymous,GENE0031
rs279062,18,EUR,2017,0.0,intronic,GENE0010
rs963859,6,EAS,2021,0.1381,intronic,GENE0249
rs994491,15,EUR,2017,0.1044,intronic,GENE0096
rs902836,12,SAS,2016,0.0836,stop_gained,GENE0288
rs644888,2,EUR,2023,0.2022,synonymous,GENE0013
rs951424,10,SAS,2020,0.0,synonymous,GENE0189
rs384029,1,AFR,2018,0.154,stop_gained,GENE0298
rs34991,13,SAS,2015,0.254,intronic,GENE0101
rs524547,11,SAS,2023,0.2108,missense,GENE0022
rs741809,21,AFR,2020,0.0387,intronic,GENE0200
rs494917,11,AMR,2021,0.0411,missense,GENE0050
rs675565,X,EUR,2019,0.0683,stop_gained,GENE0206
rs179344,11,EAS,2018,0.0372,intronic,GENE0161
rs240939,3,EAS,2022,0.027,stop_gained,GENE0201
rs64709,12,EAS,2020,0.3028,synonymous,GENE0176
rs4993,17,EAS,2015,0.0685,missense,GENE0068
rs344137,9,AMR,2017,0.3953,missense,GENE0006
rs968713,16,AFR,2016,0.3747,stop_gained,GENE0151
rs163558,21,AFR,2016,0.3225,stop_gained,GENE0100
rs895468,20,SAS,2022,0.043,intronic,GENE0043
rs351480,17,EUR,2022,0.2703,synonymous,GENE0012
rs874957,4,EUR,2015,0.0919,intronic,GENE0007
rs434762,9,EUR,2017,0.0174,stop_gained,GENE0297
rs711316,13,SAS,2015,0.1849,intronic,GENE0020
rs995497,9,EAS,2023,0.1758,stop_gained,GENE0050
rs854717,8,EUR,2022,0.0038,missense,GENE0087
rs24111,17,AMR,2021,0.0941,synonymous,GENE0170
rs840472,21,AFR,2018,0.0285,intronic,GENE0122
rs468019,X,AMR,2018,0.0742,synonymous,GENE0288
rs407905,10,EUR,2015,0.1022,intronic,GENE0110
rs841530,6,EUR,2015,0.0898,intronic,GENE0176
rs355061,X,EUR,2021,0.3225,stop_gained,GENE0190
rs783304,19,SAS,2022,0.056,missense,GENE0038
rs424964,1,EAS,2021,0.0993,missense,GENE0150
rs84061,14,SAS,2023,0.0661,stop_gained,GENE0198
rs351852,6,AFR,2021,0.1825,synonymous,GENE0042
rs818153,22,EUR,2019,0.0625,stop_gained,GENE0205
rs607935,12,EAS,2021,0.0,missense,GENE0121
rs583924,2,AMR,2022,0.2816,missense,GENE0185
rs821112,X,AMR,2021,0.2651,synonymous,GENE0008
rs603265,6,AMR,2023,0.1248,intronic,GENE0012
rs147174,10,SAS,2022,0.1551,synonymous,GENE0089
rs622881,X,EAS,2023,0.0987,synonymous,GENE0259
rs90112,5,SAS,2015,0.013,intronic,GENE0061
rs615631,15,EUR,2016,0.0166,synonymous,GENE0225
rs904750,7,AFR,2022,0.1249,synonymous,GENE0208
rs324703,3,EUR,2016,0.0429,synonymous,GENE0233
rs695080,1,EUR,2019,0.0363,missense,GENE0208
rs362661,X,SAS,2018,0.1293,intronic,GENE0246
rs393891,13,AFR,2023,0.0494,stop_gained,GENE0299
rs102439,11,SAS,2020,0.0397,intronic,GENE0063
rs529395,15,EAS,2018,0.0079,intronic,GENE0280
rs598271,20,AFR,2022,0.0694,intronic,GENE0234
rs902207,14,SAS,2022,0.0348,synonymous,GENE0028
rs973264,22,EAS,2016,0.0,stop_gained,GENE0176
rs795234,7,AMR,2023,0.0,intronic,GENE0182
rs941598,2,EUR,2015,0.1023,stop_gained,GENE0055
rs318620,11,AFR,2022,0.0,intronic,GENE0037
rs646130,4,AFR,2019,0.0263,missense,GENE0202
rs859324,13,SAS,2021,0.2854,intronic,GENE0041
rs576637,20,AFR,2019,0.1384,synonymous,GENE0162
rs195690,2,EAS,2017,0.0211,intronic,GENE0182
rs296434,6,SAS,2021,0.0,stop_gained,GENE0118
rs59961,22,SAS,2022,0.0436,missense,GENE0272
rs248051,13,AFR,2022,0.0737,stop_gained,GENE0195
rs53042,20,AMR,2020,0.0724,intronic,GENE0267
rs629772,11,EUR,2022,0.0149,missense,GENE0236
rs261333,3,AFR,2022,0.2379,missense,GENE0109
rs244319,3,SAS,2023,0.1642,stop_gained,GENE0229
rs724510,14,EAS,2015,0.1232,synonymous,GENE0211
rs506952,1,AMR,2017,0.1544,stop_gained,GENE0273
rs698523,4,SAS,2018,0.0494,stop_gained,GENE0098
rs920763,13,AFR,2020,0.0137,intronic,GENE0173
rs547865,4,AMR,2023,0.0055,stop_gained,GENE0221
rs566573,1,AMR,2021,0.0028,intronic,GENE0224
rs888031,20,EUR,2020,0.2397,stop_gained,GENE0088
rs858221,18,SAS,2023,0.0293,intronic,GENE0049
rs261757,3,AMR,2020,0.0352,missense,GENE0089
rs296733,16,EAS,2019,0.0,stop_gained,GENE0009
rs164548,20,EAS,2020,0.1351,synonymous,GENE0144
rs393868,22,EUR,2020,0.1214,synonymous,GENE0014
rs529021,13,EAS,2023,0.0516,missense,GENE0249
rs404157,6,EAS,2015,0.1522,stop_gained,GENE0144
rs418342,18,EUR,2018,0.0243,stop_gained,GENE0040
rs109934,X,EUR,2015,0.0296,intronic,GENE0130
rs567096,12,AMR,2019,0.094,intronic,GENE0234
rs883187,21,EAS,2020,0.6827,synonymous,GENE0135
rs353429,13,AFR,2017,0.1957,synonymous,GENE0149
rs683170,1,SAS,2021,0.0467,synonymous,GENE0161
rs362235,13,AFR,2019,0.3859,intronic,GENE0097
rs117694,19,EUR,2019,0.1699,stop_gained,GENE0253
rs703677,12,EAS,2015,0.0442,missense,GENE0061
rs918088,X,SAS,2017,0.1737,synonymous,GENE0029
rs976545,4,AMR,2022,0.0145,stop_gained,GENE0297
rs427028,14,EAS,2021,0.1387,synonymous,GENE0274
rs699838,5,EAS,2022,0.0348,stop_gained,GENE0021
rs206803,20,AMR,2016,0.1504,stop_gained,GENE0090
rs419962,18,AMR,2021,0.7502,intronic,GENE0278
rs301541,9,SAS,2016,0.1461,stop_gained,GENE0282
rs255078,18,SAS,2015,0.1299,synonymous,GENE0122
rs893355,8,EUR,2019,0.0593,synonymous,GENE0195
rs839081,20,AFR,2022,0.0758,synonymous,GENE0247
rs903895,8,EUR,2016,0.0569,stop_gained,GENE0043
rs857465,12,EUR,2020,0.0118,missense,GENE0182
rs146588,13,EUR,2023,0.1429,synonymous,GENE0075
rs390965,5,EUR,2022,0.0616,stop_gained,GENE0024
rs592796,21,EAS,2022,0.1507,intronic,GENE0103
rs716174,12,SAS,2019,0.0444,missense,GENE0078
rs146659,6,AMR,2021,0.034,stop_gained,GENE0025
rs951968,6,EUR,2023,0.1058,intronic,GENE0278
rs302298,8,EUR,2016,0.3636,stop_gained,GENE0203
rs487885,12,SAS,2023,0.546,intronic,GENE0202
rs791073,12,EAS,2017,0.1214,stop_gained,GENE0235
rs604194,8,EUR,2019,0.1915,stop_gained,GENE0024
rs651612,1,EAS,2015,0.088,intronic,GENE0070
rs428201,2,EUR,2017,0.1944,stop_gained,GENE0113
rs721298,19,EUR,2016,0.0,synonymous,GENE0042
rs932367,12,EUR,2017,0.0,intronic,GENE0061
rs36763,8,EAS,2017,0.0235,intronic,GENE0168
rs960593,17,EAS,2017,0.0027,stop_gained,GENE0239
rs35063,X,AFR,2021,0.1511,synonymous,GENE0179
rs90079,20,SAS,2015,0.156,synonymous,GENE0160
rs192387,16,AFR,2021,0.1043,stop_gained,GENE0002
rs590889,16,AMR,2015,0.0425,intronic,GENE0056
rs658320,3,SAS,2023,0.0807,synonymous,GENE0132
rs533438,10,AMR,2023,0.0343,intronic,GENE0140
rs386104,15,AMR,2020,0.1473,stop_gained,GENE0284
rs878344,9,EUR,2015,0.4547,synonymous,GENE0295
rs23639,8,EUR,2019,0.2693,stop_gained,GENE0103
rs77664,2,SAS,2020,0.0552,synonymous,GENE0180
rs602966,20,EAS,2018,0.1126,stop_gained,GENE0296
rs725565,X,AMR,2021,0.04,missense,GENE0259
rs85125,10,AFR,2022,0.19,stop_gained,GENE0044
rs372570,22,AMR,2017,0.1569,synonymous,GENE0109
rs147110,5,AFR,2023,0.1776,stop_gained,GENE0166
rs70938,12,AMR,2017,0.3621,synonymous,GENE0132
rs504402,17,EUR,2021,0.0531,synonymous,GENE0158
rs335913,16,AMR,2022,0.1357,stop_gained,GENE0020
rs536477,8,EUR,2018,0.0609,intronic,GENE0163
rs693095,16,EAS,2019,0.0279,missense,GENE0046
rs265685,10,EUR,2018,0.0399,intronic,GENE0257
rs891410,17,EAS,2020,0.0,stop_gained,GENE0109
rs21028,2,AMR,2022,0.0207,synonymous,GENE0023
rs461282,22,EAS,2021,0.1395,stop_gained,GENE0088
rs682117,18,AMR,2018,0.0937,stop_gained,GENE0269
rs828811,6,AMR,2020,0.0191,stop_gained,GENE0032
rs741591,3,EAS,2017,0.0512,intronic,GENE0026
rs244171,22,AFR,2021,0.0579,stop_gained,GENE0004
rs624448,9,SAS,2019,0.0227,stop_gained,GENE0129
rs698937,20,SAS,2019,0.2313,stop_gained,GENE0045
rs779713,9,AMR,2018,0.0,intronic,GENE0240
rs239305,15,EAS,2023,0.0588,missense,GENE0257
rs101971,11,AMR,2017,0.0256,synonymous,GENE0064
rs824786,15,AFR,2022,0.1414,missense,GENE0225
rs262261,13,EUR,2023,0.1092,intronic,GENE0042
rs186712,10,SAS,2015,0.0789,intronic,GENE0162
rs398127,12,AMR,2021,0.1237,stop_gained,GENE0097
rs325956,22,EUR,2015,0.0838,missense,GENE0236
rs835115,12,SAS,2015,0.0403,intronic,GENE0208
rs503440,6,AFR,2022,0.0,synonymous,GENE0228
rs712445,10,EAS,2017,0.022,synonymous,GENE0010
rs779247,13,EAS,2019,0.0602,stop_gained,GENE0111
rs846602,1,EUR,2018,0.146,synonymous,GENE0164
rs160906,18,EAS,2022,0.0394,intronic,GENE0121
rs488906,22,AFR,2019,0.0367,missense,GENE0112
rs930137,16,AFR,2023,0.0458,synonymous,GENE0085
rs896273,5,AMR,2015,0.0848,synonymous,GENE0089
rs523775,19,EUR,2022,0.176,intronic,GENE0038
rs415324,5,EAS,2015,0.129,missense,GENE0017
rs266269,9,AFR,2015,0.1661,intronic,GENE0123
rs354814,5,AFR,2023,0.3875,missense,GENE0098
rs878028,12,SAS,2018,0.0943,missense,GENE0147
rs815544,8,EUR,2018,0.104,missense,GENE0237
rs731689,1,EUR,2023,0.2853,intronic,GENE0284
rs540760,7,AFR,2022,0.214,stop_gained,GENE0061
rs389153,12,AMR,2018,0.0,synonymous,GENE0066
rs256827,16,EUR,2023,0.0339,synonymous,GENE0208
rs358295,5,SAS,2020,0.0396,missense,GENE0257
rs560437,4,EAS,2022,0.0349,intronic,GENE0054
rs683589,21,AMR,2021,0.0525,stop_gained,GENE0184
rs960056,21,AMR,2016,0.1106,synonymous,GENE0093
rs490043,20,EUR,2017,0.0158,stop_gained,GENE0262
rs842060,22,EUR,2015,0.0564,synonymous,GENE0153
rs130731,4,AMR,2020,0.1357,stop_gained,GENE0197
rs725759,5,AFR,2021,0.0758,missense,GENE0097
rs99086,10,SAS,2022,0.0117,missense,GENE0033
rs139624,5,AFR,2019,0.0925,synonymous,GENE0012
rs695718,18,SAS,2019,0.0436,intronic,GENE0040
rs185163,16,SAS,2023,0.0463,missense,GENE0208
rs866772,9,EUR,2016,0.1738,missense,GENE0232
rs934649,9,AMR,2017,0.0,intronic,GENE0180
rs648753,22,SAS,2021,0.034,synonymous,GENE0078
rs824454,11,EUR,2023,0.0767,synonymous,GENE0050
rs754006,13,SAS,2018,0.0818,stop_gained,GENE0219
rs507639,13,AFR,2015,0.1014,missense,GENE0106
rs607665,1,AMR,2017,0.092,intronic,GENE0168
rs766133,1,AMR,2023,0.0847,stop_gained,GENE0137
rs151053,1,AMR,2017,0.0357,stop_gained,GENE0192
rs181798,7,EUR,2015,0.0218,synonymous,GENE0217
rs521801,1,AFR,2019,0.1003,intronic,GENE0034
rs543799,X,SAS,2020,0.1575,stop_gained,GENE0066
rs266207,2,SAS,2021,0.2377,stop_gained,GENE0194
rs175534,20,SAS,2017,0.2162,stop_gained,GENE0144
rs260088,4,AMR,2019,0.064,synonymous,GENE0026
rs944964,9,EAS,2018,0.0466,stop_gained,GENE0009
rs892524,12,EAS,2022,0.1224,missense,GENE0109
rs479448,9,EAS,2023,0.0123,intronic,GENE0141
rs167339,17,EUR,2019,0.0723,synonymous,GENE0194
rs713560,13,AMR,2018,0.338,intronic,GENE0126
rs260688,11,SAS,2020,0.0255,synonymous,GENE0090
rs337257,17,SAS,2017,0.0719,missense,GENE0176
rs982471,14,SAS,2019,0.1922,stop_gained,GENE0052
rs415513,9,SAS,2022,0.0938,intronic,GENE0138
rs152606,17,AFR,2019,0.0783,synonymous,GENE0107
rs555009,X,AMR,2015,0.0685,stop_gained,GENE0027
rs940398,13,EUR,2023,0.0965,missense,GENE0230
rs273512,5,AMR,2022,0.0927,synonymous,GENE0147
rs633243,10,EUR,2021,0.0634,missense,GENE0160
rs940080,1,EUR,2022,0.3178,intronic,GENE0236
rs128394,19,AFR,2018,0.0896,missense,GENE0137
rs284801,9,AFR,2015,0.4512,missense,GENE0255
rs585885,22,AMR,2015,0.0333,synonymous,GENE0260
rs26362,22,EUR,2022,0.2669,intronic,GENE0145
rs895105,19,AMR,2019,0.0144,stop_gained,GENE0267
rs172467,9,EAS,2022,0.0035,intronic,GENE0101
rs392484,11,AMR,2020,0.0009,stop_gained,GENE0297
rs160588,19,EUR,2019,0.0746,intronic,GENE0224
rs984065,20,AFR,2019,0.6671,intronic,GENE0249
rs499308,6,EAS,2016,0.2421,intronic,GENE0250
rs472490,3,SAS,2016,0.0707,synonymous,GENE0065
rs539225,7,SAS,2015,0.0947,stop_gained,GENE0233
rs138564,14,EUR,2023,0.005,missense,GENE0010
rs293917,15,SAS,2019,0.3341,missense,GENE0014
rs245092,12,EAS,2022,0.4742,intronic,GENE0177
rs637680,6,SAS,2015,0.0,stop_gained,GENE0039
rs161769,14,EAS,2017,0.1525,synonymous,GENE0249
rs500115,21,EUR,2022,0.0212,synonymous,GENE0226
rs430151,2,SAS,2016,0.0999,synonymous,GENE0271
rs852204,X,AFR,2021,0.0352,missense,GENE0248
rs814123,20,AMR,2016,0.0,missense,GENE0243
rs35598,19,EUR,2021,0.0368,intronic,GENE0274
rs29564,21,EUR,2020,0.0592,missense,GENE0192
rs6059,10,EAS,2017,0.0359,missense,GENE0288
rs177639,19,EUR,2018,0.0817,synonymous,GENE0067
rs138306,10,AFR,2016,0.0223,missense,GENE0241
rs714136,12,EAS,2018,0.0268,intronic,GENE0159
rs803103,4,SAS,2016,0.0,stop_gained,GENE0096
rs571534,9,SAS,2017,0.0738,stop_gained,GENE0284
rs56773,13,EUR,2018,0.0206,stop_gained,GENE0041
rs323679,19,EUR,2015,0.0776,stop_gained,GENE0068
rs822564,6,EUR,2015,0.0592,stop_gained,GENE0042
rs561480,10,EUR,2023,0.0391,intronic,GENE0114
rs352264,2,AFR,2017,0.1707,missense,GENE0009
rs59195,21,AMR,2018,0.0484,intronic,GENE0143
rs428763,15,AFR,2022,0.0251,stop_gained,GENE0139
rs764620,18,EUR,2018,0.1842,missense,GENE0092
rs831434,4,EAS,2018,0.0644,stop_gained,GENE0147
rs431324,6,AFR,2017,0.1751,synonymous,GENE0007
rs82942,5,AMR,2022,0.1091,synonymous,GENE0096
rs623730,22,AMR,2021,0.0562,stop_gained,GENE0232
rs721531,18,AMR,2016,0.0526,synonymous,GENE0066
rs663323,22,EAS,2022,0.1386,synonymous,GENE0182
rs685510,19,AFR,2015,0.2368,missense,GENE0060
rs543103,X,SAS,2020,0.0275,missense,GENE0086
rs949993,X,EUR,2022,0.0321,missense,GENE0155
rs35623,3,EUR,2017,0.0279,stop_gained,GENE0202
rs47215,4,EAS,2022,0.0033,intronic,GENE0259
rs486370,11,SAS,2022,0.0339,stop_gained,GENE0273
rs23857,14,AMR,2016,0.0084,synonymous,GENE0227
rs209386,7,AMR,2017,0.0389,intronic,GENE0241
rs649488,9,AFR,2022,0.0305,synonymous,GENE0097
rs98404,1,EUR,2021,0.0318,synonymous,GENE0086
rs48062,7,AMR,2020,0.0,stop_gained,GENE0272
rs277416,X,EUR,2020,0.0393,missense,GENE0287
rs900542,9,AFR,2019,0.1362,missense,GENE0068
rs24752,5,EUR,2023,0.0471,missense,GENE0186
rs784214,3,EUR,2019,0.2306,synonymous,GENE0037
rs114070,21,AFR,2022,0.1361,intronic,GENE0056
rs607141,2,AFR,2018,0.0306,intronic,GENE0089
rs809794,11,EUR,2023,0.0555,synonymous,GENE0227
rs49395,1,SAS,2016,0.0,intronic,GENE0157
rs339428,14,AMR,2017,0.0537,stop_gained,GENE0029
rs758952,3,SAS,2022,0.1894,stop_gained,GENE0197
rs900301,5,EAS,2023,0.1276,stop_gained,GENE0228
rs835909,18,EAS,2018,0.0509,intronic,GENE0050
rs79241,X,AFR,2022,0.2773,intronic,GENE0020
rs167188,6,SAS,2015,0.1791,intronic,GENE0011
rs753327,6,AFR,2019,0.2775,missense,GENE0248
rs620290,12,EUR,2019,0.0663,synonymous,GENE0237
rs53000,9,SAS,2022,0.0307,intronic,GENE0139
rs314713,1,AMR,2017,0.0419,stop_gained,GENE0230
rs109542,1,SAS,2019,0.0287,synonymous,GENE0203
rs712634,9,AFR,2017,0.0728,missense,GENE0068
rs853859,4,AFR,2022,0.4252,missense,GENE0216
rs605026,14,AFR,2022,0.0341,intronic,GENE0261
rs278085,18,EAS,2022,0.1156,missense,GENE0074
rs361420,16,EAS,2022,0.0275,synonymous,GENE0036
rs648270,5,EAS,2022,0.1122,missense,GENE0129
rs421885,13,AMR,2015,0.1002,missense,GENE0160
rs11988,6,EAS,2016,0.0062,stop_gained,GENE0222
rs604834,4,EAS,2019,0.1108,intronic,GENE0200
rs321150,1,AFR,2019,0.5036,synonymous,GENE0130
rs283036,17,AMR,2016,0.0205,stop_gained,GENE0012
rs823809,2,SAS,2022,0.4287,stop_gained,GENE0225
rs531172,7,AMR,2021,0.025,synonymous,GENE0129
rs277618,1,EUR,2022,0.2083,stop_gained,GENE0195
rs865368,13,EUR,2021,0.2665,stop_gained,GENE0068
rs695254,X,SAS,2020,0.1633,intronic,GENE0156
rs680434,19,EUR,2019,0.0328,synonymous,GENE0027
rs500628,19,SAS,2019,0.089,intronic,GENE0124
rs800155,16,SAS,2017,0.0952,stop_gained,GENE0037
rs16137,2,AMR,2021,0.1876,stop_gained,GENE0129
rs284401,7,EUR,2021,0.2432,intronic,GENE0115
rs3361,20,EAS,2023,0.1615,missense,GENE0122
rs991106,X,AFR,2016,0.122,intronic,GENE0296
rs618058,18,EAS,2015,0.1823,intronic,GENE0061
rs94219,8,EAS,2021,0.1612,missense,GENE0082
rs999891,9,AFR,2017,0.0427,intronic,GENE0219
rs693988,12,SAS,2019,0.0078,missense,GENE0231
rs464536,5,AMR,2021,0.0798,intronic,GENE0145
rs95770,21,AFR,2023,0.0814,stop_gained,GENE0109
rs463150,5,SAS,2018,0.0463,synonymous,GENE0246
rs418586,16,AMR,2015,0.2885,stop_gained,GENE0158
rs281106,4,EAS,2015,0.0483,missense,GENE0193
rs249877,10,SAS,2022,0.0302,intronic,GENE0188
rs636938,16,AMR,2019,0.1674,intronic,GENE0070
rs628966,8,SAS,2019,0.0,missense,GENE0134
rs892767,19,EUR,2017,0.0814,stop_gained,GENE0002
rs951583,20,AMR,2017,0.0373,synonymous,GENE0094
rs17783,7,AMR,2022,0.0752,missense,GENE0121
rs967685,4,AFR,2017,0.1771,synonymous,GENE0048
rs459145,18,SAS,2015,0.1182,synonymous,GENE0102
rs402372,X,EAS,2015,0.0542,intronic,GENE0261
rs477629,12,EAS,2016,0.0309,intronic,GENE0222
rs851495,15,SAS,2021,0.0849,stop_gained,GENE0127
rs884515,3,SAS,2021,0.1382,missense,GENE0204
rs85444,10,AMR,2017,0.0229,synonymous,GENE0118
rs492877,21,AFR,2015,0.0705,intronic,GENE0080
rs140323,14,EAS,2020,0.0077,stop_gained,GENE0139
rs560218,3,EAS,2023,0.0,stop_gained,GENE0160
rs394787,9,AMR,2016,0.3874,synonymous,GENE0118
rs950819,14,AFR,2019,0.2872,intronic,GENE0145
rs914198,18,EAS,2018,0.2404,missense,GENE0064
rs711119,7,EAS,2018,0.0439,missense,GENE0262
rs232312,12,SAS,2022,0.03,stop_gained,GENE0293
rs970731,12,EUR,2019,0.0824,stop_gained,GENE0112
rs547988,20,EUR,2023,0.0419,missense,GENE0009
rs928414,16,SAS,2019,0.0502,intronic,GENE0266
rs680662,11,SAS,2016,0.0006,missense,GENE0121
rs269782,X,AFR,2023,0.0416,synonymous,GENE0265
rs197368,15,SAS,2023,0.007,intronic,GENE0155
rs306457,5,SAS,2019,0.0435,missense,GENE0288
rs979174,20,EUR,2022,0.044,missense,GENE0220
rs374948,9,EUR,2015,0.045,missense,GENE0159
rs984918,18,SAS,2021,0.3682,stop_gained,GENE0201
rs286379,22,AFR,2018,0.0487,intronic,GENE0116
rs297021,5,AMR,2022,0.0411,intronic,GENE0009
rs809521,8,SAS,2023,0.444,missense,GENE0165
rs435088,15,EUR,2023,0.0125,synonymous,GENE0129
rs696340,17,EAS,2016,0.1116,intronic,GENE0020
rs502958,15,SAS,2019,0.0022,intronic,GENE0101
rs482284,13,AFR,2016,0.0249,stop_gained,GENE0240
rs252212,16,AFR,2019,0.0517,missense,GENE0108
rs889016,6,EUR,2015,0.1539,stop_gained,GENE0052
rs840494,10,SAS,2018,0.0152,synonymous,GENE0160
rs476355,17,AFR,2018,0.0989,stop_gained,GENE0021
rs508630,10,EAS,2021,0.0864,synonymous,GENE0126
rs781736,2,AMR,2022,0.1431,synonymous,GENE0264
rs312232,9,AMR,2019,0.0081,missense,GENE0016
rs305460,17,EAS,2015,0.0673,synonymous,GENE0122
rs965721,21,AFR,2015,0.3163,intronic,GENE0007
rs43004,1,AMR,2015,0.0713,missense,GENE0057
rs136053,16,EUR,2022,0.0415,intronic,GENE0118
rs8470,13,EUR,2017,0.0295,synonymous,GENE0036
rs99100,9,AMR,2016,0.1411,intronic,GENE0005
rs142240,16,SAS,2020,0.1183,missense,GENE0083
rs921214,14,AFR,2016,0.1783,stop_gained,GENE0224
rs104053,22,EUR,2019,0.0,missense,GENE0031
rs168319,16,AMR,2021,0.0209,intronic,GENE0272
rs708445,X,AMR,2021,0.0369,synonymous,GENE0258
rs93809,16,AMR,2018,0.3992,synonymous,GENE0174
rs263127,2,AFR,2015,0.1143,synonymous,GENE0189
rs466969,8,AMR,2022,0.0374,missense,GENE0287
rs845044,6,EUR,2015,0.3553,stop_gained,GENE0114
rs508700,14,EAS,2015,0.025,intronic,GENE0119
rs284025,22,AFR,2016,0.0951,stop_gained,GENE0195
rs931757,10,EUR,2015,0.0042,stop_gained,GENE0018
rs780333,12,AMR,2022,0.7138,intronic,GENE0038
rs948991,13,AFR,2017,0.0372,intronic,GENE0125
rs313960,10,SAS,2019,0.1657,intronic,GENE0105
rs767145,14,EAS,2019,0.2171,synonymous,GENE0143
rs731625,17,EAS,2017,0.0089,intronic,GENE0283
rs98880,13,EAS,2017,0.013,intronic,GENE0082
rs388604,17,AFR,2018,0.0333,missense,GENE0206
rs180793,15,EAS,2020,0.0234,missense,GENE0276
rs460367,4,AFR,2017,0.1277,missense,GENE0257
rs755292,9,AMR,2018,0.0124,stop_gained,GENE0105
rs954867,3,AFR,2022,0.0851,intronic,GENE0071
rs65738,2,EAS,2019,0.435,synonymous,GENE0251
rs372446,1,AFR,2018,0.0,missense,GENE0248
rs429045,21,AMR,2016,0.0447,synonymous,GENE0231
rs633217,17,EUR,2016,0.3824,missense,GENE0207
rs492628,9,SAS,2023,0.1527,stop_gained,GENE0191
rs717335,2,AMR,2018,0.0061,synonymous,GENE0252
rs344365,X,SAS,2018,0.2119,missense,GENE0261
rs849614,14,AFR,2016,0.0138,stop_gained,GENE0019
rs83627,17,AMR,2022,0.075,stop_gained,GENE0227
rs781249,1,AFR,2019,0.0773,missense,GENE0125
rs584970,2,EUR,2017,0.0072,intronic,GENE0022
rs70104,8,SAS,2018,0.0211,synonymous,GENE0076
rs864252,13,EUR,2016,0.0691,intronic,GENE0232
rs957193,6,SAS,2016,0.2675,missense,GENE0174
rs993572,4,AFR,2019,0.0501,missense,GENE0076
rs829432,4,EUR,2016,0.0043,missense,GENE0263
rs114183,7,AFR,2022,0.1241,stop_gained,GENE0018
rs676641,8,SAS,2015,0.0314,synonymous,GENE0267
rs150479,8,EUR,2016,0.2091,missense,GENE0004
rs837273,1,AFR,2017,0.1397,synonymous,GENE0287
rs57049,16,EAS,2023,0.0219,missense,GENE0013
rs722549,7,EAS,2022,0.0263,missense,GENE0104
rs759854,16,EUR,2023,0.149,synonymous,GENE0014
rs775640,16,EUR,2021,0.0268,stop_gained,GENE0007
rs773553,15,AFR,2018,0.0073,intronic,GENE0266
rs64029,4,SAS,2023,0.0439,synonymous,GENE0254
rs807621,22,EUR,2019,0.1291,stop_gained,GENE0065
rs697363,15,AMR,2017,0.0,missense,GENE0037
rs564584,12,AMR,2019,0.0258,missense,GENE0209
rs234116,22,AFR,2017,0.0289,intronic,GENE0294
rs985823,19,SAS,2020,0.0062,stop_gained,GENE0209
rs269013,20,EAS,2021,0.2265,stop_gained,GENE0049
rs914241,11,AFR,2022,0.3096,stop_gained,GENE0139
rs172403,16,AMR,2023,0.0445,missense,GENE0042
rs476256,5,EUR,2022,0.0444,missense,GENE0291
rs545122,22,EAS,2016,0.0293,missense,GENE0268
rs25089,X,AFR,2020,0.029,intronic,GENE0002
rs7043,11,EAS,2022,0.0668,missense,GENE0264
rs219696,18,AFR,2015,0.076,synonymous,GENE0131
rs476302,14,AMR,2019,0.1038,synonymous,GENE0262
rs610104,15,EAS,2021,0.1883,missense,GENE0264
rs698026,10,AMR,2017,0.1477,missense,GENE0236
rs502244,7,SAS,2018,0.2392,stop_gained,GENE0063
rs71794,X,SAS,2017,0.004,intronic,GENE0019
rs375591,12,AMR,2015,0.0478,synonymous,GENE0001
rs129132,6,EAS,2015,0.0277,synonymous,GENE0090
rs902437,18,EUR,2020,0.0579,missense,GENE0072
rs960669,8,AMR,2016,0.0536,stop_gained,GENE0160
rs432712,9,EAS,2017,0.039,intronic,GENE0179
rs172324,10,AMR,2016,0.4244,stop_gained,GENE0265
rs254235,21,EAS,2021,0.0482,missense,GENE0062
rs774701,7,EUR,2015,0.0046,stop_gained,GENE0098
rs741285,3,AFR,2021,0.1086,stop_gained,GENE0082
rs151883,22,AMR,2015,0.1109,stop_gained,GENE0150
rs378588,18,EAS,2020,0.1191,synonymous,GENE0292
rs524719,1,SAS,2021,0.0831,missense,GENE0182
rs632791,1,EAS,2021,0.0,stop_gained,GENE0208
rs429207,16,EAS,2018,0.0287,stop_gained,GENE0198
rs544818,13,EAS,2021,0.0337,synonymous,GENE0166
rs804099,6,SAS,2018,0.0526,intronic,GENE0096
rs559671,17,AFR,2016,0.133,stop_gained,GENE0254
rs406712,20,AFR,2015,0.2536,missense,GENE0052
rs672381,4,AFR,2019,0.0,missense,GENE0287
rs134507,21,AFR,2016,0.0514,synonymous,GENE0239
rs949711,8,EUR,2015,0.2089,missense,GENE0257
rs443484,15,AFR,2015,0.2062,missense,GENE0097
rs998288,22,SAS,2022,0.0038,stop_gained,GENE0167
rs789014,19,EAS,2017,0.241,intronic,GENE0073
rs910868,19,EUR,2016,0.0257,synonymous,GENE0106
rs978846,13,EUR,2018,0.0263,synonymous,GENE0211
rs268168,13,EAS,2023,0.0,synonymous,GENE0044
rs814745,5,AFR,2020,0.0324,intronic,GENE0164
rs669058,6,AFR,2018,0.0904,synonymous,GENE0239
rs940841,3,SAS,2017,0.086,intronic,GENE0162
rs164934,11,AMR,2020,0.0434,missense,GENE0189
rs714836,22,AFR,2015,0.0299,synonymous,GENE0164
rs681248,21,SAS,2019,0.244,synonymous,GENE0155
rs815856,16,AFR,2015,0.0341,stop_gained,GENE0148
rs675945,13,EAS,2021,0.0492,synonymous,GENE0297
rs704361,16,SAS,2021,0.0682,stop_gained,GENE0023
rs377297,18,AFR,2018,0.1629,intronic,GENE0260
rs961479,21,EAS,2022,0.1321,intronic,GENE0136
rs393351,19,EAS,2020,0.5456,stop_gained,GENE0153
rs90238,15,EUR,2016,0.1861,missense,GENE0266
rs525794,7,AMR,2021,0.0342,missense,GENE0112
rs362123,21,EUR,2022,0.1288,intronic,GENE0152
rs335146,17,AMR,2019,0.0586,synonymous,GENE0250
rs857513,5,SAS,2017,0.0419,intronic,GENE0224
rs215159,1,EAS,2015,0.0707,synonymous,GENE0062
rs762881,12,AFR,2023,0.0309,missense,GENE0164
rs524914,17,EUR,2019,0.1319,missense,GENE0193
rs476453,5,SAS,2017,0.0047,synonymous,GENE0280
rs271188,11,AMR,2016,0.3861,stop_gained,GENE0044
rs779062,12,SAS,2018,0.0368,stop_gained,GENE0244
rs622215,11,AMR,2020,0.0149,stop_gained,GENE0278
rs908717,5,SAS,2019,0.0435,synonymous,GENE0057
rs402984,16,AFR,2022,0.0845,stop_gained,GENE0292
rs881389,22,AMR,2017,0.0111,stop_gained,GENE0077
rs21718,4,AFR,2018,0.0549,stop_gained,GENE0104
rs510213,16,SAS,2019,0.0044,synonymous,GENE0153
rs343091,11,AFR,2018,0.0,synonymous,GENE0205
rs332652,5,AFR,2017,0.0139,stop_gained,GENE0078
rs100561,7,AMR,2015,0.0461,synonymous,GENE0217
rs909934,18,AFR,2015,0.1315,intronic,GENE0221
rs634632,11,SAS,2021,0.1753,intronic,GENE0067
rs437278,2,EUR,2018,0.0347,intronic,GENE0188
rs602240,7,AMR,2021,0.0499,intronic,GENE0156
rs474628,4,AMR,2017,0.051,synonymous,GENE0099
rs695998,6,AFR,2021,0.1262,stop_gained,GENE0016
rs198547,22,SAS,2018,0.0433,stop_gained,GENE0246
rs78923,1,AFR,2016,0.0518,intronic,GENE0047
rs879113,13,EUR,2022,0.034,missense,GENE0128
rs403453,14,AMR,2022,0.0379,intronic,GENE0073
rs116070,6,SAS,2018,0.2845,synonymous,GENE0017
rs289888,3,AFR,2015,0.0561,stop_gained,GENE0096
rs218998,21,EAS,2018,0.0619,synonymous,GENE0115
rs809800,10,SAS,2023,0.0609,stop_gained,GENE0173
rs956559,14,SAS,2023,0.2345,stop_gained,GENE0040
rs296688,16,SAS,2022,0.0136,synonymous,GENE0261
rs16452,2,EUR,2015,0.0392,intronic,GENE0286
rs157427,7,AMR,2017,0.0128,intronic,GENE0099
rs838843,17,SAS,2022,0.1404,intronic,GENE0251
rs42737,X,SAS,2015,0.1153,synonymous,GENE0124
rs17763,3,AMR,2021,0.2077,missense,GENE0077
rs663961,6,SAS,2019,0.0671,missense,GENE0243
rs590144,4,EAS,2019,0.0847,synonymous,GENE0164
rs428093,10,AMR,2020,0.0713,synonymous,GENE0141
rs610880,2,AFR,2016,0.0796,intronic,GENE0127
rs198545,15,AFR,2016,0.1141,synonymous,GENE0092
rs306312,11,SAS,2023,0.0338,missense,GENE0042
rs114499,11,AMR,2016,0.0357,synonymous,GENE0223
rs457199,7,AFR,2017,0.2282,synonymous,GENE0270
rs627906,10,AMR,2022,0.1453,intronic,GENE0020
rs233436,7,EUR,2017,0.0,stop_gained,GENE0215
rs401940,7,AMR,2023,0.1102,missense,GENE0057
rs960832,22,EAS,2023,0.2988,intronic,GENE0015
rs863917,17,AMR,2016,0.1267,synonymous,GENE0100
rs894545,2,EUR,2023,0.2849,synonymous,GENE0169
rs863792,7,EUR,2019,0.0,synonymous,GENE0035
rs609007,9,AFR,2018,0.196,missense,GENE0038
rs601161,10,EAS,2019,0.0482,intronic,GENE0024
rs341703,21,SAS,2015,0.0314,synonymous,GENE0035
rs645254,7,EAS,2017,0.1817,intronic,GENE0003
rs201652,14,SAS,2017,0.238,intronic,GENE0020
rs593311,12,SAS,2022,0.2525,intronic,GENE0153
rs484346,15,AMR,2018,0.0545,missense,GENE0210
rs950112,7,AMR,2019,0.0317,intronic,GENE0044
rs957973,7,EUR,2018,0.047,synonymous,GENE0069
rs738563,X,AMR,2022,0.3711,stop_gained,GENE0286
rs813046,1,AMR,2022,0.1894,missense,GENE0193
rs191316,X,EUR,2015,0.0,missense,GENE0162
rs530041,11,AMR,2019,0.175,stop_gained,GENE0168
rs879387,13,AFR,2023,0.0596,intronic,GENE0106
rs556052,21,EAS,2023,0.1997,intronic,GENE0026
rs497970,1,SAS,2017,0.0629,missense,GENE0058
rs618349,2,AMR,2018,0.2316,synonymous,GENE0273
rs187631,8,SAS,2022,0.1626,intronic,GENE0228
rs950785,10,AMR,2016,0.1995,missense,GENE0101
rs406557,17,EAS,2018,0.2089,missense,GENE0265
rs4311,22,AFR,2019,0.0346,synonymous,GENE0140
rs164430,13,EAS,2020,0.0,intronic,GENE0205
rs989734,17,EUR,2023,0.4704,synonymous,GENE0045
rs263438,21,AFR,2019,0.0766,intronic,GENE0071
rs378506,17,SAS,2016,0.0067,synonymous,GENE0228
rs583408,4,SAS,2020,0.11,intronic,GENE0040
rs528314,16,EUR,2015,0.1369,intronic,GENE0096
rs226775,12,SAS,2019,0.0193,stop_gained,GENE0121
rs921414,14,AFR,2022,0.0538,intronic,GENE0077
rs909134,13,EAS,2020,0.0059,synonymous,GENE0192
rs142443,16,SAS,2015,0.1384,stop_gained,GENE0039
rs808652,21,AMR,2019,0.0741,intronic,GENE0252
rs388852,11,AFR,2017,0.0012,intronic,GENE0266
rs128234,13,SAS,2019,0.0465,missense,GENE0293
rs982946,11,SAS,2017,0.0466,synonymous,GENE0059
rs304446,16,EUR,2018,0.075,stop_gained,GENE0139
rs170254,17,EUR,2015,0.013,intronic,GENE0216
rs829835,22,SAS,2018,0.1734,missense,GENE0162
rs446417,21,AFR,2015,0.0,stop_gained,GENE0022
rs971272,3,AMR,2023,0.0518,stop_gained,GENE0013
rs612069,17,AMR,2018,0.1015,missense,GENE0257
rs538208,9,AFR,2021,0.0057,intronic,GENE0048
rs208026,15,AMR,2020,0.3297,stop_gained,GENE0113
rs667213,8,EAS,2021,0.08,missense,GENE0003
rs71905,5,EAS,2016,0.0,missense,GENE0231
rs419035,18,EUR,2021,0.003,missense,GENE0212
rs843418,9,SAS,2015,0.0065,missense,GENE0284
rs556951,6,AMR,2019,0.0,missense,GENE0018
rs157538,5,AMR,2020,0.0632,synonymous,GENE0086
rs175259,11,SAS,2018,0.0726,missense,GENE0044
rs303933,9,AMR,2023,0.0152,missense,GENE0188
rs804765,8,AFR,2021,0.0,synonymous,GENE0109
rs913289,7,EUR,2023,0.3214,stop_gained,GENE0069
rs920395,11,AFR,2018,0.161,synonymous,GENE0297
rs106430,10,EAS,2016,0.0443,synonymous,GENE0082
rs347537,5,AFR,2015,0.0132,synonymous,GENE0200
rs522968,16,AFR,2019,0.2387,missense,GENE0171
rs660834,9,EUR,2022,0.0333,missense,GENE0148
rs857394,9,AFR,2020,0.069,missense,GENE0070
rs25054,6,SAS,2017,0.0374,stop_gained,GENE0047
rs733726,12,EAS,2023,0.0078,synonymous,GENE0267
rs314845,3,AMR,2021,0.283,stop_gained,GENE0249
rs1003,18,EUR,2016,0.1094,synonymous,GENE0222
rs170795,X,AMR,2019,0.0,synonymous,GENE0224
rs539444,14,EAS,2017,0.0755,intronic,GENE0015
rs783684,21,EAS,2020,0.0408,stop_gained,GENE0027
rs498337,10,SAS,2015,0.0,missense,GENE0172
rs637808,16,AMR,2023,0.3334,intronic,GENE0164
rs264476,4,EAS,2017,0.0897,stop_gained,GENE0002
rs610096,18,EUR,2017,0.0208,synonymous,GENE0249
rs835909,7,AFR,2020,0.0358,stop_gained,GENE0009
rs367597,14,SAS,2015,0.397,stop_gained,GENE0270
rs806970,22,AFR,2018,0.0783,stop_gained,GENE0273
rs514748,19,EAS,2020,0.1422,stop_gained,GENE0153
rs882401,9,SAS,2018,0.0883,stop_gained,GENE0006
rs331546,13,AMR,2022,0.1026,synonymous,GENE0133
rs287756,12,SAS,2016,0.3336,synonymous,GENE0046
rs59099,4,EUR,2016,0.3205,intronic,GENE0236
rs612005,21,EAS,2022,0.0405,synonymous,GENE0232
rs528567,7,EAS,2015,0.0232,missense,GENE0206
rs296933,15,AFR,2020,0.0487,synonymous,GENE0109
rs349296,10,SAS,2017,0.0,intronic,GENE0291
rs68592,14,EUR,2022,0.0087,intronic,GENE0298
rs974055,15,EUR,2023,0.0173,stop_gained,GENE0052
rs661025,18,SAS,2018,0.187,missense,GENE0035
rs633733,6,SAS,2020,0.0279,missense,GENE0236
rs40620,11,EUR,2018,0.0571,intronic,GENE0059
rs188442,16,AMR,2019,0.0415,intronic,GENE0149
rs765729,12,AMR,2018,0.1295,stop_gained,GENE0136
rs846769,21,AFR,2018,0.0544,stop_gained,GENE0173
rs635085,21,AMR,2022,0.0,intronic,GENE0042
rs509947,7,AMR,2017,0.2493,stop_gained,GENE0173
rs336908,20,AMR,2018,0.292,intronic,GENE0109
rs419443,20,AFR,2017,0.0514,stop_gained,GENE0040
rs649853,17,EUR,2015,0.4202,missense,GENE0244
rs28040,7,EAS,2021,0.0,stop_gained,GENE0185
rs586813,12,EAS,2019,0.0457,stop_gained,GENE0007
rs689486,5,EUR,2020,0.0438,stop_gained,GENE0277
rs539030,7,AMR,2019,0.2031,stop_gained,GENE0100
rs100721,19,SAS,2020,0.0218,intronic,GENE0218
rs260636,1,EUR,2023,0.0,synonymous,GENE0119
rs634115,4,EAS,2018,0.0351,stop_gained,GENE0091
rs377883,16,AMR,2015,0.117,intronic,GENE0272
rs948526,15,SAS,2015,0.105,missense,GENE0169
rs100560,16,SAS,2023,0.3864,intronic,GENE0019
rs509374,6,AFR,2016,0.0,missense,GENE0010
rs487134,2,SAS,2023,0.1096,missense,GENE0122
rs22961,16,AMR,2017,0.0548,intronic,GENE0235
rs92993,16,AMR,2021,0.0378,synonymous,GENE0158
rs765268,1,EUR,2022,0.0731,intronic,GENE0180
rs444752,5,EUR,2019,0.0917,stop_gained,GENE0192
rs280657,19,SAS,2021,0.4169,intronic,GENE0223
rs88446,5,SAS,2018,0.0605,stop_gained,GENE0044
rs726203,18,SAS,2015,0.1229,synonymous,GENE0253
rs62744,10,AMR,2019,0.0876,synonymous,GENE0285
rs170893,15,AMR,2018,0.0535,synonymous,GENE0238
rs606925,21,EAS,2022,0.0503,intronic,GENE0062
rs858136,18,AFR,2019,0.0112,missense,GENE0190
rs356476,18,EAS,2020,0.0656,intronic,GENE0281
rs114197,22,EUR,2016,0.0336,missense,GENE0025
rs544649,6,AMR,2019,0.0446,missense,GENE0022
rs473519,4,SAS,2022,0.0723,missense,GENE0223
rs826891,11,AFR,2020,0.1072,synonymous,GENE0118
rs216473,4,SAS,2018,0.5067,synonymous,GENE0242
rs282881,6,AMR,2021,0.1267,missense,GENE0250
rs336705,4,AFR,2021,0.0335,stop_gained,GENE0152
rs754842,6,EUR,2017,0.054,stop_gained,GENE0110
rs424086,6,EUR,2017,0.0752,missense,GENE0024
rs328848,18,AMR,2018,0.0766,stop_gained,GENE0084
rs771173,13,EUR,2021,0.044,intronic,GENE0245
rs193526,11,EUR,2023,0.0485,intronic,GENE0001
rs929353,6,AMR,2019,0.0057,intronic,GENE0047
rs129891,18,EUR,2019,0.0,synonymous,GENE0119
rs145534,8,SAS,2015,0.0567,synonymous,GENE0092
rs3099,6,EUR,2015,0.1614,stop_gained,GENE0030
rs353457,1,EAS,2016,0.32,stop_gained,GENE0164
rs113560,18,SAS,2017,0.005,stop_gained,GENE0059
rs489360,11,EUR,2021,0.0,missense,GENE0158
rs279460,1,AFR,2015,0.1284,intronic,GENE0015
rs819346,16,EAS,2022,0.1377,synonymous,GENE0073
rs910435,11,EAS,2021,0.0396,missense,GENE0040
rs517835,6,SAS,2021,0.0066,synonymous,GENE0045
rs91531,2,AFR,2019,0.009,missense,GENE0003
rs459367,5,EUR,2022,0.0495,missense,GENE0115
rs133341,16,SAS,2016,0.0447,missense,GENE0145
rs276816,2,EAS,2016,0.1108,synonymous,GENE0256
rs754561,13,AMR,2021,0.22,intronic,GENE0252
rs752610,7,EAS,2021,0.264,missense,GENE0295
rs370209,6,AMR,2017,0.1037,intronic,GENE0293
rs273120,9,AFR,2019,0.0242,synonymous,GENE0010
rs482031,16,AMR,2018,0.1141,intronic,GENE0243
rs529263,20,EAS,2019,0.0366,intronic,GENE0182
rs617238,22,AFR,2019,0.2076,missense,GENE0119
rs557315,10,SAS,2015,0.0439,stop_gained,GENE0128
rs357706,X,AMR,2023,0.1965,missense,GENE0143
rs514286,1,AMR,2015,0.0371,missense,GENE0288
rs317615,21,AFR,2017,0.0844,stop_gained,GENE0010
rs729798,15,AMR,2018,0.0397,synonymous,GENE0294
rs329132,6,AFR,2023,0.1358,synonymous,GENE0220
rs719337,8,AFR,2016,0.0487,intronic,GENE0294
rs885525,11,EUR,2018,0.1433,stop_gained,GENE0220
rs432969,15,SAS,2017,0.1189,synonymous,GENE0248
rs148544,15,EAS,2021,0.0113,stop_gained,GENE0254
rs816944,2,AMR,2019,0.0422,synonymous,GENE0144
rs199565,2,AMR,2016,0.0293,intronic,GENE0151
rs630995,9,AMR,2015,0.0363,intronic,GENE0281
rs62312,19,AFR,2022,0.0684,stop_gained,GENE0094
rs520458,13,SAS,2022,0.259,intronic,GENE0082
rs868309,15,AMR,2021,0.3173,missense,GENE0188
rs233837,21,SAS,2019,0.1925,missense,GENE0022
rs66969,20,AFR,2023,0.2371,stop_gained,GENE0200
rs831802,21,EAS,2020,0.012,missense,GENE0162
rs442048,11,EUR,2018,0.0257,missense,GENE0230
rs640764,2,AMR,2016,0.0493,synonymous,GENE0041
rs437232,15,SAS,2017,0.0976,synonymous,GENE0077
rs693941,1,AFR,2020,0.2284,intronic,GENE0224
rs358794,5,AMR,2023,0.0181,stop_gained,GENE0279
rs953115,2,EUR,2019,0.0415,stop_gained,GENE0010
rs484299,4,EAS,2018,0.1309,synonymous,GENE0274
rs301061,6,EUR,2017,0.0766,synonymous,GENE0275
rs639520,9,SAS,2022,0.0041,stop_gained,GENE0133
rs150843,8,EAS,2016,0.4462,synonymous,GENE0246
rs723384,11,AMR,2017,0.0342,missense,GENE0274
rs393205,10,EAS,2019,0.0388,intronic,GENE0174
rs988439,5,EAS,2020,0.0543,synonymous,GENE0195
rs108253,21,SAS,2023,0.0267,stop_gained,GENE0124
rs31065,12,EUR,2016,0.0636,synonymous,GENE0132
rs222490,5,AMR,2018,0.0341,synonymous,GENE0189
rs119515,8,AFR,2020,0.0148,stop_gained,GENE0049
rs910761,15,AFR,2023,0.1244,synonymous,GENE0196
rs144133,5,AMR,2016,0.1933,synonymous,GENE0214
rs540424,7,AFR,2017,0.1367,synonymous,GENE0062
rs920735,3,AMR,2023,0.0989,intronic,GENE0237
rs284126,1,EAS,2023,0.0663,intronic,GENE0118
rs118453,20,EAS,2015,0.0493,missense,GENE0208
rs41540,22,EUR,2021,0.0535,intronic,GENE0191
rs134321,16,SAS,2017,0.1552,intronic,GENE0251
rs618432,19,SAS,2016,0.0414,missense,GENE0002
rs766955,14,EAS,2017,0.0764,missense,GENE0214
rs753977,17,AFR,2023,0.0303,intronic,GENE0050
rs995146,17,EUR,2022,0.0538,stop_gained,GENE0178
rs476245,13,EAS,2015,0.0331,synonymous,GENE0231
rs276067,12,EAS,2018,0.0484,intronic,GENE0108
rs534431,7,AMR,2020,0.0947,intronic,GENE0010
rs258238,16,EAS,2015,0.0543,intronic,GENE0072
rs891886,17,EUR,2016,0.094,synonymous,GENE0089
rs935733,8,SAS,2020,0.0667,missense,GENE0253
rs649286,18,AFR,2019,0.1983,intronic,GENE0070
rs746665,19,AFR,2021,0.0913,synonymous,GENE0287
rs747704,8,SAS,2019,0.037,missense,GENE0265
rs989410,3,AFR,2015,0.0153,intronic,GENE0131
rs164642,17,AFR,2019,0.0,synonymous,GENE0243
rs630020,18,EUR,2021,0.0253,missense,GENE0299
rs277321,12,EAS,2019,0.0,missense,GENE0281
rs920409,16,AMR,2021,0.209,synonymous,GENE0279
rs275556,18,SAS,2023,0.2302,intronic,GENE0229
rs108463,22,SAS,2019,0.1243,missense,GENE0050
rs393446,10,EUR,2018,0.0609,intronic,GENE0266
rs621135,17,AFR,2023,0.2637,stop_gained,GENE0079
rs710756,22,EUR,2022,0.0584,stop_gained,GENE0071
rs849523,6,EUR,2021,0.0993,stop_gained,GENE0127
rs288512,1,AMR,2021,0.0762,intronic,GENE0024
rs13307,X,EUR,2015,0.063,synonymous,GENE0253
rs749969,11,EAS,2023,0.1052,missense,GENE0201
rs550136,X,EUR,2016,0.0005,stop_gained,GENE0112
rs898179,12,SAS,2015,0.0576,stop_gained,GENE0299
rs812870,3,AFR,2023,0.0532,intronic,GENE0258
rs171543,X,AFR,2023,0.2648,synonymous,GENE0249
rs126378,12,AMR,2015,0.1288,intronic,GENE0245
rs694583,4,AMR,2016,0.044,intronic,GENE0125
rs827958,3,AMR,2018,0.0225,missense,GENE0072
rs896327,1,EUR,2020,0.1213,intronic,GENE0172
rs336249,14,AFR,2015,0.2795,missense,GENE0139
rs339338,22,AMR,2017,0.014,intronic,GENE0129
rs84039,10,SAS,2019,0.3449,stop_gained,GENE0290
rs722461,10,SAS,2019,0.091,missense,GENE0162
rs558554,9,SAS,2022,0.0106,synonymous,GENE0134
rs809411,X,EUR,2022,0.0583,intronic,GENE0109
rs669145,19,AFR,2019,0.0754,intronic,GENE0097
rs794630,12,EUR,2016,0.002,synonymous,GENE0162
rs409400,7,EAS,2020,0.0495,missense,GENE0204
rs176721,X,SAS,2023,0.2519,stop_gained,GENE0150
rs530983,17,SAS,2019,0.1694,missense,GENE0233
rs247035,13,SAS,2019,0.1065,missense,GENE0256
rs911825,21,AFR,2017,0.4021,synonymous,GENE0266
rs965373,20,SAS,2015,0.392,intronic,GENE0035
rs878099,11,SAS,2018,0.1116,missense,GENE0116
rs129420,5,AMR,2018,0.0785,synonymous,GENE0009
rs365540,19,AMR,2015,0.0511,stop_gained,GENE0109
rs230674,10,EAS,2023,0.0174,stop_gained,GENE0072
rs868310,5,AFR,2021,0.1177,stop_gained,GENE0158
rs463730,4,SAS,2019,0.0625,synonymous,GENE0003
rs519363,9,SAS,2023,0.0543,stop_gained,GENE0141
rs166223,18,SAS,2021,0.0448,missense,GENE0083
rs115037,9,AMR,2021,0.0306,synonymous,GENE0255
rs691726,22,SAS,2023,0.0756,missense,GENE0208
rs836972,9,AFR,2018,0.0146,stop_gained,GENE0272
rs986546,11,SAS,2021,0.1754,synonymous,GENE0231
rs994067,3,SAS,2017,0.0037,synonymous,GENE0238
rs107941,3,AMR,2021,0.0052,stop_gained,GENE0176
rs364794,11,AFR,2018,0.1057,missense,GENE0092
rs742208,20,AMR,2019,0.0748,intronic,GENE0051
rs941640,9,AMR,2017,0.0695,missense,GENE0072
rs74926,2,AFR,2017,0.0404,missense,GENE0108
rs537039,4,EAS,2021,0.068,intronic,GENE0220
rs814385,19,EUR,2022,0.0,intronic,GENE0172
rs880948,15,AMR,2021,0.081,stop_gained,GENE0143
rs952559,5,AMR,2015,0.2099,synonymous,GENE0007
rs7712,22,AFR,2021,0.0571,stop_gained,GENE0052
rs713892,19,SAS,2020,0.3644,missense,GENE0118
rs747305,13,EUR,2022,0.0207,stop_gained,GENE0056
rs841405,2,AMR,2023,0.0597,intronic,GENE0195
rs174705,19,AMR,2021,0.1257,missense,GENE0046
rs612027,12,AMR,2016,0.0709,synonymous,GENE0248
rs763797,2,EAS,2017,0.1523,stop_gained,GENE0096
rs163584,3,EUR,2018,0.0432,missense,GENE0177
rs946030,4,EUR,2021,0.2095,synonymous,GENE0046
rs796160,13,AFR,2018,0.1431,stop_gained,GENE0194
rs89480,20,SAS,2023,0.028,missense,GENE0033
rs927474,7,SAS,2018,0.147,missense,GENE0204
rs264348,12,EAS,2022,0.0484,missense,GENE0179
rs477617,5,AMR,2015,0.0529,missense,GENE0131
rs165020,12,AFR,2018,0.0372,intronic,GENE0210
rs644760,18,AMR,2023,0.0765,intronic,GENE0017
rs109538,5,EUR,2018,0.0227,synonymous,GENE0237
rs825572,8,EAS,2015,0.0381,stop_gained,GENE0243
rs140245,21,AMR,2022,0.0033,intronic,GENE0184
rs912208,16,AMR,2019,0.0377,synonymous,GENE0089
rs395406,5,EUR,2017,0.0352,stop_gained,GENE0036
rs265644,15,SAS,2015,0.0287,intronic,GENE0131
rs652751,22,AFR,2017,0.0045,synonymous,GENE0287
rs531262,1,EUR,2019,0.0013,missense,GENE0127
rs240924,2,EUR,2022,0.0268,missense,GENE0056
rs872937,4,SAS,2020,0.4156,stop_gained,GENE0076
rs855670,1,SAS,2015,0.2273,synonymous,GENE0009
rs805067,2,SAS,2022,0.0226,stop_gained,GENE0126
rs727852,18,EAS,2015,0.0384,stop_gained,GENE0099
rs341709,18,AMR,2022,0.0725,stop_gained,GENE0187
rs350151,13,EAS,2021,0.0866,missense,GENE0047
rs833356,15,SAS,2017,0.0359,intronic,GENE0105
rs305474,19,AFR,2022,0.0725,intronic,GENE0113
rs787083,16,AFR,2021,0.1171,synonymous,GENE0275
rs994490,10,EAS,2019,0.0,synonymous,GENE0016
rs804582,X,AMR,2022,0.0021,intronic,GENE0173
rs394244,17,SAS,2023,0.0667,synonymous,GENE0134
rs360772,11,EAS,2015,0.208,stop_gained,GENE0282
rs92105,12,EAS,2021,0.1764,missense,GENE0172
rs814118,13,SAS,2022,0.0484,intronic,GENE0120
rs754061,3,SAS,2015,0.0867,synonymous,GENE0104
rs232222,8,SAS,2018,0.0888,intronic,GENE0109
rs703726,X,EUR,2019,0.4433,intronic,GENE0249
rs405448,7,SAS,2019,0.0427,missense,GENE0185
rs681719,5,EUR,2015,0.2499,synonymous,GENE0233
rs780053,6,AMR,2016,0.0905,missense,GENE0270
rs74291,10,AFR,2018,0.032,missense,GENE0088
rs608945,4,EUR,2018,0.3065,intronic,GENE0200
rs639866,9,SAS,2018,0.2724,intronic,GENE0280
rs487276,14,AFR,2019,0.163,missense,GENE0185
rs301319,12,EUR,2021,0.0257,missense,GENE0109
rs757177,20,EAS,2021,0.0447,missense,GENE0119
rs413337,14,SAS,2016,0.0357,synonymous,GENE0245
rs232737,10,SAS,2018,0.3074,stop_gained,GENE0279
rs510809,12,EUR,2018,0.134,missense,GENE0296
rs958304,1,EAS,2021,0.0461,synonymous,GENE0096
rs796484,14,SAS,2023,0.0482,intronic,GENE0013
rs24741,16,AFR,2019,0.0923,intronic,GENE0274
rs437649,8,EUR,2022,0.0608,missense,GENE0257
rs551462,21,EAS,2022,0.0094,missense,GENE0228
rs886035,4,AMR,2021,0.0106,intronic,GENE0222
rs906602,4,EAS,2021,0.1977,missense,GENE0058
rs516127,11,EAS,2020,0.0369,intronic,GENE0292
rs929104,5,EUR,2022,0.229,intronic,GENE0130
rs666382,22,SAS,2018,0.1808,missense,GENE0241
rs541366,18,EUR,2022,0.0,missense,GENE0129
rs347073,16,EUR,2018,0.0924,synonymous,GENE0260
rs534758,1,EUR,2015,0.0,synonymous,GENE0109
rs467160,3,SAS,2021,0.0015,intronic,GENE0270
rs853026,19,EAS,2016,0.1224,synonymous,GENE0215
rs335757,21,EAS,2023,0.2091,synonymous,GENE0062
rs102039,12,EUR,2016,0.1605,stop_gained,GENE0123
rs871006,20,SAS,2022,0.1012,intronic,GENE0097
rs326983,13,SAS,2020,0.0125,synonymous,GENE0183
rs505341,10,AFR,2015,0.0302,synonymous,GENE0081
rs620385,12,AFR,2020,0.0,missense,GENE0052
rs626232,11,SAS,2019,0.1179,stop_gained,GENE0244
rs711769,16,SAS,2023,0.0662,stop_gained,GENE0226
rs120285,6,AFR,2015,0.0,intronic,GENE0277
rs442061,8,SAS,2017,0.0414,intronic,GENE0056
rs299605,6,EAS,2016,0.036,stop_gained,GENE0072
rs247580,12,AFR,2018,0.0436,stop_gained,GENE0076
rs227609,2,EAS,2021,0.0845,intronic,GENE0137
rs958133,17,EAS,2015,0.0472,stop_gained,GENE0062
rs941212,17,AMR,2017,0.3663,stop_gained,GENE0149
rs560419,2,SAS,2023,0.0409,stop_gained,GENE0299
rs314241,9,EAS,2020,0.3971,intronic,GENE0160
rs360654,20,EAS,2015,0.1507,stop_gained,GENE0214
rs584119,21,AMR,2019,0.386,intronic,GENE0274
rs894520,18,SAS,2019,0.1512,synonymous,GENE0240
rs111651,X,AMR,2022,0.09,missense,GENE0135
rs873195,9,EAS,2015,0.2361,synonymous,GENE0169
rs602335,10,AMR,2021,0.2147,missense,GENE0070
rs255604,20,AMR,2019,0.056,missense,GENE0294
rs264912,11,AFR,2015,0.0319,stop_gained,GENE0258
rs403927,10,SAS,2021,0.0866,synonymous,GENE0059
rs347530,22,AFR,2017,0.0384,stop_gained,GENE0282
rs616692,3,EUR,2016,0.0418,stop_gained,GENE0070
rs119755,2,EUR,2017,0.1171,synonymous,GENE0235
rs20462,10,AFR,2021,0.0359,missense,GENE0066
rs386530,8,EUR,2023,0.2378,stop_gained,GENE0028
rs629452,X,SAS,2021,0.0423,intronic,GENE0126
rs441900,9,SAS,2019,0.0,missense,GENE0183
rs317573,19,EAS,2020,0.0317,stop_gained,GENE0047
rs38623,8,EUR,2018,0.0118,synonymous,GENE0034
rs238107,1,AFR,2023,0.0933,missense,GENE0224
rs627720,11,EAS,2018,0.0437,stop_gained,GENE0176
rs617767,14,EAS,2015,0.1843,intronic,GENE0137
rs979351,X,EAS,2016,0.0672,synonymous,GENE0273
rs32257,9,AFR,2020,0.2791,stop_gained,GENE0279
rs299473,16,AMR,2021,0.1035,stop_gained,GENE0157
rs490154,15,SAS,2015,0.0038,synonymous,GENE0192
rs327848,16,AMR,2017,0.0146,stop_gained,GENE0185
rs41667,17,EAS,2021,0.0272,missense,GENE0094
rs589979,22,AFR,2017,0.0485,synonymous,GENE0184
rs437829,19,AFR,2017,0.0481,stop_gained,GENE0248
rs428621,10,AFR,2017,0.1398,intronic,GENE0182
rs787552,2,SAS,2016,0.1829,intronic,GENE0138
rs669880,22,AMR,2018,0.0345,synonymous,GENE0286
rs740185,14,EUR,2017,0.0,intronic,GENE0079
rs472842,10,EUR,2022,0.1042,stop_gained,GENE0029
rs669720,11,EAS,2021,0.0275,stop_gained,GENE0093
rs109909,16,AFR,2017,0.1093,synonymous,GENE0111
rs863786,18,EUR,2019,0.0703,synonymous,GENE0292
rs269059,12,SAS,2020,0.3213,missense,GENE0155
rs316904,8,EAS,2021,0.0641,intronic,GENE0105
rs700285,20,AFR,2023,0.0207,missense,GENE0107
rs20136,9,AMR,2019,0.0114,intronic,GENE0212
rs396780,2,EUR,2015,0.1908,synonymous,GENE0039
rs229453,12,AFR,2023,0.0364,stop_gained,GENE0139
rs717445,2,AMR,2016,0.1603,missense,GENE0117
rs799795,20,AFR,2017,0.1017,synonymous,GENE0156
rs4339,22,AFR,2022,0.0072,synonymous,GENE0259
rs106581,19,SAS,2022,0.0473,missense,GENE0185
rs120662,8,EAS,2022,0.389,missense,GENE0011
rs79000,X,SAS,2020,0.2475,stop_gained,GENE0131
rs965425,7,AMR,2022,0.0475,intronic,GENE0107
rs355890,10,EAS,2015,0.0859,intronic,GENE0042
rs98504,13,AMR,2015,0.1594,stop_gained,GENE0099
rs501551,6,EAS,2015,0.0701,stop_gained,GENE0061
rs963345,19,EUR,2017,0.003,intronic,GENE0254
rs692372,1,SAS,2019,0.0573,intronic,GENE0054
rs438426,10,EAS,2016,0.1338,synonymous,GENE0263
rs620009,19,SAS,2019,0.0695,synonymous,GENE0145
rs496523,8,EAS,2020,0.0518,intronic,GENE0079
rs22697,20,EUR,2018,0.0585,intronic,GENE0111
rs136228,9,AFR,2015,0.2862,missense,GENE0254
rs497023,11,EUR,2023,0.2015,stop_gained,GENE0207
rs294776,15,SAS,2023,0.0416,synonymous,GENE0249
rs929186,13,EAS,2019,0.0248,intronic,GENE0124
rs443860,6,EAS,2016,0.0032,intronic,GENE0084
rs787051,13,SAS,2018,0.0664,intronic,GENE0148
rs506983,1,AFR,2015,0.1182,stop_gained,GENE0047
rs989446,13,AFR,2019,0.0689,synonymous,GENE0113
rs606522,12,AFR,2020,0.0869,synonymous,GENE0048
rs774653,10,EUR,2023,0.0859,missense,GENE0110
rs579330,15,SAS,2019,0.3681,stop_gained,GENE0229
rs870440,1,SAS,2022,0.0264,synonymous,GENE0265
rs848612,16,EUR,2016,0.1694,missense,GENE0052
rs467637,9,AFR,2022,0.0382,intronic,GENE0100
rs799913,4,EAS,2020,0.0229,intronic,GENE0076
rs595637,8,SAS,2015,0.0046,synonymous,GENE0061
rs890620,15,AFR,2015,0.0,missense,GENE0020
rs752842,14,SAS,2023,0.1945,stop_gained,GENE0004
rs891638,3,AMR,2016,0.1966,stop_gained,GENE0142
rs899848,21,SAS,2022,0.1006,missense,GENE0220
rs284445,5,SAS,2015,0.0364,stop_gained,GENE0089
rs472995,9,AFR,2023,0.0673,synonymous,GENE0258
rs991073,20,SAS,2021,0.2384,synonymous,GENE0105
rs134371,18,SAS,2022,0.0143,synonymous,GENE0150
rs429000,15,EUR,2019,0.0693,stop_gained,GENE0260
rs757674,10,EUR,2020,0.3137,intronic,GENE0102
rs851743,20,EAS,2017,0.2721,missense,GENE0195
rs902549,16,EUR,2015,0.1936,intronic,GENE0207
rs664753,9,EUR,2019,0.003,intronic,GENE0169
rs145479,10,AMR,2020,0.0765,synonymous,GENE0294
rs991315,8,EUR,2022,0.0529,intronic,GENE0290
rs70863,11,EAS,2017,0.0463,stop_gained,GENE0142
rs298755,12,EAS,2018,0.1842,missense,GENE0134
rs948393,1,EUR,2016,0.0195,synonymous,GENE0022
rs371900,5,AFR,2015,0.0394,missense,GENE0161
rs947669,8,EAS,2016,0.0,stop_gained,GENE0184
rs540286,15,SAS,2020,0.1451,synonymous,GENE0044
rs327786,15,AFR,2018,0.0,stop_gained,GENE0241
rs116514,8,SAS,2019,0.072,missense,GENE0167
rs82460,19,EUR,2018,0.0,synonymous,GENE0257
rs569643,5,AFR,2023,0.0363,stop_gained,GENE0281
rs852549,7,AFR,2021,0.0,stop_gained,GENE0118
rs506511,18,AMR,2020,0.0311,intronic,GENE0047
rs521397,7,AFR,2022,0.1939,synonymous,GENE0238
rs477969,14,EUR,2017,0.3048,synonymous,GENE0297
rs861263,6,EUR,2017,0.1246,missense,GENE0126
rs22641,16,EUR,2018,0.0884,stop_gained,GENE0089
rs772415,7,SAS,2020,0.517,missense,GENE0077
rs868369,15,AFR,2018,0.0782,stop_gained,GENE0083
rs751573,6,AFR,2021,0.4329,synonymous,GENE0296
rs903378,6,SAS,2018,0.1667,synonymous,GENE0210
rs557766,12,AMR,2016,0.6407,synonymous,GENE0066
rs7689,2,AFR,2016,0.0,missense,GENE0291
rs424045,20,EUR,2017,0.1205,synonymous,GENE0277
rs520698,5,EAS,2021,0.0409,stop_gained,GENE0260
rs173343,1,AMR,2015,0.171,intronic,GENE0005
rs370428,22,EAS,2023,0.0569,missense,GENE0134
rs602476,13,EAS,2023,0.0,synonymous,GENE0191
rs456142,16,SAS,2023,0.1063,stop_gained,GENE0024
rs795576,1,AFR,2015,0.17,intronic,GENE0230
rs326002,15,EAS,2017,0.2354,synonymous,GENE0052
rs960529,19,SAS,2015,0.0637,intronic,GENE0157
rs603841,19,AFR,2016,0.062,missense,GENE0102
rs978349,3,SAS,2016,0.0,intronic,GENE0105
rs368777,12,EUR,2022,0.176,intronic,GENE0172
rs114079,17,SAS,2018,0.0636,synonymous,GENE0185
rs134383,3,EAS,2020,0.0778,stop_gained,GENE0255
rs709160,14,EAS,2021,0.2637,synonymous,GENE0054
rs246469,19,EAS,2016,0.1093,synonymous,GENE0277
rs719240,22,EAS,2022,0.3791,synonymous,GENE0082
rs224418,10,EAS,2015,0.1086,stop_gained,GENE0168
rs281344,12,AFR,2016,0.0477,missense,GENE0165
rs135924,17,AFR,2017,0.1173,missense,GENE0167
rs238266,16,EUR,2023,0.0853,stop_gained,GENE0139
rs788381,3,SAS,2015,0.0848,synonymous,GENE0083
rs544975,5,AFR,2016,0.1621,intronic,GENE0079
rs274450,16,EUR,2015,0.0283,stop_gained,GENE0188
rs482852,18,EUR,2017,0.0646,synonymous,GENE0173
rs604553,6,SAS,2017,0.058,synonymous,GENE0232
rs749658,1,SAS,2020,0.0286,synonymous,GENE0246
rs12294,4,SAS,2015,0.0041,synonymous,GENE0182
rs543962,21,EAS,2023,0.0808,synonymous,GENE0028
rs612078,16,SAS,2023,0.0,synonymous,GENE0241
rs554071,X,EAS,2017,0.1877,missense,GENE0062
rs385648,3,EAS,2016,0.0188,stop_gained,GENE0298
rs295662,1,SAS,2022,0.1758,intronic,GENE0167
rs39210,19,SAS,2016,0.1036,synonymous,GENE0091
rs839483,14,SAS,2020,0.0294,missense,GENE0028
rs412628,9,AMR,2020,0.0397,synonymous,GENE0005
rs886637,21,EAS,2019,0.1905,missense,GENE0145
rs205228,4,EAS,2021,0.1129,stop_gained,GENE0072
rs570401,20,SAS,2018,0.0022,missense,GENE0188
rs502612,16,SAS,2020,0.0295,missense,GENE0042
rs259499,17,AMR,2015,0.0092,intronic,GENE0184
rs29933,10,EUR,2022,0.3966,stop_gained,GENE0051
rs320221,X,EUR,2018,0.0232,missense,GENE0275
rs515530,11,SAS,2021,0.3252,synonymous,GENE0264
rs811067,3,EUR,2022,0.0155,synonymous,GENE0289
rs928980,11,AFR,2023,0.1816,stop_gained,GENE0204
rs288139,13,SAS,2023,0.1149,intronic,GENE0223
rs5149,15,EAS,2017,0.0227,stop_gained,GENE0121
rs831349,19,AMR,2023,0.1577,stop_gained,GENE0015
rs432609,16,AFR,2021,0.0515,intronic,GENE0024
rs394887,8,AFR,2016,0.0487,intronic,GENE0031
rs382109,2,SAS,2018,0.0096,intronic,GENE0193
rs84588,15,SAS,2017,0.08,synonymous,GENE0045
rs947939,15,SAS,2021,0.0084,synonymous,GENE0124
rs564718,5,EAS,2015,0.1495,synonymous,GENE0098
rs447471,8,AFR,2021,0.1409,missense,GENE0078
rs509619,11,AFR,2021,0.3935,synonymous,GENE0013
rs730892,17,SAS,2018,0.3358,synonymous,GENE0152
rs361850,7,SAS,2020,0.1302,missense,GENE0177
rs884883,21,EUR,2020,0.0334,synonymous,GENE0125
rs68283,18,AFR,2019,0.0267,synonymous,GENE0123
rs604134,8,EAS,2017,0.0376,intronic,GENE0070
rs888343,21,AMR,2019,0.1274,synonymous,GENE0251
rs464412,12,AFR,2016,0.0006,synonymous,GENE0265
rs366658,7,AFR,2016,0.001,stop_gained,GENE0041
rs221144,19,SAS,2021,0.3771,intronic,GENE0294
rs384735,21,AMR,2019,0.5107,synonymous,GENE0064
rs320786,9,AFR,2021,0.0,missense,GENE0036
rs93672,3,AFR,2016,0.0011,stop_gained,GENE0280
rs44888,18,AMR,2015,0.0558,missense,GENE0256
rs280877,19,EAS,2017,0.084,synonymous,GENE0158
rs664569,12,AFR,2015,0.3,synonymous,GENE0015
rs249540,1,EAS,2020,0.3881,stop_gained,GENE0136
rs441520,22,AMR,2017,0.0669,missense,GENE0200
rs252791,8,AFR,2021,0.0381,intronic,GENE0140
rs952856,13,EAS,2021,0.0,missense,GENE0239
rs756794,19,EUR,2017,0.0395,intronic,GENE0039
rs993629,7,EAS,2015,0.0997,synonymous,GENE0113
rs56251,10,SAS,2019,0.045,intronic,GENE0023
rs187379,3,EAS,2015,0.0,synonymous,GENE0214
rs704763,13,AFR,2020,0.0294,missense,GENE0052
rs606616,17,EAS,2018,0.0,intronic,GENE0068
rs593190,16,EAS,2017,0.1561,synonymous,GENE0128
rs156734,10,SAS,2023,0.1506,synonymous,GENE0093
rs179496,3,SAS,2022,0.0516,missense,GENE0008
rs237021,6,EAS,2020,0.1018,synonymous,GENE0155
rs643314,2,AFR,2019,0.0213,missense,GENE0195
rs310147,13,AMR,2021,0.0616,intronic,GENE0244
rs305585,1,AMR,2020,0.1506,synonymous,GENE0154
rs610261,22,AFR,2020,0.029,missense,GENE0274
rs639819,14,EAS,2015,0.2562,synonymous,GENE0130
rs66901,19,EAS,2021,0.0172,synonymous,GENE0137
rs743197,9,EAS,2023,0.07,missense,GENE0210
rs131948,1,SAS,2022,0.0481,intronic,GENE0197
rs770665,8,EAS,2023,0.0,missense,GENE0046
rs351417,19,EUR,2018,0.064,synonymous,GENE0149
rs706436,19,AMR,2022,0.2304,missense,GENE0018
rs53838,2,SAS,2019,0.3417,stop_gained,GENE0007
rs705705,2,EAS,2023,0.0,stop_gained,GENE0276
rs315201,5,EUR,2018,0.0418,missense,GENE0290
rs837722,8,AMR,2021,0.0,stop_gained,GENE0037
rs975616,15,AMR,2023,0.0484,stop_gained,GENE0196
rs507213,13,AMR,2016,0.019,intronic,GENE0118
rs146256,10,EAS,2019,0.181,stop_gained,GENE0135
rs644101,8,AFR,2018,0.2749,missense,GENE0291
rs324770,17,EAS,2015,0.1164,stop_gained,GENE0110
rs402385,17,EAS,2019,0.278,missense,GENE0002
rs241928,9,SAS,2019,0.0541,stop_gained,GENE0024
rs497432,2,EAS,2015,0.0197,stop_gained,GENE0143
rs314662,11,AMR,2019,0.0988,synonymous,GENE0012
rs446674,3,EAS,2015,0.1359,stop_gained,GENE0085
rs296583,4,AMR,2022,0.0943,missense,GENE0149
rs586587,13,SAS,2017,0.0319,intronic,GENE0238
rs277739,17,EUR,2021,0.1186,intronic,GENE0094
rs743782,7,AMR,2015,0.1459,intronic,GENE0252
rs420744,13,SAS,2020,0.0098,stop_gained,GENE0193
rs429746,22,EAS,2015,0.0356,stop_gained,GENE0261
rs41294,10,AFR,2021,0.0215,intronic,GENE0016
rs49586,20,SAS,2016,0.0137,missense,GENE0238
rs823213,8,SAS,2017,0.2652,stop_gained,GENE0297
rs569565,20,AMR,2017,0.0133,synonymous,GENE0108
rs837925,6,AFR,2018,0.0877,stop_gained,GENE0202
rs59112,12,EAS,2019,0.2472,stop_gained,GENE0023
rs900243,15,AFR,2023,0.0,intronic,GENE0247
rs374636,7,AMR,2020,0.2673,stop_gained,GENE0004
rs269460,6,EUR,2021,0.2515,stop_gained,GENE0143
rs691233,6,AFR,2023,0.2201,synonymous,GENE0130
rs184073,17,EAS,2019,0.0181,synonymous,GENE0221
rs819768,4,EUR,2017,0.0377,synonymous,GENE0270
rs758456,8,AFR,2017,0.03,synonymous,GENE0056
rs738509,8,AFR,2023,0.1693,intronic,GENE0170
rs960505,10,AMR,2021,0.1096,missense,GENE0022
rs580634,11,EAS,2019,0.0505,stop_gained,GENE0195
rs741409,14,AFR,2020,0.1813,intronic,GENE0276
rs170936,14,AFR,2019,0.1203,intronic,GENE0056
rs673232,10,AMR,2023,0.0545,synonymous,GENE0069
rs411261,14,AMR,2022,0.0665,stop_gained,GENE0156
rs198638,2,EUR,2020,0.1478,intronic,GENE0180
rs896794,3,AFR,2019,0.0688,intronic,GENE0241
rs318562,16,EAS,2023,0.1199,stop_gained,GENE0095
rs735893,4,AFR,2020,0.022,synonymous,GENE0049
rs792641,10,SAS,2023,0.0405,missense,GENE0222
rs253939,6,EUR,2022,0.1914,intronic,GENE0297
rs498244,4,SAS,2022,0.6025,synonymous,GENE0072
rs378413,4,EAS,2017,0.0396,intronic,GENE0014
rs765718,21,AMR,2022,0.0583,missense,GENE0215
rs990531,16,EUR,2020,0.0968,synonymous,GENE0299
rs73726,2,EAS,2022,0.0727,missense,GENE0197
rs301227,3,AFR,2020,0.0,missense,GENE0114
rs694126,21,AMR,2019,0.0467,stop_gained,GENE0005
rs82767,8,AFR,2019,0.2033,intronic,GENE0195
rs366395,11,EUR,2019,0.406,intronic,GENE0054
rs826350,8,AFR,2022,0.4404,missense,GENE0076
rs461883,7,SAS,2015,0.2482,intronic,GENE0154
rs249700,8,AFR,2022,0.0825,intronic,GENE0101
rs132199,11,AFR,2015,0.0481,stop_gained,GENE0287
rs83837,13,EAS,2016,0.164,stop_gained,GENE0136
rs723934,10,SAS,2023,0.2411,missense,GENE0263
rs409724,1,AFR,2022,0.1393,missense,GENE0139
rs148122,22,AMR,2016,0.05,stop_gained,GENE0204
rs201959,13,SAS,2017,0.1481,missense,GENE0001
rs991485,18,EAS,2022,0.003,synonymous,GENE0195
rs205466,19,EUR,2021,0.2285,stop_gained,GENE0221
rs323252,14,AFR,2020,0.0635,stop_gained,GENE0202
rs421994,3,AFR,2017,0.0542,synonymous,GENE0143
rs729634,11,SAS,2015,0.1457,intronic,GENE0228
rs581624,1,SAS,2021,0.0089,missense,GENE0142
rs413900,3,AFR,2021,0.3389,stop_gained,GENE0226
rs969632,16,SAS,2022,0.1603,intronic,GENE0229
rs744232,12,EAS,2016,0.0753,synonymous,GENE0075
rs493561,14,AMR,2019,0.0,stop_gained,GENE0234
rs413531,7,EAS,2015,0.307,synonymous,GENE0239
rs760294,22,EAS,2023,0.0669,stop_gained,GENE0106
rs999959,13,EAS,2020,0.0299,synonymous,GENE0122
rs811868,2,AMR,2015,0.0471,synonymous,GENE0140
rs752043,17,AFR,2020,0.0712,stop_gained,GENE0080
rs175504,11,EUR,2018,0.0996,intronic,GENE0136
rs568700,11,EAS,2023,0.4891,missense,GENE0039
rs932976,18,AMR,2017,0.0314,intronic,GENE0177
rs366848,4,EUR,2020,0.0558,intronic,GENE0216
rs991745,22,EUR,2017,0.0265,missense,GENE0186
rs327547,13,EUR,2021,0.3198,stop_gained,GENE0107
rs882255,13,SAS,2017,0.0327,synonymous,GENE0125
rs52984,X,AMR,2021,0.0397,synonymous,GENE0133
rs578107,8,SAS,2018,0.0304,stop_gained,GENE0085
rs112321,19,AFR,2023,0.0007,missense,GENE0194
rs968674,2,AMR,2016,0.1844,synonymous,GENE0125
rs749647,13,AMR,2021,0.0402,missense,GENE0243
rs226651,X,EAS,2020,0.2876,intronic,GENE0166
rs345474,8,AMR,2018,0.0254,intronic,GENE0220
rs904843,13,AFR,2017,0.0359,missense,GENE0257
rs256465,3,AFR,2015,0.103,intronic,GENE0213
rs483405,3,EUR,2022,0.1319,synonymous,GENE0295
rs372193,14,SAS,2019,0.0364,synonymous,GENE0204
rs536023,21,EUR,2018,0.033,intronic,GENE0272
rs224474,X,AMR,2021,0.0527,intronic,GENE0223
rs183422,17,SAS,2020,0.0473,intronic,GENE0220
rs843744,16,AFR,2015,0.0344,synonymous,GENE0199
rs403495,13,AFR,2020,0.0686,intronic,GENE0065
rs733541,5,AMR,2022,0.0209,stop_gained,GENE0171
rs6922,2,EUR,2022,0.0443,synonymous,GENE0239
rs954609,2,AFR,2015,0.3918,missense,GENE0063
rs846255,13,EUR,2015,0.0062,intronic,GENE0296
rs324186,6,SAS,2015,0.0368,intronic,GENE0269
rs102243,17,SAS,2019,0.0013,synonymous,GENE0200
rs925381,11,AMR,2015,0.0291,synonymous,GENE0030
rs432477,5,AFR,2016,0.1946,synonymous,GENE0197
rs179859,8,SAS,2018,0.0469,stop_gained,GENE0289
rs605688,21,SAS,2023,0.0286,synonymous,GENE0046
rs269535,14,EAS,2016,0.0528,stop_gained,GENE0205
rs180421,1,EUR,2020,0.0407,synonymous,GENE0181
rs22402,16,AFR,2016,0.0451,intronic,GENE0293
rs925002,12,SAS,2021,0.0349,synonymous,GENE0148
rs314479,14,SAS,2020,0.0548,stop_gained,GENE0023
rs965489,12,EUR,2022,0.1967,intronic,GENE0172
rs322585,12,AMR,2020,0.0212,stop_gained,GENE0061
rs281527,X,SAS,2015,0.1252,stop_gained,GENE0100
rs221238,22,EUR,2015,0.1586,missense,GENE0147
rs74993,13,SAS,2021,0.0182,intronic,GENE0092
rs208433,2,SAS,2021,0.0619,missense,GENE0038
rs788598,1,EUR,2021,0.1179,synonymous,GENE0186
rs222424,5,EUR,2023,0.3396,intronic,GENE0214
rs986532,18,EAS,2015,0.0457,synonymous,GENE0058
rs38021,15,AMR,2022,0.0351,intronic,GENE0279
rs28995,8,EAS,2017,0.0693,missense,GENE0086
rs170804,21,EAS,2021,0.2939,stop_gained,GENE0137
rs93560,5,SAS,2020,0.0241,intronic,GENE0160
rs243013,6,EUR,2015,0.341,missense,GENE0160
rs495905,16,EUR,2017,0.0434,intronic,GENE0008
rs679298,16,SAS,2018,0.0258,synonymous,GENE0122
rs361066,21,AFR,2018,0.0025,synonymous,GENE0178
rs7339,22,AMR,2022,0.1892,synonymous,GENE0057
rs197300,14,AMR,2016,0.2368,stop_gained,GENE0107
rs858050,13,EAS,2017,0.032,synonymous,GENE0186
rs466103,22,EUR,2018,0.1183,missense,GENE0180
rs331765,7,EAS,2020,0.0875,synonymous,GENE0120
rs673734,14,AMR,2015,0.0,synonymous,GENE0291
rs883052,16,EAS,2019,0.1163,intronic,GENE0114
rs822213,19,EUR,2023,0.0152,synonymous,GENE0282
rs866978,15,AMR,2017,0.0288,stop_gained,GENE0158
rs184060,20,EUR,2022,0.07,missense,GENE0090
rs860199,1,EAS,2018,0.0794,intronic,GENE0209
rs378403,16,EUR,2019,0.0107,synonymous,GENE0060
rs867582,18,AMR,2016,0.0514,intronic,GENE0154
rs955662,19,EAS,2019,0.0,intronic,GENE0109
rs143905,11,AFR,2021,0.4602,stop_gained,GENE0151
rs821931,1,EAS,2022,0.0186,intronic,GENE0019
rs543944,X,EAS,2022,0.0498,stop_gained,GENE0095
rs778080,3,AMR,2022,0.1171,intronic,GENE0232
rs6583,21,AMR,2018,0.4742,synonymous,GENE0237
rs316025,18,SAS,2017,0.1029,intronic,GENE0146
rs942124,1,AFR,2015,0.1531,missense,GENE0128
rs798130,20,AMR,2020,0.0035,stop_gained,GENE0207
rs854461,1,SAS,2023,0.1707,stop_gained,GENE0018
rs17356,2,AMR,2023,0.12,missense,GENE0277
rs695790,16,EUR,2023,0.0238,intronic,GENE0068
rs953030,X,AFR,2022,0.1607,synonymous,GENE0122
rs223910,6,SAS,2016,0.0017,synonymous,GENE0204
rs657279,14,EUR,2017,0.2466,synonymous,GENE0142
rs781267,6,AMR,2019,0.0331,missense,GENE0242
rs928980,6,AFR,2018,0.023,intronic,GENE0292
rs955884,15,EUR,2021,0.6103,synonymous,GENE0273
rs921241,8,SAS,2019,0.0684,missense,GENE0289
rs322177,17,EUR,2018,0.0394,synonymous,GENE0148
rs122650,22,EUR,2023,0.0,missense,GENE0164
rs17161,2,SAS,2021,0.0239,missense,GENE0079
rs755151,19,AFR,2023,0.0648,stop_gained,GENE0138
rs24410,21,EAS,2019,0.3266,synonymous,GENE0099
rs897354,12,SAS,2017,0.0301,synonymous,GENE0105
rs262738,14,EAS,2018,0.2619,synonymous,GENE0266
rs123187,19,AFR,2019,0.259,stop_gained,GENE0046
rs152076,19,SAS,2022,0.0353,intronic,GENE0256
rs184697,13,AMR,2015,0.0135,synonymous,GENE0077
rs643005,22,SAS,2019,0.092,stop_gained,GENE0137
rs443848,9,EAS,2020,0.032,stop_gained,GENE0271
rs696614,17,AFR,2016,0.1028,stop_gained,GENE0071
rs251999,8,AMR,2023,0.0159,intronic,GENE0229
rs156214,12,AFR,2021,0.0483,intronic,GENE0157
rs213765,16,AFR,2020,0.0479,stop_gained,GENE0299
rs879118,8,AMR,2018,0.0,missense,GENE0104
rs228484,3,SAS,2023,0.1984,missense,GENE0027
rs222942,5,EAS,2021,0.0104,missense,GENE0087
rs446204,3,AFR,2016,0.0037,intronic,GENE0280
rs531374,17,EAS,2018,0.0879,intronic,GENE0272
rs830013,15,SAS,2023,0.0059,intronic,GENE0173
rs224161,16,AFR,2023,0.0443,synonymous,GENE0278
rs124527,14,AMR,2020,0.0582,intronic,GENE0236
rs979401,19,SAS,2022,0.0,intronic,GENE0250
rs520504,2,AMR,2020,0.0955,intronic,GENE0120
rs222456,3,AMR,2017,0.0463,stop_gained,GENE0228
rs664809,22,SAS,2019,0.0091,intronic,GENE0019
rs83784,21,EUR,2021,0.2502,missense,GENE0124
rs944191,16,AFR,2016,0.1788,missense,GENE0293
rs447569,6,EUR,2018,0.3663,intronic,GENE0026
rs213828,7,EUR,2018,0.1606,synonymous,GENE0201
rs309329,19,EUR,2022,0.0164,missense,GENE0104
rs650416,17,AFR,2018,0.0436,intronic,GENE0115
rs702080,11,EUR,2020,0.2485,intronic,GENE0127
rs707450,11,SAS,2016,0.0312,synonymous,GENE0053
rs699805,11,AFR,2019,0.0438,synonymous,GENE0149
rs60155,4,AFR,2021,0.0454,stop_gained,GENE0068
rs521499,13,EUR,2016,0.2426,missense,GENE0063
rs402314,7,SAS,2015,0.0758,intronic,GENE0071
rs248506,18,EUR,2022,0.0493,synonymous,GENE0271
rs121011,21,AFR,2020,0.193,intronic,GENE0262
rs650512,21,EAS,2022,0.2207,synonymous,GENE0176
rs779878,18,SAS,2019,0.2508,missense,GENE0287
rs877719,21,AMR,2023,0.1624,missense,GENE0220
rs854558,7,EUR,2023,0.0314,stop_gained,GENE0145
rs262456,17,EAS,2015,0.0,intronic,GENE0259
rs253133,X,EUR,2016,0.0619,synonymous,GENE0226
rs115738,13,EUR,2021,0.0528,stop_gained,GENE0159
rs766683,7,EAS,2021,0.0524,missense,GENE0080
rs800935,3,AFR,2018,0.0507,intronic,GENE0167
rs547700,4,AFR,2016,0.3489,synonymous,GENE0131
rs80529,22,AMR,2015,0.1025,synonymous,GENE0263
rs37352,4,SAS,2016,0.0547,intronic,GENE0068
rs972235,12,AMR,2022,0.0054,stop_gained,GENE0161
rs365657,22,EAS,2018,0.0462,missense,GENE0218
rs815229,16,AFR,2015,0.1202,stop_gained,GENE0296
rs270324,X,EAS,2021,0.0564,stop_gained,GENE0112
rs946304,5,AFR,2017,0.0,synonymous,GENE0160
rs183110,16,EAS,2015,0.0554,stop_gained,GENE0182
rs30750,16,AMR,2022,0.051,intronic,GENE0068
rs792663,19,EUR,2016,0.0802,synonymous,GENE0191
rs429446,4,AFR,2018,0.1119,stop_gained,GENE0230
rs382279,4,AFR,2015,0.0698,stop_gained,GENE0150
rs481334,12,EAS,2020,0.078,missense,GENE0150
rs87780,22,EUR,2019,0.06,intronic,GENE0061
rs340613,3,AMR,2020,0.1582,stop_gained,GENE0213
rs607491,2,AMR,2018,0.0139,intronic,GENE0021
rs959094,12,SAS,2016,0.1619,missense,GENE0172
rs277205,8,AMR,2018,0.0929,missense,GENE0009
rs36201,1,SAS,2016,0.0428,stop_gained,GENE0011
rs591814,5,EUR,2022,0.0331,missense,GENE0277
rs996772,21,EUR,2021,0.0481,synonymous,GENE0245
rs280993,16,AFR,2022,0.0109,synonymous,GENE0210
rs21842,7,AMR,2023,0.0472,intronic,GENE0082
rs213426,1,EAS,2017,0.104,synonymous,GENE0156
rs230799,18,SAS,2016,0.0505,intronic,GENE0122
rs814482,X,EAS,2021,0.1529,stop_gained,GENE0202
rs556845,17,AFR,2020,0.0252,stop_gained,GENE0297
rs466638,6,SAS,2015,0.0269,intronic,GENE0054
rs28797,18,AMR,2018,0.0488,synonymous,GENE0158
rs608204,1,EUR,2017,0.001,stop_gained,GENE0185
rs889662,14,EUR,2023,0.0163,stop_gained,GENE0064
rs750040,10,AMR,2016,0.046,missense,GENE0129
rs332681,19,AFR,2015,0.0404,stop_gained,GENE0118
rs361269,11,AMR,2015,0.1716,intronic,GENE0017
rs944864,4,SAS,2015,0.0596,intronic,GENE0078
rs159673,20,AMR,2016,0.11,synonymous,GENE0167
rs910654,2,EUR,2019,0.139,missense,GENE0180
rs928808,21,AFR,2022,0.0186,synonymous,GENE0182
rs634677,6,AMR,2021,0.0,missense,GENE0105
rs906221,15,AMR,2020,0.0926,intronic,GENE0246
rs325781,20,AMR,2023,0.2088,intronic,GENE0133
rs518760,15,AFR,2015,0.3484,synonymous,GENE0032
rs876462,17,EAS,2019,0.0037,stop_gained,GENE0142
rs720454,19,EUR,2018,0.0307,stop_gained,GENE0065
rs627170,13,AFR,2020,0.0387,stop_gained,GENE0245
rs487901,12,AFR,2018,0.0647,synonymous,GENE0134
rs444383,8,AFR,2019,0.1134,synonymous,GENE0180
rs343460,16,EAS,2022,0.0022,synonymous,GENE0238
rs673382,20,AMR,2021,0.0571,missense,GENE0077
rs517133,18,AFR,2018,0.0,intronic,GENE0206
rs85171,20,EUR,2017,0.0115,missense,GENE0075
rs631603,13,EUR,2023,0.2597,synonymous,GENE0190
rs464344,16,AMR,2018,0.0535,intronic,GENE0140
rs459618,1,AFR,2022,0.585,intronic,GENE0216
rs409098,3,AMR,2020,0.0564,synonymous,GENE0210
rs783082,18,SAS,2020,0.0483,synonymous,GENE0103
rs523861,18,AMR,2015,0.1262,stop_gained,GENE0244
rs671071,11,SAS,2017,0.1932,synonymous,GENE0062
rs463986,10,AFR,2016,0.0015,intronic,GENE0133
rs658564,X,AFR,2022,0.1513,intronic,GENE0283
rs893585,4,AFR,2021,0.0713,missense,GENE0067
rs605741,3,EAS,2021,0.0549,missense,GENE0150
rs106467,7,SAS,2018,0.0,missense,GENE0252
rs86133,9,EAS,2015,0.0013,synonymous,GENE0239
rs829035,1,EAS,2015,0.0881,stop_gained,GENE0297
rs163478,12,SAS,2020,0.0355,stop_gained,GENE0225
rs396478,11,AFR,2020,0.0024,stop_gained,GENE0290
rs764975,X,SAS,2023,0.0024,synonymous,GENE0161
rs393394,19,EAS,2021,0.0833,missense,GENE0192
rs672442,22,AMR,2022,0.1266,synonymous,GENE0029
rs19029,15,EAS,2022,0.4883,stop_gained,GENE0118
rs545730,18,EUR,2022,0.0294,stop_gained,GENE0009
rs687042,18,SAS,2017,0.0454,stop_gained,GENE0292
rs686831,9,SAS,2023,0.3373,synonymous,GENE0202
rs57937,14,AFR,2022,0.0983,stop_gained,GENE0079
rs54528,10,EUR,2022,0.0493,synonymous,GENE0121
rs498168,21,EAS,2017,0.0268,synonymous,GENE0102
rs635220,1,EAS,2018,0.1104,missense,GENE0270
rs17505,21,EUR,2023,0.0015,intronic,GENE0172
rs605873,7,AMR,2018,0.0488,intronic,GENE0048
rs175703,6,EUR,2016,0.0221,synonymous,GENE0070
rs675397,6,AMR,2023,0.3359,missense,GENE0154
rs401095,8,EAS,2022,0.0465,stop_gained,GENE0175
rs339113,2,EUR,2023,0.0441,intronic,GENE0164
rs947743,9,SAS,2015,0.017,intronic,GENE0287
rs556063,7,AMR,2017,0.0889,stop_gained,GENE0125
rs441517,10,EUR,2022,0.0906,missense,GENE0173
rs249524,19,SAS,2016,0.0382,synonymous,GENE0105
rs747997,2,AFR,2018,0.1855,stop_gained,GENE0082
rs985819,14,SAS,2021,0.0282,stop_gained,GENE0292
rs71041,16,EUR,2019,0.1935,missense,GENE0103
rs141770,X,EUR,2020,0.0375,stop_gained,GENE0259
rs282819,8,SAS,2021,0.1973,synonymous,GENE0064
rs745552,20,EUR,2022,0.0078,intronic,GENE0004
rs590905,9,AFR,2018,0.2667,synonymous,GENE0087
rs666170,15,EUR,2019,0.2028,synonymous,GENE0107
rs110463,1,EUR,2016,0.0789,intronic,GENE0106
rs682077,5,EAS,2016,0.1068,synonymous,GENE0285
rs752452,4,AFR,2015,0.0039,missense,GENE0116
rs766077,3,AFR,2019,0.013,synonymous,GENE0246
rs170845,7,SAS,2021,0.0396,intronic,GENE0014
rs903322,16,SAS,2015,0.0461,missense,GENE0068
rs789618,11,SAS,2018,0.0454,stop_gained,GENE0130
rs536744,15,AFR,2021,0.0643,missense,GENE0188
rs289619,22,EUR,2022,0.0217,missense,GENE0102
rs861789,10,AFR,2021,0.0955,missense,GENE0272
rs471236,7,EUR,2015,0.0861,intronic,GENE0185
rs41877,2,SAS,2022,0.078,missense,GENE0252
rs920126,5,SAS,2016,0.0094,stop_gained,GENE0169
rs716438,9,SAS,2023,0.0358,missense,GENE0004
rs113680,1,AMR,2017,0.0496,intronic,GENE0146
rs578882,14,AFR,2021,0.2337,missense,GENE0231
rs8590,21,AMR,2018,0.0065,intronic,GENE0164
rs174512,7,EUR,2015,0.0888,missense,GENE0284
rs169105,X,EAS,2016,0.3195,stop_gained,GENE0094
rs747565,9,SAS,2021,0.0427,intronic,GENE0091
rs258912,14,EUR,2017,0.0489,synonymous,GENE0185
rs225769,12,EUR,2019,0.0538,missense,GENE0112
rs322740,13,EAS,2018,0.048,stop_gained,GENE0073
rs751695,8,SAS,2020,0.0759,missense,GENE0200
rs236757,6,AFR,2019,0.0292,synonymous,GENE0236
rs661995,10,EAS,2019,0.0897,missense,GENE0234
rs960376,2,EAS,2016,0.479,stop_gained,GENE0003
rs426582,12,SAS,2021,0.0458,synonymous,GENE0256
rs173461,7,SAS,2016,0.0395,stop_gained,GENE0287
rs538211,16,AFR,2023,0.1992,intronic,GENE0043
rs485838,8,AMR,2022,0.1446,synonymous,GENE0097
rs472319,22,EAS,2019,0.5104,stop_gained,GENE0192
rs244234,9,AMR,2015,0.0603,synonymous,GENE0064
rs859534,14,EAS,2021,0.0048,missense,GENE0261
rs262621,13,SAS,2022,0.0518,stop_gained,GENE0206
rs662635,9,EAS,2017,0.0517,stop_gained,GENE0231
rs694825,4,EUR,2017,0.0303,intronic,GENE0196
rs698830,3,AMR,2023,0.0844,stop_gained,GENE0088
rs73846,11,SAS,2016,0.1458,missense,GENE0297
rs190503,19,EUR,2017,0.3104,missense,GENE0051
rs162350,10,SAS,2022,0.1281,intronic,GENE0283
rs330573,16,AFR,2017,0.0137,missense,GENE0018
rs157399,12,SAS,2022,0.1248,stop_gained,GENE0025
rs465930,6,EUR,2015,0.0811,intronic,GENE0059
rs302834,20,EUR,2015,0.0,synonymous,GENE0081
rs490552,16,SAS,2016,0.0109,synonymous,GENE0136
rs168440,4,AMR,2023,0.2166,missense,GENE0038
rs817411,12,AFR,2022,0.2999,intronic,GENE0044
rs337379,17,SAS,2016,0.1721,missense,GENE0280
rs252426,15,AFR,2016,0.131,stop_gained,GENE0038
rs32303,2,SAS,2020,0.1084,missense,GENE0061
rs579840,10,EUR,2017,0.3613,synonymous,GENE0070
rs823633,22,EUR,2018,0.6415,missense,GENE0246
rs1496,X,EAS,2019,0.0211,stop_gained,GENE0047
rs878427,6,SAS,2018,0.0652,synonymous,GENE0133
rs29569,22,EAS,2022,0.0677,missense,GENE0221
rs218911,5,EUR,2016,0.0248,missense,GENE0291
rs829603,13,SAS,2019,0.0593,synonymous,GENE0105
rs941539,18,AFR,2017,0.2185,intronic,GENE0067
rs731058,10,AFR,2018,0.0478,stop_gained,GENE0199
rs984245,2,AFR,2017,0.2925,stop_gained,GENE0267
rs207706,16,EAS,2019,0.2485,intronic,GENE0222
rs36621,5,EUR,2016,0.0549,stop_gained,GENE0059
rs271413,16,SAS,2019,0.0668,intronic,GENE0233
rs305549,20,AFR,2023,0.0,missense,GENE0048
rs888516,15,EUR,2016,0.0465,intronic,GENE0138
rs293934,5,EUR,2015,0.0699,missense,GENE0042
rs362044,21,AFR,2015,0.0962,stop_gained,GENE0226
rs393080,20,SAS,2017,0.1118,stop_gained,GENE0078
rs117556,10,SAS,2020,0.0615,stop_gained,GENE0058
rs579727,17,SAS,2022,0.2233,missense,GENE0289
rs946927,11,AMR,2019,0.0485,stop_gained,GENE0232
rs561684,6,SAS,2016,0.0,stop_gained,GENE0270
rs516742,22,EUR,2019,0.0487,synonymous,GENE0078
rs656942,5,SAS,2019,0.4025,synonymous,GENE0187
rs515848,4,AMR,2016,0.073,missense,GENE0162
rs51299,1,EAS,2017,0.0639,synonymous,GENE0039
rs633793,14,EUR,2021,0.04,missense,GENE0065
rs279153,12,AMR,2020,0.1878,missense,GENE0173
rs337774,7,AMR,2015,0.045,stop_gained,GENE0092
rs774549,8,EAS,2023,0.0,intronic,GENE0254
rs21235,6,AFR,2023,0.0668,missense,GENE0229
rs767069,1,EUR,2022,0.0031,synonymous,GENE0007
rs563552,11,EUR,2021,0.0191,intronic,GENE0137
rs108420,9,EUR,2023,0.0617,missense,GENE0081
rs160983,9,EAS,2022,0.3738,missense,GENE0111
rs761526,20,AFR,2017,0.0167,intronic,GENE0157
rs662795,5,EAS,2023,0.3543,synonymous,GENE0021
rs296053,18,SAS,2023,0.0,synonymous,GENE0272
rs273500,10,EUR,2015,0.0445,missense,GENE0054
rs185488,22,EAS,2021,0.0443,synonymous,GENE0265
rs801806,18,SAS,2016,0.0197,stop_gained,GENE0063
rs140892,12,EUR,2018,0.0133,stop_gained,GENE0213
rs783685,2,SAS,2019,0.2798,intronic,GENE0153
rs875493,3,EAS,2021,0.0487,intronic,GENE0023
rs680067,2,SAS,2022,0.0,missense,GENE0250
rs559592,1,SAS,2022,0.0952,missense,GENE0064
rs292441,3,AFR,2022,0.2205,stop_gained,GENE0030
rs10262,22,EUR,2022,0.1273,synonymous,GENE0255
rs667087,11,AMR,2023,0.0104,intronic,GENE0191
rs965659,7,AMR,2017,0.4577,intronic,GENE0124
rs771484,22,AMR,2022,0.0,intronic,GENE0116
rs315366,6,AFR,2020,0.0577,stop_gained,GENE0043
rs553326,11,SAS,2021,0.2178,intronic,GENE0294
rs377114,11,AMR,2016,0.0644,missense,GENE0294
rs737156,X,AFR,2017,0.0777,intronic,GENE0267
rs301960,8,AFR,2023,0.1152,stop_gained,GENE0015
rs907393,10,AFR,2022,0.0,missense,GENE0285
rs824766,1,SAS,2021,0.4744,missense,GENE0152
rs949162,3,AFR,2015,0.5253,missense,GENE0008
rs307501,15,AMR,2019,0.3079,missense,GENE0075
rs626551,16,AMR,2019,0.054,synonymous,GENE0094
rs80960,10,AFR,2018,0.1674,intronic,GENE0101
rs472353,4,EUR,2023,0.2171,synonymous,GENE0052
rs198508,14,EAS,2017,0.0,stop_gained,GENE0198
rs578453,22,AMR,2015,0.0997,missense,GENE0264
rs93925,21,AMR,2018,0.0893,stop_gained,GENE0106
rs130927,9,EUR,2022,0.0987,synonymous,GENE0154
rs866974,17,EAS,2023,0.1309,intronic,GENE0242
rs881734,8,AFR,2015,0.0,missense,GENE0155
rs945207,15,AFR,2020,0.0,stop_gained,GENE0280
rs329732,20,AMR,2021,0.0344,missense,GENE0204
rs200940,21,SAS,2022,0.1602,stop_gained,GENE0212
rs607600,5,SAS,2020,0.0,stop_gained,GENE0213
rs705115,3,SAS,2016,0.1184,intronic,GENE0137
rs839826,5,AMR,2017,0.0941,intronic,GENE0070
rs429780,2,AFR,2018,0.143,intronic,GENE0277
rs238859,11,SAS,2022,0.4684,synonymous,GENE0107
rs380894,4,AMR,2020,0.0384,missense,GENE0124
rs811608,14,AMR,2019,0.0314,stop_gained,GENE0125
rs931004,18,AMR,2016,0.0173,synonymous,GENE0118
rs331580,2,AMR,2023,0.0874,intronic,GENE0067
rs793321,7,SAS,2021,0.2837,missense,GENE0155
rs182540,17,AMR,2020,0.0219,intronic,GENE0210
rs664137,12,EUR,2018,0.2481,synonymous,GENE0117
rs630050,9,EAS,2018,0.2106,synonymous,GENE0191
rs521294,16,EAS,2016,0.0179,stop_gained,GENE0034
rs261312,22,AFR,2020,0.0868,missense,GENE0085
rs869551,X,SAS,2018,0.1047,synonymous,GENE0095
rs655605,9,AMR,2017,0.0542,stop_gained,GENE0138
rs425755,22,EAS,2016,0.0325,stop_gained,GENE0261
rs44625,2,SAS,2020,0.0,stop_gained,GENE0033
rs608945,17,AMR,2022,0.1343,intronic,GENE0136
rs123209,X,EUR,2018,0.0497,synonymous,GENE0217
rs784033,15,AFR,2022,0.123,intronic,GENE0229
rs19815,10,EAS,2019,0.0234,intronic,GENE0042
rs429786,11,AMR,2015,0.0632,intronic,GENE0257
rs689031,13,EUR,2017,0.1238,synonymous,GENE0208
rs382171,4,SAS,2017,0.0825,intronic,GENE0294
rs809234,12,EAS,2022,0.1167,stop_gained,GENE0055
rs298701,1,SAS,2023,0.0418,missense,GENE0210
rs567604,17,AMR,2017,0.0954,stop_gained,GENE0274
rs184005,8,AMR,2023,0.0677,missense,GENE0071
rs472152,15,AMR,2023,0.0526,synonymous,GENE0054
rs487156,14,SAS,2017,0.0,stop_gained,GENE0122
rs439272,15,EAS,2020,0.2064,stop_gained,GENE0047
rs388489,12,AFR,2019,0.038,stop_gained,GENE0228
rs538159,9,EUR,2018,0.1501,stop_gained,GENE0278
rs31389,3,SAS,2022,0.0906,intronic,GENE0140
rs622273,22,EUR,2018,0.0344,synonymous,GENE0207
rs805610,18,AFR,2019,0.0798,missense,GENE0261
rs203566,18,AMR,2021,0.0899,synonymous,GENE0133
rs347438,17,AMR,2018,0.0951,synonymous,GENE0245
rs964352,4,SAS,2022,0.0491,synonymous,GENE0025
rs253980,17,AFR,2020,0.2403,intronic,GENE0019
rs861968,3,AFR,2020,0.0496,missense,GENE0054
rs87099,2,AMR,2019,0.1642,intronic,GENE0001
rs862453,18,SAS,2016,0.0412,stop_gained,GENE0215
rs542325,5,AMR,2022,0.0204,synonymous,GENE0158
rs518783,X,AFR,2022,0.6614,synonymous,GENE0034
rs421011,20,EAS,2022,0.0,stop_gained,GENE0004
rs389264,15,AFR,2022,0.019,synonymous,GENE0058
rs158592,X,EAS,2015,0.1778,stop_gained,GENE0286
rs63042,9,AFR,2020,0.1156,missense,GENE0044
rs442559,2,EAS,2019,0.0629,intronic,GENE0299
rs693892,14,AFR,2022,0.0237,intronic,GENE0199
rs117579,17,EAS,2021,0.0407,synonymous,GENE0152
rs13059,20,EUR,2017,0.2143,intronic,GENE0122
rs999879,19,AFR,2019,0.0038,intronic,GENE0055
rs27921,22,AFR,2016,0.0278,synonymous,GENE0081
rs574021,21,AFR,2022,0.0541,stop_gained,GENE0095
rs249430,12,EUR,2016,0.0993,intronic,GENE0045
rs349258,18,EUR,2017,0.036,stop_gained,GENE0172
rs128375,11,EAS,2022,0.0415,intronic,GENE0178
rs483963,X,EUR,2016,0.0356,synonymous,GENE0112
rs549631,1,EAS,2019,0.0534,synonymous,GENE0210
rs219031,13,AMR,2016,0.1119,missense,GENE0245
rs148752,7,EUR,2016,0.0579,intronic,GENE0275
rs410323,17,AFR,2021,0.0276,synonymous,GENE0157
rs298340,21,AMR,2016,0.0441,stop_gained,GENE0287
rs89025,11,AMR,2021,0.0071,synonymous,GENE0018
rs415400,1,EUR,2016,0.0522,stop_gained,GENE0151
rs273952,14,SAS,2017,0.0578,synonymous,GENE0003
rs651946,6,EAS,2015,0.1021,stop_gained,GENE0102
rs938380,10,SAS,2020,0.0986,stop_gained,GENE0059
rs384533,5,SAS,2015,0.0943,intronic,GENE0071
rs941682,7,AMR,2018,0.0397,synonymous,GENE0181
rs127672,19,AFR,2022,0.5111,synonymous,GENE0049
rs290374,17,EUR,2019,0.0247,stop_gained,GENE0146
rs160408,3,SAS,2019,0.263,stop_gained,GENE0203
rs32279,4,AMR,2022,0.0154,intronic,GENE0012
rs765465,10,EAS,2019,0.0309,missense,GENE0021
rs249408,19,AMR,2023,0.022,synonymous,GENE0283
rs498450,5,AFR,2020,0.0542,synonymous,GENE0279
rs900244,18,SAS,2019,0.0005,stop_gained,GENE0166
rs362230,13,EUR,2020,0.0235,stop_gained,GENE0174
rs942832,10,EAS,2018,0.0,intronic,GENE0124
rs214808,8,EUR,2015,0.054,synonymous,GENE0192
rs716751,13,EUR,2022,0.0851,stop_gained,GENE0275
rs795298,18,SAS,2017,0.4176,missense,GENE0150
rs549788,9,AMR,2016,0.0767,intronic,GENE0237
rs879351,13,AFR,2017,0.4314,stop_gained,GENE0174
rs28266,4,AMR,2020,0.1187,intronic,GENE0202
rs61747,6,EAS,2021,0.0106,missense,GENE0013
rs621332,17,EAS,2015,0.3,intronic,GENE0277
rs254403,22,SAS,2020,0.2943,intronic,GENE0163
rs898442,13,SAS,2016,0.0226,synonymous,GENE0090
rs238002,19,AMR,2017,0.0009,stop_gained,GENE0284
rs70067,5,SAS,2016,0.0,synonymous,GENE0026
rs107607,8,SAS,2021,0.0635,missense,GENE0138
rs206794,1,AFR,2021,0.1298,missense,GENE0146
rs295686,X,AFR,2019,0.0656,synonymous,GENE0140
rs534877,14,AFR,2016,0.0463,synonymous,GENE0234
rs540747,3,AMR,2015,0.0106,missense,GENE0162
rs992863,11,AMR,2015,0.0484,missense,GENE0285
rs213222,9,EAS,2019,0.467,synonymous,GENE0062
rs827654,10,AMR,2019,0.0815,missense,GENE0240
rs386168,20,SAS,2019,0.2208,stop_gained,GENE0252
rs643964,8,AMR,2021,0.1587,synonymous,GENE0246
rs894122,21,AFR,2016,0.0078,missense,GENE0182
rs583076,9,AMR,2019,0.0334,intronic,GENE0240
rs918602,13,SAS,2019,0.4214,synonymous,GENE0230
rs68894,14,AMR,2020,0.046,missense,GENE0281
rs601000,10,SAS,2021,0.039,stop_gained,GENE0048
rs822437,21,SAS,2015,0.0206,missense,GENE0015
rs422102,20,AMR,2016,0.0323,stop_gained,GENE0191
rs153199,11,EUR,2017,0.0716,intronic,GENE0120
rs545935,19,EAS,2019,0.2493,stop_gained,GENE0233
rs46928,16,EAS,2016,0.0044,stop_gained,GENE0065
rs591059,21,SAS,2016,0.1755,synonymous,GENE0005
rs825377,7,EAS,2022,0.0799,intronic,GENE0023
rs871662,12,AMR,2015,0.0449,intronic,GENE0167
rs368465,16,SAS,2022,0.0417,intronic,GENE0141
rs438155,22,EUR,2022,0.1579,intronic,GENE0074
rs597913,3,SAS,2015,0.0637,synonymous,GENE0117
rs412576,20,AFR,2016,0.2289,intronic,GENE0180
rs330898,22,EAS,2018,0.0047,missense,GENE0276
rs621220,9,AMR,2023,0.187,stop_gained,GENE0052
rs343933,6,AFR,2021,0.0341,missense,GENE0233
rs953221,3,AMR,2018,0.3292,missense,GENE0168
rs981282,X,SAS,2021,0.0974,missense,GENE0226
rs539613,12,AFR,2021,0.4154,missense,GENE0241
rs741555,7,EAS,2023,0.0702,intronic,GENE0294
rs249086,17,SAS,2015,0.0212,missense,GENE0107
rs392003,20,EUR,2018,0.0064,synonymous,GENE0218
rs39864,6,SAS,2020,0.0156,synonymous,GENE0293
rs292923,15,EAS,2016,0.038,synonymous,GENE0066
rs887580,2,SAS,2023,0.4688,intronic,GENE0004
rs783380,13,SAS,2019,0.2251,intronic,GENE0269
rs379857,19,SAS,2020,0.0954,stop_gained,GENE0019
rs948405,16,EUR,2016,0.0158,synonymous,GENE0298
rs463878,7,AFR,2017,0.3437,intronic,GENE0069
rs359259,18,SAS,2018,0.0696,synonymous,GENE0045
rs193152,9,AFR,2015,0.1073,intronic,GENE0036
rs917056,19,EAS,2023,0.0304,synonymous,GENE0258
rs579343,1,SAS,2023,0.3903,stop_gained,GENE0205
rs36980,14,EUR,2021,0.0214,synonymous,GENE0221
rs619053,21,SAS,2022,0.1048,missense,GENE0126
rs998446,15,EUR,2022,0.1049,stop_gained,GENE0180
rs710632,8,AFR,2016,0.0231,synonymous,GENE0228
rs954988,17,SAS,2020,0.5482,stop_gained,GENE0135
rs344433,20,SAS,2023,0.0275,intronic,GENE0209
rs278599,1,AMR,2021,0.1744,stop_gained,GENE0035
rs118131,10,EUR,2017,0.0751,intronic,GENE0124
rs245130,17,EAS,2020,0.1426,stop_gained,GENE0151
rs894283,8,SAS,2021,0.0611,synonymous,GENE0003
rs787030,16,SAS,2017,0.1527,stop_gained,GENE0068
rs138684,14,EUR,2017,0.3616,missense,GENE0210
rs111431,X,AFR,2020,0.0389,missense,GENE0128
rs654185,7,EAS,2015,0.0146,intronic,GENE0090
rs260367,3,AFR,2022,0.0179,missense,GENE0199
rs831299,12,AFR,2015,0.0,synonymous,GENE0116
rs235557,4,AFR,2020,0.3776,missense,GENE0006
rs945950,20,EUR,2020,0.0428,intronic,GENE0048
rs312460,17,EUR,2022,0.0298,stop_gained,GENE0124
rs73297,6,AMR,2015,0.0386,missense,GENE0052
rs419860,3,EAS,2019,0.0517,stop_gained,GENE0098
rs135861,12,AFR,2020,0.2231,synonymous,GENE0032
rs978042,11,SAS,2023,0.0171,synonymous,GENE0130
rs264122,16,EAS,2015,0.0069,missense,GENE0075
rs46615,8,EAS,2022,0.0,intronic,GENE0002
rs982117,6,SAS,2023,0.0027,stop_gained,GENE0069
rs366432,X,EUR,2021,0.1071,stop_gained,GENE0118
rs476452,1,SAS,2018,0.0506,stop_gained,GENE0154
rs184305,18,EUR,2017,0.1446,intronic,GENE0057
rs570122,16,AMR,2016,0.152,intronic,GENE0216
rs497387,3,AMR,2022,0.0861,intronic,GENE0176
rs862358,X,EAS,2023,0.2146,intronic,GENE0106
rs460220,1,SAS,2015,0.27,intronic,GENE0022
rs827634,4,AMR,2019,0.5875,missense,GENE0066
rs251453,17,AFR,2021,0.0815,stop_gained,GENE0201
rs119601,3,AMR,2016,0.0,missense,GENE0048
rs248474,7,AFR,2018,0.0431,missense,GENE0144
rs271174,3,EAS,2018,0.3554,missense,GENE0064
rs888751,21,EAS,2019,0.443,synonymous,GENE0090
rs344350,1,SAS,2019,0.0891,intronic,GENE0193
rs918161,17,AFR,2020,0.2021,missense,GENE0045
rs328462,21,EUR,2017,0.0307,stop_gained,GENE0138
rs426338,13,AFR,2015,0.0456,stop_gained,GENE0153
rs262243,3,AMR,2020,0.0,missense,GENE0238
rs567158,16,AMR,2018,0.0316,missense,GENE0232
rs738182,16,SAS,2023,0.0338,missense,GENE0093
rs892095,17,AFR,2020,0.0261,missense,GENE0258
rs293325,7,AMR,2023,0.1435,missense,GENE0115
rs388068,14,EUR,2019,0.0802,intronic,GENE0074
rs2074,7,EUR,2018,0.0506,stop_gained,GENE0125
rs811060,2,AMR,2022,0.1933,synonymous,GENE0066
rs515340,18,EAS,2017,0.0052,missense,GENE0259
rs842801,8,SAS,2020,0.0131,synonymous,GENE0236
rs391454,9,EAS,2023,0.0484,stop_gained,GENE0098
rs492463,12,AFR,2022,0.0603,synonymous,GENE0188
rs62122,20,SAS,2019,0.0416,stop_gained,GENE0083
rs850978,22,EUR,2015,0.0185,synonymous,GENE0060
rs317898,19,AMR,2015,0.1294,synonymous,GENE0065
rs655341,4,EAS,2022,0.0708,missense,GENE0289
rs61575,10,AFR,2016,0.2157,stop_gained,GENE0277
rs720533,7,AFR,2017,0.115,synonymous,GENE0177
rs264175,13,AFR,2019,0.0743,missense,GENE0195
rs207068,20,EAS,2021,0.1287,stop_gained,GENE0062
rs309406,21,EAS,2015,0.0116,synonymous,GENE0132
rs914484,3,SAS,2020,0.3403,stop_gained,GENE0200
rs824664,13,EAS,2015,0.0,stop_gained,GENE0075
rs908457,16,SAS,2020,0.3668,missense,GENE0283
rs667512,17,AMR,2023,0.0397,synonymous,GENE0151
rs171366,18,AMR,2022,0.0538,stop_gained,GENE0071
rs644819,4,EAS,2018,0.0619,missense,GENE0096
rs732247,19,SAS,2015,0.0,stop_gained,GENE0008
rs919239,22,AFR,2022,0.067,stop_gained,GENE0152
rs908466,20,SAS,2017,0.085,stop_gained,GENE0284
rs864646,11,EUR,2017,0.0471,synonymous,GENE0283
rs3478,X,AMR,2022,0.1217,intronic,GENE0122
rs13766,9,EUR,2021,0.0046,missense,GENE0284
rs81370,12,SAS,2022,0.1798,stop_gained,GENE0283
rs769609,10,EUR,2019,0.0123,stop_gained,GENE0013
rs455485,9,SAS,2023,0.0,stop_gained,GENE0105
rs239964,17,AFR,2019,0.0275,missense,GENE0190
rs403815,15,AMR,2017,0.0339,intronic,GENE0237
rs293684,3,EUR,2019,0.0969,intronic,GENE0272
rs160232,13,EUR,2016,0.0001,missense,GENE0068
rs541130,7,AFR,2018,0.0336,synonymous,GENE0059
rs591651,14,EUR,2017,0.0199,intronic,GENE0294
rs173555,18,EAS,2017,0.0743,missense,GENE0142
rs860053,11,AFR,2021,0.2763,missense,GENE0068
rs353299,21,EUR,2023,0.1328,synonymous,GENE0228
rs98704,8,AMR,2018,0.2086,stop_gained,GENE0104
rs374933,X,AFR,2019,0.0257,synonymous,GENE0040
rs690868,17,SAS,2019,0.0202,intronic,GENE0263
rs272010,14,EAS,2018,0.0717,synonymous,GENE0235
rs34624,20,EAS,2015,0.0446,missense,GENE0181
rs708753,6,EUR,2019,0.0314,missense,GENE0076
rs703909,15,EUR,2018,0.2926,missense,GENE0175
rs543210,3,AMR,2015,0.1594,stop_gained,GENE0094
rs74966,10,AMR,2022,0.1335,missense,GENE0283
rs38938,1,AMR,2020,0.0501,missense,GENE0045
rs74030,13,EUR,2018,0.0106,intronic,GENE0072
rs614284,16,EAS,2022,0.1338,intronic,GENE0148
rs348037,5,EAS,2020,0.3846,missense,GENE0168
rs418290,16,AFR,2023,0.0075,intronic,GENE0254
rs568839,11,AFR,2015,0.1615,synonymous,GENE0144
rs106869,13,SAS,2018,0.2071,stop_gained,GENE0294
rs750039,8,SAS,2023,0.1192,synonymous,GENE0299
rs5165,22,AMR,2022,0.0267,intronic,GENE0263
rs165064,1,EAS,2017,0.3883,intronic,GENE0211
rs954297,18,SAS,2016,0.3887,stop_gained,GENE0158
rs841353,10,AMR,2022,0.0366,missense,GENE0155
rs217674,9,EUR,2017,0.0,stop_gained,GENE0205
rs433222,9,SAS,2017,0.0,missense,GENE0171
rs163699,4,EUR,2022,0.0542,intronic,GENE0166
rs543517,2,AMR,2020,0.1245,missense,GENE0122
rs606986,15,EAS,2015,0.0342,missense,GENE0113
rs656083,20,AFR,2019,0.0111,synonymous,GENE0012
rs412231,4,EUR,2022,0.0477,stop_gained,GENE0249
rs429013,9,AFR,2019,0.0793,intronic,GENE0075
rs694828,7,SAS,2020,0.2169,synonymous,GENE0056
rs986922,10,SAS,2015,0.0523,synonymous,GENE0196
rs813414,4,EAS,2018,0.092,synonymous,GENE0124
rs105543,8,SAS,2019,0.0722,intronic,GENE0240
rs223247,6,SAS,2016,0.0,synonymous,GENE0120
rs595080,12,SAS,2018,0.0563,synonymous,GENE0106
rs124415,18,EAS,2018,0.049,synonymous,GENE0235
rs539532,16,AFR,2019,0.1051,stop_gained,GENE0164
rs328794,1,AFR,2015,0.0571,synonymous,GENE0190
rs662333,11,EAS,2017,0.0414,intronic,GENE0054
rs116416,12,EUR,2021,0.4341,synonymous,GENE0144
rs386390,5,AMR,2019,0.1008,missense,GENE0169
rs435307,16,EAS,2018,0.1835,missense,GENE0244
rs157025,11,AMR,2020,0.0405,missense,GENE0177
rs206326,20,EAS,2017,0.0152,stop_gained,GENE0085
rs980853,13,AMR,2023,0.1539,intronic,GENE0023
rs840583,11,SAS,2021,0.09,synonymous,GENE0192
rs423283,17,AFR,2019,0.0006,stop_gained,GENE0147
rs763338,11,EUR,2015,0.0781,intronic,GENE0241
rs818117,16,SAS,2017,0.04,missense,GENE0152
rs900085,15,AMR,2018,0.2219,synonymous,GENE0222
rs988655,6,AFR,2016,0.2256,missense,GENE0122
rs118965,16,AFR,2016,0.0805,intronic,GENE0286
rs634960,X,EAS,2022,0.0529,stop_gained,GENE0289
rs597188,X,EAS,2016,0.1373,intronic,GENE0121
rs669722,10,SAS,2020,0.1111,stop_gained,GENE0247
rs498386,11,SAS,2020,0.1041,synonymous,GENE0017
rs359336,4,EUR,2020,0.039,stop_gained,GENE0266
rs482855,X,SAS,2020,0.0,synonymous,GENE0136
rs117662,9,EUR,2022,0.0262,stop_gained,GENE0031
rs88157,4,EAS,2019,0.0,intronic,GENE0035
rs743963,7,EAS,2019,0.0577,stop_gained,GENE0098
rs183431,6,EAS,2023,0.0225,synonymous,GENE0127
rs858670,18,SAS,2018,0.3061,missense,GENE0007
rs489533,13,EUR,2020,0.0501,missense,GENE0290
rs696307,14,EAS,2022,0.0452,synonymous,GENE0191
rs538737,5,AMR,2022,0.0016,missense,GENE0162
rs642986,17,AMR,2021,0.2221,stop_gained,GENE0023
rs464556,9,AFR,2020,0.0043,synonymous,GENE0176
rs642008,19,SAS,2023,0.0785,synonymous,GENE0225
rs549573,19,EUR,2015,0.1376,missense,GENE0010
rs878572,11,EUR,2023,0.0301,intronic,GENE0093
rs411027,6,SAS,2017,0.2536,missense,GENE0099
rs740642,1,EUR,2017,0.064,stop_gained,GENE0014
rs935346,X,EAS,2017,0.0,synonymous,GENE0047
rs345287,21,EAS,2021,0.0077,intronic,GENE0071
rs687964,16,EUR,2017,0.0,stop_gained,GENE0264
rs153925,14,EAS,2020,0.0208,synonymous,GENE0060
rs124075,13,AFR,2015,0.0526,synonymous,GENE0086
rs17296,22,SAS,2019,0.0313,stop_gained,GENE0019
rs608094,11,SAS,2023,0.3561,intronic,GENE0119
rs681320,6,SAS,2016,0.0,intronic,GENE0139
rs155774,16,SAS,2018,0.0383,intronic,GENE0160
rs759530,21,EAS,2023,0.0227,intronic,GENE0074
rs952353,1,EAS,2020,0.0,intronic,GENE0077
rs290173,6,AMR,2019,0.2437,missense,GENE0295
rs214620,5,EUR,2021,0.0184,stop_gained,GENE0257
rs368550,11,AFR,2019,0.0276,stop_gained,GENE0080
rs558856,1,AMR,2017,0.0336,missense,GENE0058
rs630381,18,SAS,2018,0.0004,intronic,GENE0299
rs659837,5,EAS,2023,0.0669,intronic,GENE0122
rs601754,12,AFR,2019,0.0438,stop_gained,GENE0095
rs629111,8,SAS,2023,0.3442,synonymous,GENE0098
rs293172,9,EAS,2022,0.1752,stop_gained,GENE0106
rs474048,17,EUR,2021,0.0491,synonymous,GENE0197
rs123676,20,AMR,2021,0.0127,stop_gained,GENE0110
rs891863,8,AMR,2017,0.0725,intronic,GENE0115
rs349301,10,EUR,2023,0.2143,synonymous,GENE0214
rs913910,4,EUR,2017,0.0857,synonymous,GENE0251
rs136997,6,AMR,2017,0.038,missense,GENE0250
rs721590,1,SAS,2017,0.1169,missense,GENE0063
rs785884,1,SAS,2015,0.0487,synonymous,GENE0136
rs858660,11,EUR,2023,0.0357,intronic,GENE0298
rs712282,13,AMR,2016,0.0839,synonymous,GENE0172
rs823619,1,EUR,2017,0.0774,synonymous,GENE0225
rs547988,14,AMR,2018,0.0386,stop_gained,GENE0044
rs611141,11,EUR,2015,0.1957,intronic,GENE0281
rs261501,22,EUR,2017,0.1683,stop_gained,GENE0205
rs607573,8,SAS,2023,0.2693,synonymous,GENE0151
rs257874,17,EAS,2020,0.1135,missense,GENE0195
rs146519,6,EAS,2021,0.0674,missense,GENE0243
rs847818,X,AFR,2023,0.0993,intronic,GENE0280
rs102812,21,EUR,2016,0.1744,missense,GENE0064
rs90694,19,SAS,2023,0.1075,missense,GENE0083
rs393350,1,AMR,2019,0.0201,intronic,GENE0272
rs208707,10,SAS,2023,0.2709,intronic,GENE0236
rs133807,18,EUR,2022,0.1466,stop_gained,GENE0285
rs568891,6,AFR,2019,0.0217,missense,GENE0270
rs382223,20,SAS,2018,0.2979,synonymous,GENE0236
rs538645,9,EAS,2017,0.1817,intronic,GENE0296
rs288749,22,EUR,2022,0.5805,missense,GENE0256
rs744097,21,SAS,2016,0.2829,missense,GENE0120
rs964394,10,EAS,2019,0.4183,missense,GENE0129
rs960855,3,EAS,2020,0.2489,stop_gained,GENE0268
rs14506,16,SAS,2016,0.0385,stop_gained,GENE0186
rs77906,8,EAS,2019,0.3704,missense,GENE0030
rs240416,9,AFR,2016,0.0036,synonymous,GENE0062
rs918234,1,SAS,2015,0.0968,stop_gained,GENE0272
rs589717,17,AMR,2015,0.2401,stop_gained,GENE0138
rs788438,12,EUR,2023,0.2121,synonymous,GENE0010
rs744973,15,EUR,2017,0.0034,stop_gained,GENE0084
rs354928,8,AFR,2015,0.0521,stop_gained,GENE0108
rs477697,X,AFR,2022,0.0293,missense,GENE0218
rs582602,1,SAS,2015,0.3393,stop_gained,GENE0106
rs613815,8,SAS,2015,0.05,intronic,GENE0100
rs873311,16,AFR,2022,0.1936,intronic,GENE0275
rs581541,4,EAS,2019,0.0281,stop_gained,GENE0254
rs979287,2,EUR,2015,0.0467,synonymous,GENE0135
rs658627,10,AMR,2019,0.2446,synonymous,GENE0083
rs720480,12,AMR,2021,0.0635,stop_gained,GENE0282
rs625934,22,AFR,2020,0.0988,synonymous,GENE0055
rs964970,4,EAS,2023,0.0137,synonymous,GENE0025
rs689347,10,EUR,2016,0.0539,intronic,GENE0248
rs422411,6,AMR,2021,0.1105,stop_gained,GENE0166
rs379224,6,EUR,2023,0.0613,intronic,GENE0196
rs141939,17,AMR,2023,0.2105,intronic,GENE0112
rs829645,12,EAS,2022,0.0,missense,GENE0065
rs972132,21,AMR,2020,0.2295,stop_gained,GENE0207
rs263820,14,SAS,2015,0.0138,missense,GENE0269
rs60747,20,AFR,2019,0.0205,missense,GENE0297
rs137388,21,EUR,2020,0.0191,synonymous,GENE0140
rs982634,3,EUR,2018,0.1193,intronic,GENE0298
rs842491,13,AFR,2023,0.0541,synonymous,GENE0220
rs69857,2,AMR,2022,0.0384,synonymous,GENE0073
rs926793,18,SAS,2018,0.3709,intronic,GENE0245
rs185728,X,EUR,2016,0.0474,intronic,GENE0105
rs291830,10,EUR,2020,0.0103,synonymous,GENE0280
rs332287,4,AMR,2021,0.2937,stop_gained,GENE0180
rs832291,7,SAS,2016,0.1312,synonymous,GENE0244
rs247756,12,EUR,2015,0.0567,stop_gained,GENE0099
rs836798,13,SAS,2018,0.2183,stop_gained,GENE0295
rs952393,5,AFR,2015,0.0058,intronic,GENE0211
rs300662,16,AMR,2023,0.1381,synonymous,GENE0257
rs812368,22,AFR,2016,0.0693,stop_gained,GENE0234
rs94843,20,AFR,2018,0.0492,stop_gained,GENE0023
rs677523,9,AFR,2015,0.048,missense,GENE0136
rs294686,6,EUR,2019,0.0393,synonymous,GENE0027
rs652669,16,SAS,2020,0.024,synonymous,GENE0141
rs148797,5,EAS,2019,0.0489,synonymous,GENE0126
rs178988,12,EUR,2018,0.0118,synonymous,GENE0160
rs457795,2,AMR,2019,0.0391,missense,GENE0191
rs126765,11,AFR,2023,0.2757,synonymous,GENE0051
rs331376,X,SAS,2018,0.1078,intronic,GENE0109
rs627142,11,EUR,2018,0.0767,intronic,GENE0293
rs623060,1,AFR,2018,0.3647,stop_gained,GENE0154
rs594816,6,SAS,2016,0.19,missense,GENE0162
rs776018,8,EUR,2017,0.0272,intronic,GENE0166
rs398323,8,AMR,2018,0.0532,missense,GENE0083
rs614826,20,AFR,2018,0.0332,intronic,GENE0164
rs765332,10,AMR,2017,0.0591,missense,GENE0271
rs716977,5,EUR,2018,0.0665,intronic,GENE0281
rs39090,15,AFR,2015,0.1903,missense,GENE0208
rs337010,X,SAS,2018,0.0974,intronic,GENE0111
rs824388,X,AMR,2019,0.0426,missense,GENE0228
rs82049,18,AFR,2016,0.045,synonymous,GENE0252
rs34952,16,AMR,2022,0.2825,synonymous,GENE0224
rs837001,1,SAS,2023,0.2075,stop_gained,GENE0039
rs978796,21,AFR,2019,0.046,stop_gained,GENE0272
rs820491,3,EAS,2022,0.0065,stop_gained,GENE0185
rs323263,5,AFR,2023,0.0472,synonymous,GENE0272
rs589588,12,AFR,2022,0.1038,intronic,GENE0031
rs916263,2,AMR,2016,0.2151,stop_gained,GENE0150
rs648129,1,SAS,2018,0.0,stop_gained,GENE0090
rs75684,12,SAS,2019,0.2689,stop_gained,GENE0058
rs71148,8,EUR,2018,0.0077,missense,GENE0184
rs377718,21,AMR,2019,0.388,synonymous,GENE0174
rs35202,4,AFR,2016,0.182,stop_gained,GENE0005
rs6868,22,AFR,2021,0.1264,intronic,GENE0082
rs65318,12,EAS,2023,0.0743,synonymous,GENE0064
rs639667,5,EUR,2016,0.0139,intronic,GENE0219
rs450730,10,SAS,2020,0.0,intronic,GENE0214
rs184551,1,AMR,2018,0.0557,intronic,GENE0144
rs32840,10,SAS,2015,0.239,synonymous,GENE0024
rs88559,8,AMR,2021,0.1031,intronic,GENE0045
rs548082,X,AFR,2022,0.106,stop_gained,GENE0027
rs328149,12,SAS,2017,0.0418,synonymous,GENE0224
rs316401,13,AFR,2020,0.1088,stop_gained,GENE0076
rs671078,11,EUR,2022,0.1174,synonymous,GENE0266
rs105772,20,EUR,2018,0.0612,intronic,GENE0068
rs75927,2,AMR,2022,0.06,intronic,GENE0256
rs938548,2,EAS,2022,0.047,intronic,GENE0225
rs337616,8,SAS,2022,0.025,intronic,GENE0108
rs51978,16,EAS,2019,0.0119,missense,GENE0299
rs749339,12,EUR,2019,0.034,intronic,GENE0044
rs196007,20,EUR,2019,0.0248,intronic,GENE0149
rs671884,5,AFR,2023,0.0344,stop_gained,GENE0120
rs867943,2,AMR,2023,0.007,synonymous,GENE0059
rs697541,6,EAS,2023,0.0952,intronic,GENE0190
rs206704,X,AFR,2020,0.0892,missense,GENE0082
rs6711,6,SAS,2018,0.0579,stop_gained,GENE0250
rs363640,13,SAS,2019,0.0,intronic,GENE0241
rs455837,2,EAS,2015,0.081,missense,GENE0069
rs809710,13,EUR,2016,0.1189,missense,GENE0278
rs202630,3,EAS,2020,0.1783,intronic,GENE0010
rs707524,X,AMR,2019,0.0522,synonymous,GENE0072
rs47373,10,AMR,2019,0.1146,synonymous,GENE0157
rs350117,16,AMR,2015,0.0826,missense,GENE0094
rs567980,12,AFR,2019,0.0364,stop_gained,GENE0207
rs513204,3,EAS,2021,0.3703,synonymous,GENE0093
rs444023,19,SAS,2020,0.195,missense,GENE0052
rs100137,2,SAS,2023,0.0396,intronic,GENE0158
rs499633,3,EAS,2023,0.0753,intronic,GENE0004
rs590873,9,EUR,2022,0.0254,intronic,GENE0093
rs795875,6,EAS,2019,0.1857,intronic,GENE0137
rs783113,14,EAS,2018,0.0083,missense,GENE0140
rs591733,1,EAS,2016,0.0304,missense,GENE0186
rs142635,16,EAS,2019,0.1035,synonymous,GENE0254
rs320193,11,AFR,2019,0.0008,synonymous,GENE0165
rs861985,7,AMR,2023,0.1075,missense,GENE0147
rs741704,10,SAS,2017,0.0465,missense,GENE0229
rs922520,14,AMR,2020,0.0498,missense,GENE0294
rs983124,20,AMR,2023,0.1573,synonymous,GENE0164
rs842668,15,EUR,2017,0.0529,stop_gained,GENE0265
rs933887,6,SAS,2018,0.129,intronic,GENE0134
rs469426,16,EAS,2022,0.0258,stop_gained,GENE0185
rs465829,16,SAS,2021,0.2092,stop_gained,GENE0082
rs160656,3,SAS,2018,0.1445,stop_gained,GENE0262
rs564298,13,AFR,2019,0.0478,synonymous,GENE0272
rs801876,21,AFR,2019,0.025,missense,GENE0136
rs937792,20,AMR,2021,0.0652,stop_gained,GENE0040
rs802818,16,EUR,2016,0.1996,intronic,GENE0084
rs285608,X,AFR,2016,0.4038,intronic,GENE0182
rs649991,10,SAS,2022,0.0632,stop_gained,GENE0031
rs917856,15,SAS,2020,0.0,stop_gained,GENE0036
rs459072,7,SAS,2020,0.0305,missense,GENE0124
rs661419,18,EAS,2019,0.1038,missense,GENE0182
rs71993,8,EAS,2018,0.0249,missense,GENE0129
rs424716,16,EUR,2022,0.044,stop_gained,GENE0112
rs570078,3,EUR,2015,0.2015,synonymous,GENE0298
rs821416,10,EUR,2017,0.0391,missense,GENE0252
rs497764,20,AFR,2020,0.1497,stop_gained,GENE0248
rs139979,17,AFR,2023,0.0,missense,GENE0273
rs987071,10,EAS,2019,0.0381,synonymous,GENE0119
rs529781,16,AMR,2022,0.0138,stop_gained,GENE0182
rs683941,19,EUR,2023,0.0,intronic,GENE0192
rs140317,6,AMR,2015,0.1562,stop_gained,GENE0286
rs338786,10,EUR,2021,0.0363,synonymous,GENE0024
rs152046,21,AMR,2016,0.0713,intronic,GENE0207
rs784112,18,SAS,2021,0.103,missense,GENE0015
rs163418,13,AMR,2020,0.0,stop_gained,GENE0067
rs762822,6,SAS,2018,0.0177,stop_gained,GENE0103
rs184555,14,EUR,2023,0.0,stop_gained,GENE0017
rs545999,18,SAS,2021,0.0066,stop_gained,GENE0231
rs38079,16,EAS,2020,0.3113,stop_gained,GENE0259
rs792691,21,EUR,2018,0.0445,synonymous,GENE0205
rs982061,7,EAS,2018,0.0625,missense,GENE0254
rs475467,15,EUR,2022,0.5485,missense,GENE0135
rs800962,12,EAS,2023,0.1107,synonymous,GENE0266
rs896452,17,EAS,2019,0.0179,intronic,GENE0124
rs826291,2,EAS,2015,0.0444,missense,GENE0003
rs282320,X,EAS,2020,0.1607,synonymous,GENE0025
rs816101,X,SAS,2022,0.0274,intronic,GENE0158
rs617175,12,EAS,2021,0.0894,synonymous,GENE0157
rs964391,12,AFR,2017,0.1133,intronic,GENE0036
rs360026,12,AFR,2023,0.3415,intronic,GENE0255
rs137481,14,AFR,2016,0.0,synonymous,GENE0283
rs856503,13,EUR,2016,0.108,stop_gained,GENE0201
rs814868,7,AFR,2021,0.0725,intronic,GENE0179
rs962361,1,SAS,2022,0.0594,synonymous,GENE0219
rs693871,18,SAS,2022,0.0287,intronic,GENE0045
rs210881,11,SAS,2016,0.0417,missense,GENE0019
rs728453,6,AFR,2016,0.057,intronic,GENE0001
rs573310,20,EAS,2023,0.1112,intronic,GENE0190
rs161372,9,AFR,2017,0.6384,stop_gained,GENE0190
rs104914,16,EAS,2023,0.0773,stop_gained,GENE0287
rs731607,9,EUR,2022,0.0551,synonymous,GENE0019
rs51114,X,AFR,2020,0.0601,synonymous,GENE0171
rs887447,20,SAS,2017,0.0059,synonymous,GENE0078
rs152043,2,AFR,2016,0.051,synonymous,GENE0245
rs844288,3,AMR,2020,0.1371,stop_gained,GENE0085
rs488126,1,AMR,2017,0.0003,synonymous,GENE0215
rs871816,9,SAS,2023,0.0133,intronic,GENE0011
rs603881,12,SAS,2018,0.059,stop_gained,GENE0299
rs38922,17,AMR,2018,0.1218,synonymous,GENE0198
rs353190,7,EAS,2016,0.0342,missense,GENE0211
rs303593,2,SAS,2016,0.1787,missense,GENE0268
rs963868,18,AFR,2018,0.0465,missense,GENE0139
rs568156,8,SAS,2021,0.3508,stop_gained,GENE0214
rs410337,13,SAS,2015,0.4091,missense,GENE0288
rs318398,18,AFR,2017,0.2006,stop_gained,GENE0042
rs251659,22,AMR,2021,0.0,missense,GENE0096
rs911194,21,AFR,2018,0.1159,synonymous,GENE0111
rs336212,15,EAS,2022,0.4938,stop_gained,GENE0247
rs37482,22,AFR,2016,0.1202,missense,GENE0007
rs619984,3,EAS,2017,0.0,stop_gained,GENE0182
rs990596,19,EUR,2016,0.2373,stop_gained,GENE0217
rs829653,17,AFR,2016,0.0,missense,GENE0132
rs972313,2,AFR,2022,0.0008,intronic,GENE0082
rs594008,2,EUR,2022,0.1487,synonymous,GENE0252
rs439438,X,AMR,2021,0.0494,missense,GENE0253
rs657537,5,SAS,2020,0.3088,synonymous,GENE0194
rs559991,2,EUR,2021,0.2438,intronic,GENE0170
rs272857,9,SAS,2020,0.0011,synonymous,GENE0166
rs688608,13,EAS,2021,0.0738,intronic,GENE0151
rs518090,11,AMR,2017,0.0722,missense,GENE0042
rs702133,7,EUR,2015,0.0142,synonymous,GENE0061
rs93458,10,EAS,2023,0.0814,missense,GENE0297
rs656101,6,SAS,2016,0.307,synonymous,GENE0125
rs412242,12,AFR,2020,0.0595,synonymous,GENE0034
rs307333,17,SAS,2021,0.0671,stop_gained,GENE0218
rs115187,18,AFR,2022,0.0307,intronic,GENE0288
rs725471,19,SAS,2022,0.1384,missense,GENE0095
rs528157,15,EUR,2020,0.1469,intronic,GENE0197
rs430798,3,AFR,2020,0.0049,synonymous,GENE0243
rs201978,18,EAS,2019,0.213,missense,GENE0037
rs71126,9,SAS,2020,0.2474,missense,GENE0294
rs642427,17,EAS,2022,0.0111,intronic,GENE0086
rs8256,11,AMR,2017,0.0,intronic,GENE0070
rs514450,2,AFR,2017,0.0203,synonymous,GENE0172
rs799001,14,AMR,2021,0.2328,intronic,GENE0100
rs722835,2,AMR,2016,0.0429,missense,GENE0127
rs647329,12,EUR,2015,0.0189,intronic,GENE0173
rs539843,17,EAS,2017,0.2589,intronic,GENE0285
rs871909,6,EAS,2020,0.0518,missense,GENE0105
rs231908,17,SAS,2019,0.1304,intronic,GENE0111
rs700384,20,AFR,2022,0.1203,stop_gained,GENE0081
rs249549,20,AFR,2018,0.0602,stop_gained,GENE0060
rs416430,10,AMR,2021,0.1133,missense,GENE0271
rs478621,18,EUR,2022,0.0821,missense,GENE0093
rs987613,14,EUR,2017,0.0347,synonymous,GENE0005
rs740564,11,EUR,2017,0.2935,intronic,GENE0154
rs655063,3,AMR,2022,0.0899,missense,GENE0121
rs37291,12,SAS,2018,0.2309,intronic,GENE0073
rs888690,20,AFR,2023,0.1387,missense,GENE0149
rs785084,1,EAS,2016,0.044,intronic,GENE0195
rs929628,18,EUR,2015,0.0739,missense,GENE0130
rs137703,14,EUR,2020,0.1,missense,GENE0044
rs395621,19,SAS,2018,0.0699,synonymous,GENE0076
rs476364,15,EUR,2017,0.0017,intronic,GENE0203
rs738891,X,EUR,2019,0.0673,synonymous,GENE0038
rs81355,13,SAS,2020,0.0472,missense,GENE0131
rs219293,5,EUR,2023,0.1043,missense,GENE0226
rs741220,17,EUR,2021,0.3267,synonymous,GENE0243
rs473716,1,EAS,2020,0.0643,synonymous,GENE0255
rs177085,22,AMR,2015,0.0189,missense,GENE0105
rs78528,21,SAS,2018,0.0,intronic,GENE0218
rs627380,19,EAS,2019,0.0046,missense,GENE0239
rs38639,21,AMR,2020,0.0103,synonymous,GENE0173
rs871356,19,SAS,2017,0.3935,synonymous,GENE0259
rs346269,2,EUR,2021,0.0253,synonymous,GENE0109
rs7217,16,AFR,2023,0.0,intronic,GENE0260
rs28445,10,SAS,2021,0.0232,intronic,GENE0235
rs555720,15,SAS,2015,0.0851,missense,GENE0242
rs792212,15,AFR,2019,0.1541,intronic,GENE0251
rs369350,3,EAS,2019,0.2057,missense,GENE0179
rs407939,20,AMR,2017,0.0,intronic,GENE0217
rs611148,16,EUR,2023,0.0958,stop_gained,GENE0072
rs622483,13,AMR,2018,0.0664,intronic,GENE0213
rs572530,3,EAS,2017,0.2977,synonymous,GENE0041
rs554999,8,SAS,2022,0.0538,stop_gained,GENE0012
rs962184,11,AMR,2023,0.2375,synonymous,GENE0093
rs904220,7,EAS,2018,0.0171,intronic,GENE0185
rs200698,17,EAS,2020,0.0478,stop_gained,GENE0200
rs897129,22,EAS,2019,0.1618,intronic,GENE0258
rs228146,20,EUR,2019,0.0347,synonymous,GENE0255
rs879789,13,AFR,2021,0.1808,synonymous,GENE0023
rs475008,2,EAS,2022,0.1127,synonymous,GENE0175
rs527238,11,AMR,2023,0.3197,synonymous,GENE0022
rs222886,8,EUR,2021,0.0937,synonymous,GENE0133
rs96017,8,SAS,2020,0.0112,missense,GENE0100
rs367509,16,EAS,2020,0.1807,stop_gained,GENE0045
rs919263,20,SAS,2015,0.0455,missense,GENE0110
rs701443,14,AFR,2017,0.0,missense,GENE0039
rs492705,4,AFR,2018,0.0,intronic,GENE0136
rs419089,14,SAS,2018,0.0004,stop_gained,GENE0239
rs101334,12,AFR,2017,0.0,intronic,GENE0096
rs900110,10,EUR,2019,0.0718,missense,GENE0184
rs353201,X,EAS,2015,0.0385,stop_gained,GENE0065
rs609255,10,EAS,2023,0.4548,stop_gained,GENE0112
rs385275,2,AFR,2017,0.0183,stop_gained,GENE0117
rs519176,7,EUR,2019,0.1604,intronic,GENE0127
rs237710,11,EAS,2022,0.304,missense,GENE0252
rs556266,1,EAS,2015,0.1747,synonymous,GENE0168
rs905232,20,AMR,2020,0.1415,missense,GENE0199
rs446023,7,EUR,2020,0.1864,missense,GENE0157
rs114638,12,SAS,2016,0.1805,intronic,GENE0082
rs129009,20,AMR,2023,0.0633,synonymous,GENE0232
rs473737,7,EAS,2017,0.0269,missense,GENE0236
rs689338,5,EUR,2016,0.0625,stop_gained,GENE0173
rs735947,12,EAS,2016,0.0561,missense,GENE0209
rs146706,4,SAS,2022,0.343,synonymous,GENE0105
rs457438,22,SAS,2016,0.0203,missense,GENE0165
rs638120,16,AMR,2022,0.2261,synonymous,GENE0152
rs726029,12,EUR,2019,0.003,intronic,GENE0119
rs775729,5,AFR,2020,0.0143,stop_gained,GENE0101
rs832543,11,EAS,2020,0.0092,intronic,GENE0098
rs810298,8,EUR,2023,0.0424,synonymous,GENE0268
rs722269,19,SAS,2018,0.3044,synonymous,GENE0283
rs33723,13,EUR,2021,0.0158,missense,GENE0206
rs470446,16,EUR,2018,0.059,stop_gained,GENE0152
rs722820,16,SAS,2017,0.0584,synonymous,GENE0190
rs75107,10,AFR,2020,0.0718,stop_gained,GENE0080
rs799533,13,AMR,2021,0.067,intronic,GENE0170
rs113429,3,AFR,2019,0.2063,intronic,GENE0267
rs594354,8,EUR,2016,0.0649,synonymous,GENE0280
rs219911,X,EUR,2015,0.0233,stop_gained,GENE0259
rs909226,4,EAS,2021,0.1136,synonymous,GENE0271
rs91080,9,AFR,2016,0.0,stop_gained,GENE0041
rs958827,21,EAS,2017,0.0678,synonymous,GENE0048
rs812596,15,EAS,2019,0.0393,intronic,GENE0169
rs664406,2,SAS,2022,0.0207,synonymous,GENE0234
rs870382,21,SAS,2017,0.0417,missense,GENE0220
rs149109,9,EUR,2015,0.0348,stop_gained,GENE0256
rs105000,11,EUR,2020,0.015,synonymous,GENE0110
rs26567,X,SAS,2015,0.0472,missense,GENE0210
rs794567,6,EAS,2022,0.0,synonymous,GENE0286
rs628078,12,SAS,2015,0.1283,missense,GENE0263
rs290685,10,EAS,2019,0.2013,intronic,GENE0096
rs449908,21,SAS,2016,0.0326,stop_gained,GENE0087
rs521106,11,EAS,2019,0.0329,intronic,GENE0038
rs898336,19,SAS,2019,0.0243,stop_gained,GENE0025
rs956475,3,EUR,2017,0.0335,missense,GENE0120
rs83779,3,AFR,2021,0.0985,intronic,GENE0233
rs81989,15,AMR,2018,0.0314,stop_gained,GENE0130
rs157492,2,SAS,2022,0.027,stop_gained,GENE0191
rs462996,12,EUR,2023,0.0333,synonymous,GENE0021
rs860274,15,EUR,2020,0.1637,missense,GENE0257
rs398007,4,SAS,2019,0.2715,synonymous,GENE0090
rs695950,1,AMR,2020,0.0556,intronic,GENE0226
rs994518,20,EAS,2018,0.0858,stop_gained,GENE0250
rs62660,1,SAS,2020,0.0172,synonymous,GENE0257
rs485412,3,SAS,2022,0.0394,stop_gained,GENE0092
rs141464,X,AFR,2021,0.0248,synonymous,GENE0028
rs8552,18,EAS,2016,0.3068,stop_gained,GENE0239
rs532021,22,SAS,2018,0.0676,intronic,GENE0024
rs485080,7,EAS,2016,0.1174,missense,GENE0005
rs423168,15,EAS,2023,0.218,stop_gained,GENE0089
rs952507,X,EUR,2016,0.1359,stop_gained,GENE0102
rs719308,2,AMR,2023,0.0251,missense,GENE0103
rs307857,3,EAS,2019,0.0109,stop_gained,GENE0148
rs863781,X,AMR,2023,0.2885,intronic,GENE0225
rs969989,19,EUR,2023,0.0,stop_gained,GENE0196
rs781993,5,EAS,2019,0.0067,synonymous,GENE0223
rs735845,14,AMR,2016,0.1588,synonymous,GENE0228
rs431106,15,EUR,2018,0.3866,synonymous,GENE0216
rs696360,21,AFR,2023,0.0,stop_gained,GENE0295
rs929547,8,EUR,2021,0.1586,intronic,GENE0032
rs103178,10,SAS,2022,0.1684,stop_gained,GENE0242
rs334055,1,AMR,2019,0.1117,intronic,GENE0067
rs765072,16,AFR,2023,0.0,intronic,GENE0234
rs154239,5,EAS,2017,0.0029,intronic,GENE0189
rs95182,12,SAS,2022,0.3386,missense,GENE0192
rs17233,21,SAS,2023,0.0263,intronic,GENE0001
rs156677,1,AMR,2019,0.0359,missense,GENE0236
rs591580,21,SAS,2017,0.0469,synonymous,GENE0218
rs411704,6,EUR,2018,0.1845,intronic,GENE0131
rs518715,14,AMR,2023,0.0,stop_gained,GENE0079
rs942966,9,EAS,2016,0.0,missense,GENE0154
rs714780,6,EUR,2019,0.0627,stop_gained,GENE0013
rs301747,15,EUR,2019,0.0775,stop_gained,GENE0034
rs569878,16,EAS,2017,0.0422,missense,GENE0284
rs623132,18,AFR,2023,0.13,synonymous,GENE0035
rs126894,17,EAS,2020,0.21,stop_gained,GENE0123
rs910490,18,AMR,2022,0.2162,stop_gained,GENE0284
rs891398,22,EAS,2018,0.0533,missense,GENE0218
rs721891,16,EAS,2016,0.0168,synonymous,GENE0098
rs71311,3,EUR,2015,0.0919,stop_gained,GENE0107
rs968502,X,EUR,2016,0.0634,synonymous,GENE0149
rs359954,19,AMR,2023,0.0558,stop_gained,GENE0133
rs420367,13,EUR,2015,0.081,intronic,GENE0249
rs773106,15,EUR,2018,0.0492,synonymous,GENE0030
rs563579,9,SAS,2017,0.0333,missense,GENE0253
rs667142,3,SAS,2017,0.2328,synonymous,GENE0019
rs726018,10,EAS,2022,0.0723,intronic,GENE0012
rs92217,8,AFR,2016,0.0531,missense,GENE0057
rs82826,9,EAS,2016,0.0038,intronic,GENE0299
rs168172,2,AMR,2023,0.2438,intronic,GENE0282
rs98435,21,EUR,2018,0.0964,missense,GENE0121
rs648026,4,SAS,2023,0.0469,synonymous,GENE0287
rs715854,6,AMR,2015,0.0209,synonymous,GENE0263
rs91828,21,EAS,2015,0.311,stop_gained,GENE0220
rs383824,9,AFR,2020,0.2243,intronic,GENE0082
rs934815,4,AFR,2023,0.3405,synonymous,GENE0235
rs419624,14,AFR,2017,0.0888,synonymous,GENE0110
rs780870,3,EUR,2023,0.4158,synonymous,GENE0235
rs401875,4,EUR,2015,0.1781,stop_gained,GENE0059
rs322574,6,EUR,2023,0.0936,synonymous,GENE0116
rs185206,9,EUR,2019,0.0,stop_gained,GENE0023
rs408375,22,AFR,2023,0.0,missense,GENE0036
rs917366,4,EAS,2022,0.0491,missense,GENE0086
rs895069,12,SAS,2023,0.0736,stop_gained,GENE0031
rs889781,4,SAS,2017,0.1328,intronic,GENE0133
rs657729,X,AMR,2022,0.0541,intronic,GENE0184
rs837558,11,AFR,2016,0.0642,stop_gained,GENE0279
rs371793,3,EUR,2020,0.0503,stop_gained,GENE0165
rs549286,18,EAS,2017,0.3287,missense,GENE0030
rs311884,19,EUR,2019,0.0055,intronic,GENE0066
rs603557,10,EAS,2023,0.0528,intronic,GENE0145
rs920616,2,EUR,2020,0.0314,missense,GENE0228
rs462548,14,AFR,2020,0.3081,stop_gained,GENE0229
rs495902,3,EAS,2018,0.1456,synonymous,GENE0046
rs71966,7,EUR,2019,0.5259,stop_gained,GENE0280
rs465922,10,EAS,2020,0.0465,synonymous,GENE0230
rs265720,22,AMR,2021,0.0026,stop_gained,GENE0101
rs475740,21,EAS,2017,0.134,missense,GENE0143
rs869861,17,EAS,2015,0.2233,stop_gained,GENE0124
rs887579,22,SAS,2021,0.0,stop_gained,GENE0145
rs360294,20,EUR,2019,0.0241,missense,GENE0277
rs55569,12,EAS,2015,0.0226,missense,GENE0151
rs727915,6,AMR,2021,0.0366,missense,GENE0217
rs509584,9,EUR,2015,0.0,stop_gained,GENE0021
rs209915,21,SAS,2015,0.1336,stop_gained,GENE0067
rs849380,18,SAS,2017,0.0493,missense,GENE0175
rs658767,1,EUR,2016,0.2676,missense,GENE0050
rs71766,13,EAS,2020,0.2439,synonymous,GENE0027
rs603628,1,AMR,2020,0.3436,intronic,GENE0269
rs850442,6,AFR,2018,0.0695,intronic,GENE0187
rs446047,4,SAS,2022,0.0637,synonymous,GENE0101
rs979152,6,AFR,2017,0.0053,intronic,GENE0260
rs310270,12,EUR,2021,0.1456,synonymous,GENE0268
rs120228,15,AMR,2019,0.1557,intronic,GENE0233
rs529912,2,EAS,2023,0.0539,synonymous,GENE0049
rs254496,2,SAS,2022,0.4834,synonymous,GENE0293
rs561095,10,EUR,2018,0.0891,synonymous,GENE0274
rs8904,9,SAS,2020,0.2634,synonymous,GENE0083
rs826630,X,AFR,2018,0.0393,missense,GENE0135
rs109374,20,AFR,2016,0.0724,synonymous,GENE0199
rs744406,13,AFR,2016,0.0579,stop_gained,GENE0111
rs487026,15,AFR,2019,0.0635,intronic,GENE0253
rs440979,6,AMR,2023,0.084,synonymous,GENE0138
rs941439,X,EAS,2019,0.1887,synonymous,GENE0282
rs225873,9,EAS,2019,0.0169,synonymous,GENE0038
rs7219,7,EUR,2019,0.2241,missense,GENE0288
rs243205,17,EUR,2016,0.3352,missense,GENE0239
rs548918,21,EAS,2021,0.0516,missense,GENE0106
rs661860,1,EUR,2015,0.071,missense,GENE0178
rs901582,20,SAS,2021,0.1149,synonymous,GENE0011
rs633168,3,AMR,2022,0.0332,intronic,GENE0268
rs724394,14,AMR,2023,0.4362,stop_gained,GENE0074
rs327843,4,EAS,2015,0.0463,stop_gained,GENE0085
rs256627,6,EUR,2018,0.0385,missense,GENE0150
rs634543,10,EAS,2016,0.2205,stop_gained,GENE0289
rs519942,13,AFR,2022,0.0785,missense,GENE0278
rs852845,2,AMR,2022,0.0725,stop_gained,GENE0052
rs367148,20,EUR,2015,0.2698,missense,GENE0159
rs522175,1,AMR,2017,0.2231,missense,GENE0051
rs416253,15,EUR,2019,0.0,missense,GENE0168
rs704394,21,AMR,2020,0.1369,intronic,GENE0048
rs393232,22,AMR,2016,0.0,missense,GENE0187
rs717324,2,EAS,2018,0.1619,stop_gained,GENE0276
rs818753,5,AMR,2019,0.0409,intronic,GENE0191
rs30236,20,SAS,2015,0.0383,stop_gained,GENE0069
rs967229,18,AMR,2022,0.2171,intronic,GENE0263
rs839279,3,EAS,2020,0.0477,synonymous,GENE0026
rs929365,21,EAS,2016,0.1802,intronic,GENE0152
rs946355,17,EUR,2018,0.1091,synonymous,GENE0236
rs572801,3,SAS,2020,0.0,intronic,GENE0151
rs229160,21,AMR,2016,0.0704,stop_gained,GENE0295
rs919980,13,AFR,2022,0.0752,stop_gained,GENE0110
rs487630,3,AFR,2023,0.2115,intronic,GENE0299
rs695533,2,SAS,2022,0.0621,synonymous,GENE0112
rs872162,14,EUR,2017,0.0235,intronic,GENE0008
rs282139,21,EUR,2022,0.2535,intronic,GENE0109
rs346593,21,EAS,2022,0.0072,synonymous,GENE0124
rs317130,X,SAS,2019,0.1308,missense,GENE0161
rs253245,15,AMR,2017,0.1454,synonymous,GENE0055
rs320701,13,EAS,2021,0.0405,synonymous,GENE0100
rs687320,16,AMR,2017,0.1776,missense,GENE0006
rs239361,3,SAS,2021,0.0927,intronic,GENE0248
rs391804,10,EUR,2018,0.038,synonymous,GENE0068
rs990691,4,AMR,2020,0.1575,stop_gained,GENE0057
rs993391,19,EAS,2016,0.0497,stop_gained,GENE0058
rs359041,16,SAS,2018,0.1537,missense,GENE0226
rs886629,11,EUR,2018,0.5694,stop_gained,GENE0252
rs315721,10,AFR,2017,0.0629,synonymous,GENE0269
rs12598,1,AFR,2021,0.1273,missense,GENE0015
rs443086,16,AFR,2021,0.0587,intronic,GENE0298
rs640358,14,SAS,2017,0.1463,missense,GENE0167
rs424103,18,EUR,2018,0.2,synonymous,GENE0189
rs446583,6,AMR,2020,0.1222,stop_gained,GENE0282
rs481537,17,EAS,2018,0.231,missense,GENE0239
rs31039,6,AFR,2016,0.028,intronic,GENE0105
rs388008,20,EAS,2022,0.0801,synonymous,GENE0073
rs245561,17,EAS,2022,0.0327,stop_gained,GENE0282
rs907804,9,SAS,2018,0.1992,stop_gained,GENE0182
rs499621,15,SAS,2015,0.5006,missense,GENE0156
rs813017,3,AFR,2021,0.0883,missense,GENE0081
rs180364,7,EAS,2021,0.168,missense,GENE0086
rs209484,14,EUR,2016,0.1398,missense,GENE0176
rs753975,16,SAS,2020,0.3881,stop_gained,GENE0284
rs521113,14,EUR,2019,0.1244,missense,GENE0258
rs981848,X,AFR,2018,0.0482,intronic,GENE0046
rs83268,10,AMR,2015,0.0178,intronic,GENE0119
rs564436,15,EAS,2016,0.0309,synonymous,GENE0250
rs703651,10,SAS,2019,0.0656,intronic,GENE0181
rs577758,11,AMR,2015,0.0589,intronic,GENE0264
rs510878,19,AMR,2019,0.387,synonymous,GENE0103
rs929953,10,SAS,2015,0.0,synonymous,GENE0272
rs962225,16,EAS,2019,0.1385,synonymous,GENE0117
rs857281,13,AMR,2017,0.0236,intronic,GENE0144
rs430796,1,EUR,2020,0.0146,missense,GENE0021
rs226827,12,EUR,2022,0.0665,missense,GENE0049
rs799415,16,EUR,2017,0.0569,synonymous,GENE0192
rs559231,10,AFR,2015,0.0,synonymous,GENE0297
rs643153,14,AFR,2015,0.0613,intronic,GENE0240
rs347057,8,AFR,2016,0.0158,intronic,GENE0173
rs76806,4,EAS,2020,0.034,intronic,GENE0026
rs694474,X,EAS,2017,0.3169,stop_gained,GENE0281
rs362976,14,EAS,2020,0.0644,intronic,GENE0049
rs674534,21,EUR,2023,0.0939,missense,GENE0265
rs139488,17,AFR,2022,0.0907,synonymous,GENE0160
rs869739,7,EAS,2021,0.0296,missense,GENE0051
rs354128,14,AMR,2022,0.1074,stop_gained,GENE0201
rs278026,4,SAS,2021,0.1121,stop_gained,GENE0242
rs711653,11,EUR,2017,0.0,missense,GENE0152
rs793314,17,AFR,2022,0.0366,stop_gained,GENE0082
rs207831,8,AFR,2019,0.1423,intronic,GENE0188
rs812595,15,EAS,2021,0.052,missense,GENE0167
rs960551,20,EUR,2023,0.293,intronic,GENE0134
rs570054,17,AFR,2021,0.0754,intronic,GENE0251
rs117297,13,AMR,2017,0.0166,missense,GENE0061
rs737859,22,AMR,2016,0.5676,missense,GENE0263
rs949979,1,EUR,2015,0.0606,missense,GENE0003
rs889704,2,EAS,2022,0.1471,synonymous,GENE0039
rs211527,5,AFR,2016,0.039,intronic,GENE0264
rs535614,19,SAS,2016,0.079,stop_gained,GENE0131
rs280804,3,AFR,2018,0.014,synonymous,GENE0282
rs234845,21,EUR,2022,0.0899,synonymous,GENE0081
rs760793,14,AMR,2019,0.0721,stop_gained,GENE0147
rs584184,3,AMR,2020,0.1742,intronic,GENE0146
rs709253,15,EUR,2021,0.0029,stop_gained,GENE0140
rs105977,16,EUR,2019,0.0587,synonymous,GENE0171
rs787831,8,SAS,2015,0.047,missense,GENE0107
rs943187,8,AMR,2021,0.0126,missense,GENE0149
rs789446,19,EUR,2015,0.0921,synonymous,GENE0054
rs759155,13,SAS,2018,0.0287,stop_gained,GENE0244
rs393448,8,EAS,2018,0.1108,stop_gained,GENE0013
rs377377,19,AMR,2016,0.0039,intronic,GENE0085
rs420753,10,AFR,2019,0.0627,synonymous,GENE0006
rs41316,22,EUR,2017,0.1062,stop_gained,GENE0158
rs575731,18,AFR,2020,0.2173,stop_gained,GENE0067
rs31053,X,AMR,2023,0.1286,missense,GENE0137
rs613855,12,AMR,2016,0.014,intronic,GENE0094
rs53833,1,AMR,2016,0.1318,stop_gained,GENE0227
rs683532,14,EUR,2016,0.0297,intronic,GENE0267
rs565749,12,AFR,2020,0.0401,stop_gained,GENE0003
rs259983,18,EUR,2018,0.0391,intronic,GENE0023
rs246362,5,AFR,2017,0.0855,stop_gained,GENE0091
rs858479,9,AMR,2016,0.0169,intronic,GENE0229
rs336690,17,EAS,2023,0.523,synonymous,GENE0010
rs559455,19,AMR,2018,0.5649,intronic,GENE0217
rs87749,12,EUR,2016,0.2202,synonymous,GENE0079
rs853220,10,AFR,2021,0.2805,missense,GENE0252
rs150186,17,SAS,2019,0.0207,synonymous,GENE0235
rs976443,13,AMR,2016,0.1064,stop_gained,GENE0231
rs187554,13,AMR,2021,0.1213,synonymous,GENE0129
rs32261,22,EAS,2021,0.0387,missense,GENE0020
rs51090,X,AFR,2023,0.0379,missense,GENE0135
rs265102,1,SAS,2015,0.0374,intronic,GENE0255
rs185021,16,AFR,2016,0.1132,intronic,GENE0236
rs676000,6,AMR,2015,0.0421,synonymous,GENE0041
rs738065,7,EAS,2021,0.0531,stop_gained,GENE0060
rs383657,17,SAS,2023,0.2273,intronic,GENE0210
rs790481,2,EAS,2017,0.5264,stop_gained,GENE0024
rs986768,21,EUR,2020,0.029,stop_gained,GENE0079
rs94529,6,AFR,2019,0.0307,missense,GENE0271
rs863847,13,AMR,2022,0.321,intronic,GENE0031
rs893343,11,SAS,2018,0.0734,stop_gained,GENE0004
rs430895,3,AFR,2018,0.0,intronic,GENE0205
rs517918,X,EAS,2019,0.0078,synonymous,GENE0042
rs643988,13,EAS,2015,0.0549,synonymous,GENE0153
rs344019,17,AFR,2017,0.2319,stop_gained,GENE0055
rs412531,2,EAS,2022,0.0215,intronic,GENE0042
rs780601,10,SAS,2023,0.0453,missense,GENE0267
rs262198,9,AFR,2019,0.1312,missense,GENE0295
rs751402,1,AFR,2019,0.317,missense,GENE0022
rs917252,16,AFR,2020,0.0609,stop_gained,GENE0077
rs17692,6,SAS,2017,0.0419,missense,GENE0160
rs292265,21,EAS,2015,0.0245,missense,GENE0282
rs240550,7,AFR,2021,0.0182,stop_gained,GENE0192
rs143565,20,AMR,2019,0.0675,synonymous,GENE0128
rs965741,1,AFR,2021,0.0668,intronic,GENE0196
rs433579,13,SAS,2019,0.0123,intronic,GENE0172
rs976517,4,SAS,2021,0.0346,intronic,GENE0081
rs84411,17,SAS,2022,0.4753,intronic,GENE0125
rs994745,10,AFR,2021,0.1031,synonymous,GENE0179
rs808633,13,EAS,2021,0.0452,intronic,GENE0166
rs980743,3,EUR,2021,0.1584,intronic,GENE0141
rs200353,15,EAS,2020,0.0116,synonymous,GENE0165
rs275852,3,SAS,2020,0.0373,missense,GENE0106
rs737349,18,AMR,2016,0.0689,intronic,GENE0070
rs628296,18,AMR,2018,0.2265,stop_gained,GENE0026
rs736759,6,AFR,2017,0.0951,intronic,GENE0227
rs456309,10,SAS,2021,0.0,missense,GENE0243
rs19613,7,AMR,2021,0.1302,synonymous,GENE0007
rs823701,9,AFR,2022,0.23,stop_gained,GENE0260
rs791786,13,EUR,2022,0.0795,missense,GENE0066
rs241111,17,AFR,2020,0.0984,missense,GENE0033
rs840981,5,AMR,2023,0.0856,synonymous,GENE0202
rs975560,14,EUR,2017,0.2671,missense,GENE0265
rs364931,14,AFR,2017,0.0696,synonymous,GENE0096
rs245206,6,AMR,2021,0.2531,synonymous,GENE0021
rs899497,9,EUR,2022,0.0591,synonymous,GENE0210
rs188387,2,AFR,2015,0.0273,stop_gained,GENE0260
rs277510,2,EAS,2023,0.0909,missense,GENE0074
rs706271,11,SAS,2017,0.0354,missense,GENE0296
rs903526,16,EAS,2022,0.0564,synonymous,GENE0217
rs654549,6,AMR,2015,0.2677,synonymous,GENE0206
rs473733,14,AFR,2020,0.1382,missense,GENE0095
rs260649,22,EAS,2019,0.1058,stop_gained,GENE0110
rs140587,6,SAS,2018,0.0324,synonymous,GENE0070
rs61176,10,AMR,2020,0.0,synonymous,GENE0194
rs347288,2,AFR,2015,0.0814,intronic,GENE0180
rs828616,10,SAS,2017,0.0318,synonymous,GENE0125
rs75541,9,AFR,2019,0.1608,intronic,GENE0181
rs361603,1,AFR,2015,0.0772,synonymous,GENE0094
rs772888,X,SAS,2021,0.1479,missense,GENE0235
rs276067,9,AMR,2016,0.218,stop_gained,GENE0094
rs931297,4,AMR,2016,0.1256,synonymous,GENE0253
rs446367,5,AMR,2020,0.0328,stop_gained,GENE0185
rs524426,13,EUR,2019,0.0763,synonymous,GENE0089
rs885641,5,EAS,2015,0.0461,synonymous,GENE0179
rs899395,8,EAS,2021,0.0642,synonymous,GENE0293
rs793752,16,EUR,2022,0.1734,missense,GENE0238
rs730792,22,EUR,2015,0.0751,stop_gained,GENE0094
rs922862,1,SAS,2022,0.1179,stop_gained,GENE0270
rs537018,19,AMR,2019,0.0867,synonymous,GENE0262
rs693937,10,EAS,2021,0.2993,stop_gained,GENE0108
rs649079,21,EAS,2020,0.0433,intronic,GENE0207
rs331122,8,SAS,2021,0.1011,missense,GENE0299
rs904399,18,EUR,2023,0.0,stop_gained,GENE0132
rs730573,X,AMR,2015,0.0472,intronic,GENE0161
rs299541,8,EAS,2022,0.0,missense,GENE0036
rs431474,16,EUR,2023,0.1546,synonymous,GENE0050
rs365833,4,EAS,2019,0.0645,synonymous,GENE0040
rs57684,14,AMR,2022,0.0268,intronic,GENE0244
rs704283,17,AFR,2023,0.0769,stop_gained,GENE0109
rs354436,9,AFR,2023,0.1677,synonymous,GENE0110
rs726985,18,SAS,2018,0.2199,intronic,GENE0059
rs293443,21,AFR,2015,0.0464,stop_gained,GENE0283
rs613999,15,SAS,2022,0.1874,synonymous,GENE0022
rs940967,9,AMR,2021,0.2865,stop_gained,GENE0019
rs754515,6,SAS,2018,0.0,missense,GENE0235
rs177531,9,AMR,2022,0.0206,synonymous,GENE0240
rs137758,22,EAS,2020,0.1825,synonymous,GENE0040
rs910534,16,SAS,2016,0.0439,stop_gained,GENE0183
rs939785,15,SAS,2017,0.0623,stop_gained,GENE0258
rs564651,1,AMR,2018,0.0379,intronic,GENE0095
rs923989,X,EUR,2017,0.0777,intronic,GENE0259
rs280653,17,EAS,2016,0.0994,intronic,GENE0228
rs413351,17,AMR,2015,0.1018,intronic,GENE0105
rs713492,20,SAS,2023,0.0191,intronic,GENE0010
rs354835,9,SAS,2021,0.0367,synonymous,GENE0107
rs105415,6,AMR,2015,0.1474,stop_gained,GENE0031
rs657151,5,EAS,2022,0.1112,intronic,GENE0179
rs841385,22,AMR,2021,0.0533,intronic,GENE0179
rs702040,14,EUR,2020,0.0164,intronic,GENE0046
rs607062,14,SAS,2019,0.0,intronic,GENE0179
rs126820,19,EUR,2016,0.0867,stop_gained,GENE0236
rs446906,20,EAS,2023,0.0272,synonymous,GENE0279
rs800428,11,SAS,2017,0.0359,intronic,GENE0246
rs703814,16,EUR,2022,0.037,missense,GENE0251
rs349961,9,AFR,2020,0.0,intronic,GENE0002
rs863913,13,SAS,2021,0.1472,intronic,GENE0183
rs158664,6,EUR,2016,0.0009,intronic,GENE0119
rs577549,5,EUR,2022,0.0785,synonymous,GENE0280
rs849439,15,AFR,2015,0.0963,missense,GENE0093
rs519983,21,EUR,2021,0.0,intronic,GENE0089
rs17499,20,AFR,2018,0.1197,stop_gained,GENE0118
rs739623,15,AFR,2015,0.2392,intronic,GENE0040
rs376961,2,EAS,2015,0.3698,intronic,GENE0278
rs886487,1,EAS,2017,0.0,missense,GENE0204
rs686617,15,AMR,2019,0.0371,synonymous,GENE0257
rs511700,17,EAS,2020,0.0179,stop_gained,GENE0270
rs726792,22,SAS,2022,0.0521,stop_gained,GENE0140
rs729548,8,SAS,2022,0.0,intronic,GENE0179
rs750825,1,AMR,2017,0.1137,synonymous,GENE0119
rs853110,1,AMR,2016,0.1973,intronic,GENE0248
rs738727,7,AMR,2015,0.0361,stop_gained,GENE0227
rs400049,15,AMR,2015,0.1675,missense,GENE0153
rs51520,6,EUR,2022,0.112,stop_gained,GENE0075
rs743623,8,AMR,2018,0.1737,synonymous,GENE0086
rs862385,X,AMR,2019,0.0602,synonymous,GENE0074
rs407065,18,EUR,2017,0.0338,intronic,GENE0188
rs894685,13,AMR,2015,0.0441,synonymous,GENE0179
rs19269,18,SAS,2015,0.0628,synonymous,GENE0243
rs798579,3,SAS,2022,0.2286,stop_gained,GENE0054
rs226563,11,AFR,2018,0.1445,intronic,GENE0110
rs249400,15,AMR,2018,0.0256,stop_gained,GENE0267
rs511559,9,AFR,2023,0.4634,synonymous,GENE0073
rs474166,17,EUR,2019,0.0075,synonymous,GENE0103
rs30849,2,SAS,2017,0.4477,synonymous,GENE0288
rs445928,X,AFR,2021,0.0375,intronic,GENE0239
rs979160,X,EAS,2020,0.2491,missense,GENE0063
rs281976,6,AMR,2018,0.1385,missense,GENE0126
rs908541,20,AFR,2023,0.1415,stop_gained,GENE0151
rs489756,12,AMR,2021,0.5564,missense,GENE0221
rs297561,14,AFR,2017,0.3425,synonymous,GENE0147
rs265655,14,SAS,2018,0.0447,missense,GENE0135
rs817960,18,SAS,2015,0.0058,stop_gained,GENE0241
rs906322,9,EAS,2017,0.3271,stop_gained,GENE0017
rs612186,1,AFR,2020,0.0,stop_gained,GENE0217
rs51080,6,SAS,2023,0.0546,synonymous,GENE0024
rs986064,1,SAS,2018,0.0801,stop_gained,GENE0201
rs456570,17,EUR,2019,0.1528,stop_gained,GENE0016
rs257880,13,SAS,2017,0.016,missense,GENE0116
rs91935,21,EUR,2015,0.2555,stop_gained,GENE0014
rs821610,8,SAS,2015,0.2504,stop_gained,GENE0204
rs492280,1,AMR,2015,0.2677,missense,GENE0228
rs302272,17,SAS,2015,0.0352,synonymous,GENE0072
rs683560,18,AMR,2023,0.0438,intronic,GENE0006
rs881636,1,AFR,2020,0.0174,missense,GENE0280
rs600135,18,EAS,2019,0.1116,stop_gained,GENE0244
rs97104,19,EUR,2022,0.0547,synonymous,GENE0249
rs777396,17,AFR,2020,0.278,synonymous,GENE0093
rs752595,2,AFR,2021,0.0661,intronic,GENE0086
rs412159,14,EAS,2015,0.0492,intronic,GENE0243
rs725919,11,EAS,2022,0.0909,missense,GENE0126
rs178869,16,EAS,2017,0.0537,intronic,GENE0167
rs215761,4,AFR,2019,0.0895,intronic,GENE0105
rs338669,22,EUR,2022,0.0534,missense,GENE0261
rs895950,17,EAS,2017,0.0795,synonymous,GENE0218
rs291711,16,AMR,2020,0.042,intronic,GENE0026
rs331454,11,EAS,2019,0.1132,stop_gained,GENE0276
rs220335,2,AFR,2021,0.107,synonymous,GENE0232
rs698723,22,EUR,2019,0.1301,stop_gained,GENE0280
rs75274,8,AFR,2017,0.0864,intronic,GENE0013
rs84755,10,AMR,2022,0.1514,synonymous,GENE0283
rs863015,21,AFR,2017,0.0,intronic,GENE0157
rs696004,1,EAS,2021,0.0027,stop_gained,GENE0176
rs543976,6,EAS,2019,0.0299,intronic,GENE0180
rs30547,22,SAS,2023,0.0,stop_gained,GENE0123
rs540797,11,AFR,2023,0.0882,missense,GENE0289
rs264419,11,SAS,2018,0.1783,stop_gained,GENE0080
rs452295,6,SAS,2021,0.1495,stop_gained,GENE0283
rs880228,18,AFR,2021,0.3205,missense,GENE0073
rs432490,15,AFR,2021,0.0596,missense,GENE0017
rs234585,1,SAS,2018,0.0237,synonymous,GENE0120
rs635150,22,AFR,2022,0.0316,missense,GENE0135
rs321113,5,SAS,2020,0.0596,intronic,GENE0105
rs853268,1,AMR,2015,0.0441,intronic,GENE0112
rs102831,18,AFR,2015,0.0301,missense,GENE0277
rs888384,18,EUR,2021,0.0798,missense,GENE0269
rs993842,19,EUR,2020,0.0261,missense,GENE0120
rs932359,22,EAS,2015,0.1501,synonymous,GENE0182
rs163242,10,SAS,2019,0.0235,intronic,GENE0217
rs300843,15,AMR,2017,0.016,stop_gained,GENE0040
rs615032,10,EAS,2020,0.1169,missense,GENE0159
rs872073,9,AFR,2022,0.055,intronic,GENE0035
rs985904,2,SAS,2017,0.0621,stop_gained,GENE0007
rs600543,3,SAS,2018,0.0042,synonymous,GENE0239
rs783338,14,SAS,2017,0.0139,synonymous,GENE0031
rs914769,X,SAS,2015,0.6292,stop_gained,GENE0215
rs119809,11,EUR,2023,0.0062,synonymous,GENE0258
rs61327,21,AMR,2022,0.0683,missense,GENE0132
rs809733,9,SAS,2019,0.1812,synonymous,GENE0043
rs627418,13,AMR,2018,0.1204,missense,GENE0054
rs611137,10,AMR,2017,0.1254,intronic,GENE0292
rs514461,9,EUR,2021,0.0125,synonymous,GENE0018
rs499350,X,AMR,2023,0.0204,intronic,GENE0017
rs650975,7,EAS,2015,0.033,missense,GENE0218
rs620610,1,AFR,2023,0.065,intronic,GENE0030
rs88779,9,EUR,2017,0.5795,missense,GENE0095
rs792740,9,SAS,2019,0.1234,synonymous,GENE0187
rs356280,9,SAS,2021,0.0619,intronic,GENE0210
rs98140,1,SAS,2015,0.4648,intronic,GENE0286
rs891054,6,EAS,2021,0.3196,missense,GENE0293
rs99639,16,AMR,2015,0.0709,intronic,GENE0132
rs502918,13,AFR,2022,0.1905,stop_gained,GENE0013
rs638831,8,AMR,2022,0.2505,synonymous,GENE0020
rs24575,10,SAS,2020,0.1674,missense,GENE0053
rs243845,2,AMR,2021,0.0033,intronic,GENE0180
rs660998,3,AMR,2017,0.1658,synonymous,GENE0230
rs674829,10,EUR,2020,0.0274,synonymous,GENE0070
rs472843,11,AFR,2018,0.1015,stop_gained,GENE0078
rs499557,19,EAS,2022,0.359,missense,GENE0186
rs109323,13,AFR,2022,0.0,synonymous,GENE0016
rs934173,15,SAS,2023,0.0376,synonymous,GENE0222
rs503029,1,AMR,2018,0.1355,stop_gained,GENE0008
rs500054,X,SAS,2021,0.1988,synonymous,GENE0003
rs307408,2,AFR,2021,0.4305,missense,GENE0154
rs160456,20,AMR,2017,0.0437,stop_gained,GENE0175
rs166934,3,EUR,2019,0.1754,missense,GENE0286
rs187452,8,EAS,2017,0.0476,stop_gained,GENE0251
rs238516,20,AMR,2020,0.451,stop_gained,GENE0025
rs736169,20,AFR,2017,0.0074,stop_gained,GENE0124
rs695804,X,AMR,2018,0.0276,synonymous,GENE0113
rs348882,17,EUR,2020,0.0347,stop_gained,GENE0093
rs992089,18,AMR,2022,0.2467,missense,GENE0228
rs878095,16,AMR,2015,0.0172,missense,GENE0140
rs912195,8,AMR,2023,0.0524,missense,GENE0195
rs711052,18,AFR,2017,0.0806,synonymous,GENE0294
rs195833,9,EAS,2018,0.0755,intronic,GENE0173
rs849064,13,EAS,2020,0.0,stop_gained,GENE0032
rs329454,19,SAS,2023,0.0033,missense,GENE0201
rs24823,17,SAS,2019,0.087,intronic,GENE0062
rs152366,X,SAS,2017,0.0392,intronic,GENE0028
rs608242,13,SAS,2022,0.0,intronic,GENE0226
rs468713,16,EAS,2016,0.0308,intronic,GENE0164
rs692736,18,AFR,2023,0.1682,synonymous,GENE0158
rs612581,2,AMR,2016,0.1062,synonymous,GENE0254
rs210197,1,AFR,2023,0.0888,synonymous,GENE0256
rs282858,14,AFR,2018,0.2186,stop_gained,GENE0187
rs41355,8,AMR,2023,0.0274,synonymous,GENE0051
rs452274,16,EUR,2015,0.026,synonymous,GENE0202
rs202257,4,EUR,2015,0.1895,stop_gained,GENE0295
rs452251,10,EUR,2021,0.0,missense,GENE0132
rs294279,X,EUR,2019,0.0,synonymous,GENE0047
rs997166,9,AFR,2019,0.0117,stop_gained,GENE0085
rs410642,14,SAS,2018,0.1826,stop_gained,GENE0244
rs626194,20,SAS,2019,0.0,missense,GENE0017
rs51386,21,EAS,2023,0.1766,intronic,GENE0146
rs269920,8,AFR,2018,0.2835,missense,GENE0208
rs885583,16,AFR,2022,0.2624,intronic,GENE0280
rs107210,X,SAS,2018,0.3149,stop_gained,GENE0074
rs659085,22,AFR,2021,0.1232,stop_gained,GENE0227
rs108655,21,EAS,2015,0.285,synonymous,GENE0169
rs609170,3,SAS,2022,0.0733,synonymous,GENE0264
rs155072,18,AMR,2017,0.0077,stop_gained,GENE0251
rs135583,2,EUR,2015,0.0671,synonymous,GENE0063
rs339440,2,AMR,2015,0.3902,synonymous,GENE0262
rs422043,6,AMR,2015,0.011,stop_gained,GENE0165
rs854124,12,SAS,2023,0.1071,intronic,GENE0030
rs994700,7,EUR,2022,0.1739,intronic,GENE0080
rs222658,18,EAS,2020,0.0014,intronic,GENE0174
rs318186,16,EUR,2019,0.0112,intronic,GENE0032
rs181667,10,EAS,2017,0.3673,synonymous,GENE0170
rs973633,12,EUR,2015,0.5129,synonymous,GENE0004
rs277178,7,AMR,2021,0.0758,missense,GENE0180
rs659519,17,AFR,2022,0.128,missense,GENE0030
rs278247,2,AFR,2022,0.0381,intronic,GENE0074
rs4553,5,SAS,2023,0.2386,intronic,GENE0221
rs801165,16,AMR,2022,0.1556,missense,GENE0094
rs172100,20,EAS,2016,0.0495,missense,GENE0151
rs698920,3,SAS,2018,0.1035,intronic,GENE0161
rs845196,18,AFR,2019,0.0085,missense,GENE0296
rs564167,20,EUR,2018,0.4245,stop_gained,GENE0120
rs284208,16,EUR,2020,0.2499,stop_gained,GENE0271
rs848227,5,AMR,2015,0.008,intronic,GENE0058
rs382510,9,EUR,2015,0.1178,intronic,GENE0284
rs662537,9,EUR,2021,0.0132,synonymous,GENE0165
rs219033,10,EUR,2021,0.0862,intronic,GENE0232
rs294561,20,EUR,2022,0.1588,intronic,GENE0167
rs885175,16,AMR,2019,0.0482,stop_gained,GENE0298
rs553332,17,AMR,2019,0.0729,stop_gained,GENE0142
rs154301,22,EAS,2023,0.0792,stop_gained,GENE0278
rs462450,8,EAS,2021,0.0202,synonymous,GENE0016
rs847788,18,SAS,2016,0.0548,missense,GENE0003
rs111701,12,SAS,2016,0.028,stop_gained,GENE0127
rs173775,18,EAS,2021,0.4308,missense,GENE0097
rs879022,1,EAS,2018,0.0771,intronic,GENE0191
rs997433,13,EUR,2021,0.0423,missense,GENE0063
rs410442,3,EAS,2023,0.2093,stop_gained,GENE0037
rs216215,2,AMR,2015,0.1558,missense,GENE0086
rs482766,18,AMR,2023,0.0371,missense,GENE0096
rs392877,7,AFR,2018,0.0837,intronic,GENE0255
rs992160,7,AFR,2023,0.041,synonymous,GENE0092
rs709061,19,AMR,2020,0.0,synonymous,GENE0266
rs857366,10,AFR,2015,0.0802,stop_gained,GENE0024
rs597532,21,AFR,2022,0.0134,stop_gained,GENE0146
rs941924,11,AMR,2020,0.0771,stop_gained,GENE0076
rs132445,4,EAS,2016,0.1594,synonymous,GENE0144
rs603680,14,AMR,2017,0.1923,synonymous,GENE0124
rs406529,14,EUR,2021,0.021,missense,GENE0174
rs726931,17,EUR,2021,0.0471,intronic,GENE0154
rs771089,16,SAS,2020,0.0472,stop_gained,GENE0175
rs338019,12,SAS,2020,0.1009,stop_gained,GENE0211
rs670117,4,EUR,2019,0.0,stop_gained,GENE0109
rs831929,15,EUR,2018,0.0,intronic,GENE0072
rs188014,2,AMR,2023,0.0325,stop_gained,GENE0241
rs157148,4,AMR,2019,0.3127,synonymous,GENE0296
rs565767,X,EAS,2020,0.3334,intronic,GENE0166
rs179275,22,AFR,2019,0.0426,missense,GENE0279
rs777977,2,EUR,2020,0.1401,synonymous,GENE0053
rs932396,4,EUR,2020,0.0,intronic,GENE0299
rs239207,10,AMR,2017,0.0214,synonymous,GENE0224
rs445745,6,AFR,2023,0.0375,intronic,GENE0163
rs805288,12,SAS,2017,0.022,intronic,GENE0088
rs178467,1,EUR,2015,0.0,stop_gained,GENE0123
rs619039,21,EUR,2020,0.02,intronic,GENE0149
rs373132,8,SAS,2015,0.0405,stop_gained,GENE0280
rs24397,22,SAS,2017,0.0105,synonymous,GENE0234
rs356950,18,EAS,2022,0.082,synonymous,GENE0089
rs75868,19,SAS,2020,0.0771,intronic,GENE0248
rs397389,15,AMR,2019,0.0569,stop_gained,GENE0192
rs783471,15,AMR,2019,0.1609,stop_gained,GENE0258
rs837056,4,EAS,2018,0.0016,stop_gained,GENE0034
rs208833,1,SAS,2021,0.1091,missense,GENE0267
rs274534,17,AFR,2016,0.1209,stop_gained,GENE0202
rs317721,10,SAS,2015,0.0526,intronic,GENE0004
rs262373,18,SAS,2015,0.0875,intronic,GENE0208
rs230338,16,SAS,2019,0.0453,missense,GENE0029
rs200914,4,AFR,2018,0.0524,synonymous,GENE0041
rs158504,2,EAS,2018,0.0328,stop_gained,GENE0239
rs393759,15,AMR,2015,0.139,missense,GENE0210
rs410092,9,AMR,2015,0.0,missense,GENE0137
rs836733,X,AMR,2019,0.197,missense,GENE0021
rs645509,8,AMR,2022,0.0162,stop_gained,GENE0156
rs81693,15,EUR,2017,0.0,missense,GENE0112
rs683505,X,AFR,2017,0.1526,intronic,GENE0003
rs539255,11,EUR,2020,0.035,intronic,GENE0216
rs782240,5,SAS,2016,0.0752,missense,GENE0212
rs884922,19,EAS,2021,0.2363,intronic,GENE0153
rs920085,X,SAS,2015,0.1335,missense,GENE0155
rs301592,18,SAS,2015,0.2407,stop_gained,GENE0146
rs45099,6,AFR,2018,0.0065,missense,GENE0155
rs782214,4,EAS,2018,0.062,synonymous,GENE0022
rs508660,15,EUR,2021,0.0356,intronic,GENE0014
rs417688,6,AMR,2020,0.0277,missense,GENE0222
rs676944,4,EAS,2021,0.0,synonymous,GENE0192
rs734118,12,SAS,2020,0.134,stop_gained,GENE0277
rs438915,15,AMR,2021,0.129,synonymous,GENE0270
rs710316,12,AMR,2017,0.0582,missense,GENE0274
rs637802,7,EUR,2015,0.0943,synonymous,GENE0078
rs621036,14,AFR,2023,0.1418,intronic,GENE0282
rs132394,X,AFR,2017,0.0709,intronic,GENE0041
rs302112,11,SAS,2021,0.0935,stop_gained,GENE0241
rs315019,X,SAS,2019,0.1953,intronic,GENE0012
rs627642,10,EUR,2015,0.0524,intronic,GENE0080
rs580336,6,AFR,2019,0.2127,synonymous,GENE0242
rs885545,18,SAS,2016,0.0,stop_gained,GENE0098
rs230645,11,AFR,2018,0.0915,synonymous,GENE0252
rs407813,14,EAS,2021,0.0117,synonymous,GENE0016
rs55926,11,EAS,2022,0.3734,stop_gained,GENE0178
rs97429,X,EUR,2015,0.1513,intronic,GENE0211
rs327798,17,AFR,2023,0.1176,missense,GENE0246
rs60460,18,SAS,2016,0.0543,synonymous,GENE0299
rs567998,15,EAS,2016,0.2374,stop_gained,GENE0056
rs773080,10,EAS,2018,0.0058,intronic,GENE0240
rs925421,9,EUR,2022,0.171,synonymous,GENE0102
rs745267,12,AFR,2019,0.0612,synonymous,GENE0270
rs46702,22,AFR,2016,0.0238,intronic,GENE0168
rs780248,20,EUR,2019,0.0779,missense,GENE0283
rs458714,20,AMR,2021,0.0511,missense,GENE0228
rs888992,21,AFR,2019,0.5109,stop_gained,GENE0207
rs828020,5,EUR,2019,0.0,missense,GENE0164
rs145254,12,EAS,2022,0.0835,stop_gained,GENE0261
rs880696,2,AFR,2018,0.0678,synonymous,GENE0053
rs957222,6,EUR,2019,0.0532,missense,GENE0201
rs178238,22,EUR,2021,0.1476,stop_gained,GENE0085
rs790146,5,EUR,2022,0.0735,stop_gained,GENE0289
rs260809,5,SAS,2017,0.0866,intronic,GENE0059
rs83789,1,SAS,2016,0.0833,synonymous,GENE0265
rs477862,11,EAS,2015,0.0772,stop_gained,GENE0287
rs11506,3,AFR,2016,0.0557,missense,GENE0167
rs468312,16,SAS,2018,0.1621,intronic,GENE0125
rs539571,6,EAS,2016,0.0456,stop_gained,GENE0107
rs793114,17,EUR,2015,0.4601,missense,GENE0285
rs372045,X,SAS,2020,0.1063,synonymous,GENE0175
rs671275,10,AFR,2022,0.0974,stop_gained,GENE0220
rs27970,7,AFR,2016,0.0636,stop_gained,GENE0195
rs654183,14,AFR,2020,0.2071,intronic,GENE0185
rs318813,7,EAS,2023,0.1328,synonymous,GENE0090
rs720426,X,EUR,2016,0.032,missense,GENE0263
rs506622,3,AFR,2018,0.0066,missense,GENE0079
rs119619,14,EAS,2023,0.3122,missense,GENE0183
rs343833,8,AFR,2021,0.2261,missense,GENE0263
rs804903,20,EUR,2021,0.0508,intronic,GENE0095
rs722837,13,AMR,2020,0.3921,stop_gained,GENE0224
rs41951,15,EAS,2017,0.2744,missense,GENE0029
rs901212,6,AFR,2017,0.0236,stop_gained,GENE0188
rs464271,2,SAS,2017,0.1001,missense,GENE0071
rs206095,7,EAS,2019,0.0323,stop_gained,GENE0147
rs212540,11,SAS,2020,0.3102,intronic,GENE0006
rs217425,6,AFR,2015,0.4045,intronic,GENE0084
rs671938,16,SAS,2015,0.0582,stop_gained,GENE0298
rs785493,22,SAS,2019,0.0219,synonymous,GENE0098
rs825355,13,AMR,2016,0.0301,missense,GENE0023
rs869918,22,AMR,2018,0.1444,synonymous,GENE0203
rs51600,22,SAS,2022,0.0419,synonymous,GENE0051
rs99283,14,EAS,2023,0.1733,intronic,GENE0111
rs22749,20,EAS,2018,0.0388,stop_gained,GENE0230
rs962969,7,EAS,2019,0.4894,intronic,GENE0020
rs59250,8,AFR,2019,0.0,stop_gained,GENE0235
rs588805,12,EUR,2017,0.1068,missense,GENE0276
rs826658,5,SAS,2018,0.0975,intronic,GENE0242
rs387257,11,AMR,2023,0.2584,intronic,GENE0223
rs830120,X,AMR,2021,0.3747,synonymous,GENE0234
rs523397,22,EAS,2018,0.1179,synonymous,GENE0066
rs393562,19,EAS,2016,0.0235,stop_gained,GENE0045
rs528651,20,EAS,2023,0.299,stop_gained,GENE0145
rs442220,14,AMR,2019,0.0105,stop_gained,GENE0253
rs181779,15,EAS,2018,0.0185,stop_gained,GENE0168
rs928165,7,EUR,2018,0.0771,stop_gained,GENE0097
rs967103,X,AMR,2015,0.2163,missense,GENE0028
rs988334,12,EAS,2016,0.0477,intronic,GENE0122
rs480235,18,AMR,2016,0.0,synonymous,GENE0039
rs251869,10,EUR,2018,0.1105,missense,GENE0045
rs698619,X,EAS,2015,0.1351,missense,GENE0283
rs700945,20,EAS,2022,0.0586,stop_gained,GENE0296
rs854675,21,AMR,2022,0.0198,synonymous,GENE0082
rs688654,18,EAS,2019,0.0201,stop_gained,GENE0088
rs576529,17,AMR,2023,0.0565,intronic,GENE0020
rs451863,7,AMR,2020,0.4013,missense,GENE0105
rs403815,X,SAS,2019,0.1137,intronic,GENE0153
rs362253,22,AMR,2018,0.0963,intronic,GENE0099
rs470909,22,EUR,2016,0.1787,stop_gained,GENE0116
rs666539,13,EUR,2017,0.1062,synonymous,GENE0117
rs938948,10,AMR,2017,0.1721,intronic,GENE0136
rs839152,14,EUR,2022,0.0,stop_gained,GENE0064
rs828010,10,SAS,2019,0.0749,synonymous,GENE0114
rs830055,4,AMR,2018,0.017,synonymous,GENE0045
rs454780,11,EUR,2019,0.1437,intronic,GENE0257
rs221521,14,SAS,2023,0.0444,stop_gained,GENE0074
rs378609,18,EAS,2021,0.1058,stop_gained,GENE0223
rs422050,14,EUR,2015,0.1931,synonymous,GENE0263
rs491039,X,EAS,2022,0.0372,synonymous,GENE0200
rs923491,10,AMR,2016,0.0223,missense,GENE0037
rs178580,20,AMR,2018,0.2132,stop_gained,GENE0056
rs426145,X,AMR,2019,0.0206,missense,GENE0007
rs596033,6,AFR,2016,0.0482,intronic,GENE0292
rs659389,11,AMR,2022,0.0487,synonymous,GENE0091
rs849552,21,SAS,2022,0.0215,missense,GENE0162
rs560063,21,EUR,2018,0.0688,intronic,GENE0040
rs363499,6,EAS,2017,0.0065,missense,GENE0148
rs116598,15,EUR,2015,0.3055,synonymous,GENE0098
rs19845,6,EAS,2020,0.0459,synonymous,GENE0130
rs60536,15,EUR,2022,0.0652,missense,GENE0154
rs457305,6,EUR,2021,0.0,missense,GENE0125
rs414843,2,AMR,2018,0.0233,stop_gained,GENE0159
rs927679,3,AMR,2021,0.4334,stop_gained,GENE0247
rs96777,16,AMR,2018,0.062,missense,GENE0181
rs606233,10,EUR,2019,0.0335,synonymous,GENE0174
rs759561,1,EAS,2016,0.0051,intronic,GENE0270
rs753434,12,EUR,2020,0.0297,missense,GENE0127
rs926514,14,SAS,2015,0.207,synonymous,GENE0210
rs83780,14,EAS,2022,0.0349,stop_gained,GENE0020
rs543129,8,EAS,2021,0.082,missense,GENE0235
rs216140,19,SAS,2015,0.1016,stop_gained,GENE0140
rs98718,8,SAS,2022,0.1397,synonymous,GENE0051
rs769597,9,SAS,2019,0.0654,synonymous,GENE0214
rs804663,15,SAS,2021,0.2827,missense,GENE0171
rs767445,8,SAS,2016,0.1208,intronic,GENE0047
rs850370,15,AMR,2021,0.1196,intronic,GENE0131
rs426886,18,EUR,2015,0.026,synonymous,GENE0202
rs430101,X,EUR,2020,0.0554,synonymous,GENE0123
rs414177,5,EUR,2020,0.1418,missense,GENE0201
rs976031,1,SAS,2020,0.1815,intronic,GENE0129
rs388141,18,EAS,2019,0.0654,stop_gained,GENE0035
rs36974,19,AMR,2023,0.0,synonymous,GENE0016
rs634982,3,SAS,2016,0.0899,stop_gained,GENE0010
rs61355,12,AMR,2022,0.7371,synonymous,GENE0158
rs810559,2,SAS,2023,0.2293,missense,GENE0159
rs207344,13,AMR,2020,0.107,synonymous,GENE0053
rs757559,X,EAS,2023,0.2542,intronic,GENE0052
rs976460,4,SAS,2015,0.0578,missense,GENE0075
rs149349,14,AMR,2022,0.0316,intronic,GENE0061
rs63564,1,SAS,2023,0.0769,synonymous,GENE0145
rs815821,21,AMR,2023,0.0,intronic,GENE0115
rs200303,6,EUR,2020,0.0188,synonymous,GENE0091
rs69781,1,EAS,2023,0.0518,stop_gained,GENE0036
rs938304,14,AMR,2015,0.0684,stop_gained,GENE0050
rs668623,17,AMR,2016,0.0,intronic,GENE0169
rs621397,13,EUR,2015,0.0852,missense,GENE0250
rs833415,3,AMR,2018,0.0307,intronic,GENE0201
rs463875,1,EAS,2015,0.0901,missense,GENE0118
rs40343,13,AFR,2023,0.0381,intronic,GENE0186
rs803166,14,AFR,2020,0.2439,missense,GENE0029
rs161206,20,AMR,2016,0.1487,intronic,GENE0100
rs979564,9,AFR,2019,0.4199,intronic,GENE0166
rs243998,X,EAS,2021,0.0421,missense,GENE0121
rs757753,5,SAS,2020,0.2896,missense,GENE0122
rs581996,X,SAS,2018,0.0159,missense,GENE0023
rs690031,7,EAS,2023,0.0606,synonymous,GENE0094
rs730558,8,SAS,2016,0.0393,missense,GENE0267
rs72967,3,EAS,2017,0.0349,stop_gained,GENE0280
rs781093,12,AMR,2020,0.1753,stop_gained,GENE0256
rs661917,21,AMR,2020,0.0971,intronic,GENE0034
rs631301,21,SAS,2018,0.0792,intronic,GENE0126
rs686042,X,AFR,2021,0.0987,missense,GENE0190
rs271534,1,AFR,2021,0.0246,missense,GENE0053
rs35842,7,EAS,2016,0.5325,missense,GENE0213
rs194915,20,AMR,2021,0.0994,stop_gained,GENE0254
rs233263,19,AMR,2018,0.0402,intronic,GENE0084
rs722259,2,SAS,2019,0.0162,intronic,GENE0132
rs166556,21,EAS,2022,0.601,stop_gained,GENE0201
rs221036,6,EUR,2019,0.0179,synonymous,GENE0123
rs408354,14,EAS,2018,0.0134,synonymous,GENE0126
rs203420,2,EUR,2021,0.0283,synonymous,GENE0125
rs87460,6,SAS,2018,0.0526,synonymous,GENE0079
rs850189,13,AFR,2018,0.0018,intronic,GENE0211
rs391787,14,SAS,2023,0.1338,intronic,GENE0152
rs80123,3,AFR,2023,0.0415,intronic,GENE0123
rs667457,18,AMR,2015,0.0222,synonymous,GENE0228
rs331076,8,EAS,2017,0.0,stop_gained,GENE0135
rs435729,14,AFR,2019,0.0316,synonymous,GENE0067
rs35162,16,AFR,2018,0.0156,stop_gained,GENE0188
rs858231,5,EUR,2022,0.4019,missense,GENE0271
rs834731,7,AMR,2023,0.4828,intronic,GENE0160
rs798841,5,AMR,2015,0.0712,missense,GENE0041
rs50178,16,EAS,2023,0.0707,intronic,GENE0263
rs668454,7,AMR,2023,0.213,stop_gained,GENE0067
rs637842,13,AFR,2016,0.2531,missense,GENE0218
rs324413,16,SAS,2022,0.0014,synonymous,GENE0008
rs977904,7,EUR,2015,0.0129,stop_gained,GENE0216
rs817095,19,SAS,2020,0.0928,stop_gained,GENE0133
rs450154,13,AMR,2018,0.0915,synonymous,GENE0139
rs464319,16,AMR,2022,0.0007,intronic,GENE0051
rs953463,21,EUR,2020,0.0149,missense,GENE0228
rs794932,15,EAS,2023,0.0494,missense,GENE0221
rs705607,3,SAS,2021,0.0388,synonymous,GENE0061
rs919604,20,AMR,2018,0.276,stop_gained,GENE0105
rs174920,14,EAS,2019,0.0635,missense,GENE0093
rs785224,12,SAS,2023,0.0518,intronic,GENE0040
rs288260,2,AMR,2016,0.1669,stop_gained,GENE0204
rs859670,9,EAS,2020,0.0415,missense,GENE0194
rs472768,14,AMR,2018,0.118,synonymous,GENE0185
rs566183,10,AFR,2023,0.0792,intronic,GENE0285
rs164217,17,EUR,2015,0.0996,intronic,GENE0291
rs942080,1,SAS,2016,0.0696,stop_gained,GENE0057
rs150247,12,AMR,2023,0.3845,stop_gained,GENE0094
rs739970,13,SAS,2020,0.4102,stop_gained,GENE0285
rs816083,15,EUR,2022,0.0,missense,GENE0233
rs270896,20,AMR,2022,0.122,missense,GENE0121
rs389586,7,SAS,2018,0.0537,synonymous,GENE0150
rs838457,19,EUR,2019,0.0986,missense,GENE0112
rs172069,21,EUR,2016,0.0275,synonymous,GENE0068
rs157705,18,EAS,2017,0.0478,stop_gained,GENE0110
rs615267,21,SAS,2017,0.0052,stop_gained,GENE0226
rs700859,13,SAS,2017,0.0136,synonymous,GENE0025
rs771289,X,SAS,2015,0.2659,missense,GENE0203
rs18172,21,AMR,2021,0.0616,missense,GENE0151
rs171021,5,EUR,2018,0.1924,missense,GENE0176
rs84545,16,EUR,2021,0.0378,missense,GENE0226
rs559660,2,EUR,2022,0.232,missense,GENE0075
rs621437,14,AMR,2018,0.0218,missense,GENE0259
rs766997,6,EUR,2018,0.145,intronic,GENE0149
rs680769,10,EUR,2020,0.0717,synonymous,GENE0248
rs519381,18,AMR,2016,0.1469,stop_gained,GENE0134
rs48899,20,AMR,2022,0.2389,intronic,GENE0112
rs336199,X,AFR,2020,0.0344,intronic,GENE0063
rs377425,4,EAS,2017,0.0189,synonymous,GENE0270
rs847117,22,AFR,2022,0.1024,synonymous,GENE0092
rs219791,21,SAS,2023,0.1833,intronic,GENE0230
rs609733,18,SAS,2022,0.0605,synonymous,GENE0056
rs462256,2,EAS,2017,0.0948,synonymous,GENE0049
rs121430,11,EUR,2017,0.0669,synonymous,GENE0237
rs566029,10,EAS,2021,0.1968,stop_gained,GENE0276
rs412473,19,SAS,2018,0.0699,intronic,GENE0143
rs236217,5,EUR,2021,0.1717,missense,GENE0059
rs431406,8,EUR,2021,0.1021,missense,GENE0123
rs174352,6,EAS,2016,0.058,stop_gained,GENE0193
rs96259,14,AFR,2019,0.0483,stop_gained,GENE0172
rs269469,17,EUR,2018,0.0723,stop_gained,GENE0215
rs484179,17,EAS,2022,0.0043,intronic,GENE0236
rs760940,19,EUR,2023,0.1803,synonymous,GENE0044
rs883038,5,SAS,2016,0.1896,synonymous,GENE0180
rs642487,20,AFR,2020,0.1479,missense,GENE0250
rs826057,9,SAS,2015,0.2817,missense,GENE0121
rs936031,11,AFR,2022,0.0648,synonymous,GENE0204
rs545108,4,AMR,2021,0.5281,synonymous,GENE0034
rs408246,8,EUR,2020,0.0577,synonymous,GENE0039
rs578929,3,EAS,2015,0.0466,synonymous,GENE0087
rs220091,6,EUR,2016,0.0003,intronic,GENE0225
rs642472,13,EUR,2023,0.1652,synonymous,GENE0257
rs842203,15,AMR,2023,0.0623,missense,GENE0045
rs464377,2,EAS,2019,0.0,missense,GENE0276
rs119099,3,AFR,2018,0.0,stop_gained,GENE0225
rs547784,3,EUR,2021,0.0413,synonymous,GENE0110
rs538933,4,SAS,2020,0.315,stop_gained,GENE0111
rs706215,11,AMR,2022,0.0123,missense,GENE0136
rs472352,18,AMR,2021,0.0644,stop_gained,GENE0019
rs206968,5,AFR,2022,0.0,missense,GENE0262
rs946936,15,SAS,2018,0.1085,missense,GENE0160
rs497944,4,AFR,2015,0.0374,stop_gained,GENE0227
rs464859,12,SAS,2017,0.0749,missense,GENE0250
rs360876,6,AMR,2015,0.0105,synonymous,GENE0070
rs729979,4,EAS,2018,0.0048,stop_gained,GENE0297
rs504033,5,EUR,2020,0.0178,missense,GENE0282
rs392766,17,EAS,2020,0.093,synonymous,GENE0021
rs965070,10,EAS,2020,0.112,synonymous,GENE0121
rs266766,8,AMR,2021,0.1037,intronic,GENE0013
rs557231,X,AMR,2019,0.0663,missense,GENE0295
rs37840,13,AMR,2021,0.0,synonymous,GENE0106
rs706936,1,EAS,2020,0.2577,synonymous,GENE0159
rs460386,10,EUR,2022,0.0,missense,GENE0076
rs120654,4,EAS,2017,0.0768,stop_gained,GENE0051
rs304103,21,EUR,2022,0.2497,stop_gained,GENE0293
rs175104,16,EAS,2020,0.0556,stop_gained,GENE0272
rs695754,20,AFR,2016,0.0538,intronic,GENE0021
rs756964,12,SAS,2022,0.3373,stop_gained,GENE0172
rs85782,4,SAS,2017,0.1393,missense,GENE0153
rs410724,7,SAS,2015,0.0703,stop_gained,GENE0286
rs705898,22,SAS,2019,0.0536,missense,GENE0155
rs445042,1,EUR,2020,0.0422,synonymous,GENE0012
rs413648,1,AFR,2019,0.0,synonymous,GENE0298
rs272778,16,SAS,2017,0.0591,stop_gained,GENE0097
rs497134,16,EUR,2023,0.1678,stop_gained,GENE0198
rs468836,17,EUR,2019,0.2294,synonymous,GENE0167
rs945053,12,AFR,2022,0.1626,intronic,GENE0127
rs45293,10,EAS,2016,0.0302,stop_gained,GENE0088
rs268432,3,AFR,2018,0.0277,intronic,GENE0178
rs365459,5,EAS,2021,0.0,missense,GENE0222
rs798412,6,AMR,2016,0.0641,intronic,GENE0102
rs185903,2,EAS,2020,0.0586,stop_gained,GENE0156
rs590290,4,EAS,2020,0.0704,synonymous,GENE0171
rs678279,8,AFR,2023,0.0535,missense,GENE0107
rs80057,10,EUR,2022,0.1826,synonymous,GENE0283
rs720782,9,SAS,2019,0.1187,missense,GENE0055
rs535309,8,EUR,2018,0.0117,synonymous,GENE0238
rs395609,19,EUR,2015,0.0447,missense,GENE0144
rs719458,8,AFR,2017,0.0873,stop_gained,GENE0025
rs806993,9,EAS,2018,0.1613,synonymous,GENE0081
rs859427,5,EAS,2020,0.1491,stop_gained,GENE0118
rs953380,6,EUR,2022,0.0,stop_gained,GENE0018
rs268082,9,SAS,2021,0.1719,synonymous,GENE0057
rs281067,3,AMR,2022,0.2939,stop_gained,GENE0287
rs954478,13,AMR,2021,0.0039,synonymous,GENE0078
rs949666,8,AFR,2017,0.1101,missense,GENE0242
rs222001,19,EUR,2017,0.0525,missense,GENE0068
rs587112,20,EAS,2019,0.1624,intronic,GENE0202
rs634688,2,EUR,2016,0.0104,intronic,GENE0213
rs915572,21,SAS,2015,0.0118,missense,GENE0116
rs738124,6,SAS,2020,0.0371,synonymous,GENE0099
rs14428,9,EUR,2022,0.0,missense,GENE0064
rs933887,3,EAS,2021,0.0687,synonymous,GENE0079
rs574398,21,AMR,2020,0.0113,missense,GENE0023
rs861637,7,AMR,2018,0.0964,stop_gained,GENE0274
rs105476,15,EAS,2015,0.0103,synonymous,GENE0235
rs196025,18,AMR,2022,0.1418,intronic,GENE0287
rs727254,6,EUR,2022,0.0574,stop_gained,GENE0234
rs528348,20,AMR,2019,0.005,stop_gained,GENE0015
rs601678,4,SAS,2018,0.1952,stop_gained,GENE0220
rs192106,16,AFR,2018,0.0298,intronic,GENE0082
rs715300,9,SAS,2023,0.22,synonymous,GENE0140
rs607443,6,AFR,2021,0.0011,missense,GENE0201
rs803930,7,AFR,2020,0.0975,stop_gained,GENE0025
rs127013,17,AFR,2023,0.0682,synonymous,GENE0222
rs649985,18,EUR,2020,0.2369,stop_gained,GENE0102
rs703004,1,SAS,2017,0.1899,missense,GENE0299
rs621066,4,AMR,2016,0.0651,intronic,GENE0224
rs801242,15,AMR,2019,0.0208,synonymous,GENE0196
rs228990,22,SAS,2015,0.4838,intronic,GENE0028
rs734703,19,EAS,2019,0.0008,missense,GENE0250
rs251116,10,EUR,2023,0.2302,synonymous,GENE0259
rs384922,1,AFR,2017,0.0129,missense,GENE0055
rs73664,2,EUR,2016,0.064,stop_gained,GENE0224
rs960898,X,AFR,2023,0.0097,missense,GENE0157
rs440181,X,AMR,2021,0.0517,intronic,GENE0204
rs748866,17,EAS,2020,0.1811,synonymous,GENE0299
rs65725,10,AFR,2023,0.1604,stop_gained,GENE0280
rs877863,16,AMR,2015,0.1348,intronic,GENE0015
rs845671,3,EUR,2022,0.0206,missense,GENE0174
rs497295,3,AMR,2018,0.1969,intronic,GENE0029
rs917918,2,SAS,2017,0.1725,intronic,GENE0236
rs490077,14,AMR,2021,0.1888,stop_gained,GENE0254
rs738025,17,AMR,2022,0.0162,intronic,GENE0081
rs199929,13,AFR,2019,0.1597,synonymous,GENE0092
rs397802,18,EAS,2021,0.0331,missense,GENE0181
rs180230,10,AFR,2015,0.0543,intronic,GENE0137
rs310631,16,AMR,2022,0.1723,stop_gained,GENE0129
rs442320,4,EAS,2020,0.0876,missense,GENE0079
rs754905,1,AMR,2018,0.0,intronic,GENE0166
rs542883,9,AMR,2019,0.2672,missense,GENE0111
rs602261,14,AMR,2016,0.0748,stop_gained,GENE0146
rs328480,20,EUR,2022,0.31,intronic,GENE0012
rs71405,6,SAS,2023,0.2668,missense,GENE0006
rs247000,1,AMR,2017,0.0643,synonymous,GENE0211
rs899730,21,EUR,2015,0.094,synonymous,GENE0251
rs335587,10,AMR,2023,0.3432,intronic,GENE0250
rs337656,2,AMR,2022,0.0708,stop_gained,GENE0022
rs621043,9,EUR,2018,0.137,synonymous,GENE0057
rs294571,1,EUR,2017,0.0738,intronic,GENE0067
rs863358,10,EUR,2017,0.0388,stop_gained,GENE0073
rs698406,11,EUR,2021,0.1393,intronic,GENE0210
rs699652,1,SAS,2022,0.0637,missense,GENE0218
rs494279,19,EUR,2020,0.0138,missense,GENE0120
rs915961,19,EAS,2020,0.0123,synonymous,GENE0084
rs959640,6,EUR,2017,0.0317,stop_gained,GENE0208
rs860907,X,AMR,2019,0.0284,synonymous,GENE0051
rs421668,13,EUR,2017,0.0806,intronic,GENE0276
rs466541,11,SAS,2022,0.3224,synonymous,GENE0234
rs616156,10,EAS,2022,0.067,missense,GENE0293
rs296300,2,EUR,2016,0.0636,synonymous,GENE0100
rs469399,2,EUR,2023,0.3381,intronic,GENE0077
rs110979,2,EAS,2021,0.0752,stop_gained,GENE0020
rs829704,6,AFR,2016,0.0743,missense,GENE0204
rs428209,13,EAS,2021,0.0019,intronic,GENE0225
rs723899,13,EAS,2018,0.0842,synonymous,GENE0176
rs843437,3,SAS,2017,0.0515,intronic,GENE0169
rs37441,1,SAS,2019,0.0627,intronic,GENE0141
rs483605,10,EAS,2020,0.0712,missense,GENE0117
rs55051,9,EAS,2020,0.0302,synonymous,GENE0083
rs383895,13,EUR,2023,0.0085,synonymous,GENE0108
rs955672,X,AFR,2019,0.041,missense,GENE0001
rs305170,5,EAS,2019,0.0,stop_gained,GENE0184
rs958540,13,AFR,2019,0.0314,synonymous,GENE0260
rs919002,19,AFR,2016,0.4284,intronic,GENE0038
rs530123,18,AFR,2017,0.0058,missense,GENE0288
rs676530,2,AFR,2021,0.0284,stop_gained,GENE0254
rs613548,8,EUR,2022,0.0328,missense,GENE0097
rs569837,18,AMR,2020,0.1076,synonymous,GENE0128
rs929254,6,SAS,2023,0.0789,stop_gained,GENE0104
rs36008,7,AFR,2021,0.1045,intronic,GENE0097
rs524773,2,EAS,2021,0.0039,missense,GENE0191
rs857158,3,EAS,2015,0.0517,synonymous,GENE0143
rs71381,10,AMR,2016,0.1271,intronic,GENE0160
rs876947,16,EAS,2017,0.0412,intronic,GENE0013
rs304923,6,EAS,2022,0.1081,intronic,GENE0243
rs896903,X,AMR,2020,0.1735,stop_gained,GENE0133
rs918617,22,AMR,2023,0.0409,stop_gained,GENE0235
rs799869,19,EUR,2019,0.2358,intronic,GENE0259
rs279869,16,AMR,2019,0.0887,synonymous,GENE0080
rs313578,5,EAS,2020,0.0164,synonymous,GENE0108
rs277893,18,AFR,2019,0.0178,synonymous,GENE0057
rs533242,19,EAS,2016,0.0301,missense,GENE0034
rs54221,13,AFR,2021,0.1047,missense,GENE0016
rs909924,6,AFR,2016,0.1468,synonymous,GENE0174
rs932436,13,SAS,2016,0.1162,stop_gained,GENE0227
rs265854,9,EAS,2022,0.0,stop_gained,GENE0134
rs881565,16,SAS,2015,0.1094,synonymous,GENE0125
rs994368,15,AFR,2021,0.1529,intronic,GENE0225
rs587579,21,EUR,2016,0.4195,stop_gained,GENE0293
rs923979,21,EUR,2017,0.5867,intronic,GENE0251
rs432734,X,EUR,2023,0.305,stop_gained,GENE0259
rs267023,12,EAS,2021,0.2066,synonymous,GENE0170
rs956776,1,EAS,2018,0.0551,intronic,GENE0201
rs24940,X,SAS,2022,0.1662,intronic,GENE0059
rs662494,13,AFR,2022,0.0318,missense,GENE0263
rs64558,6,EAS,2019,0.1044,intronic,GENE0126
rs815382,7,EUR,2019,0.0126,stop_gained,GENE0004
rs769160,13,SAS,2022,0.1739,synonymous,GENE0078
rs396398,11,EUR,2017,0.2391,synonymous,GENE0253
rs525876,10,AMR,2022,0.102,stop_gained,GENE0145
rs220065,12,EAS,2016,0.0247,synonymous,GENE0066
rs966552,14,SAS,2018,0.1679,synonymous,GENE0239
rs159809,18,SAS,2015,0.0229,missense,GENE0074
rs51924,17,EAS,2021,0.0349,intronic,GENE0201
rs629926,3,EUR,2022,0.0396,missense,GENE0184
rs196652,16,AFR,2016,0.0156,synonymous,GENE0273
rs100581,1,AMR,2016,0.0991,stop_gained,GENE0044
rs556950,18,SAS,2015,0.094,stop_gained,GENE0202
rs735958,5,EUR,2016,0.0048,synonymous,GENE0209
rs495327,9,SAS,2022,0.0567,missense,GENE0022
rs112087,8,AFR,2022,0.0495,missense,GENE0171
rs493073,20,AMR,2022,0.0897,synonymous,GENE0148
rs67126,15,AFR,2016,0.0434,missense,GENE0039
rs421116,1,EAS,2018,0.1853,synonymous,GENE0280
rs1971,2,AMR,2020,0.1753,stop_gained,GENE0274
rs979454,4,AMR,2023,0.0427,missense,GENE0283
rs106655,21,AFR,2018,0.0102,stop_gained,GENE0092
rs394315,9,EUR,2017,0.285,stop_gained,GENE0061
rs2433,15,AMR,2019,0.1825,stop_gained,GENE0006
rs404872,4,SAS,2021,0.0456,intronic,GENE0252
rs245038,19,AFR,2020,0.0154,missense,GENE0159
rs311981,1,EAS,2016,0.1496,stop_gained,GENE0079
rs516393,16,AFR,2020,0.3858,synonymous,GENE0270
rs547148,7,SAS,2023,0.0233,synonymous,GENE0174
rs35942,15,AFR,2018,0.0364,stop_gained,GENE0170
rs514223,4,EUR,2016,0.194,stop_gained,GENE0169
rs68640,6,EAS,2023,0.0707,stop_gained,GENE0127
rs548272,5,EUR,2021,0.2672,missense,GENE0252
rs341779,4,AFR,2023,0.0311,intronic,GENE0254
rs417579,1,AFR,2018,0.0822,missense,GENE0109
rs705892,13,AFR,2019,0.0444,missense,GENE0129
rs516571,9,EUR,2016,0.1762,synonymous,GENE0057
rs413360,2,EAS,2021,0.0459,stop_gained,GENE0116
rs242315,14,AMR,2018,0.0404,missense,GENE0049
rs267446,11,AMR,2021,0.3635,missense,GENE0273
rs671454,5,SAS,2016,0.355,stop_gained,GENE0118
rs981867,15,EUR,2018,0.0043,synonymous,GENE0038
rs215478,18,SAS,2016,0.067,intronic,GENE0272
rs721304,10,EAS,2019,0.0556,intronic,GENE0232
rs261451,6,EUR,2016,0.115,missense,GENE0217
rs224174,4,EUR,2019,0.1046,intronic,GENE0104
rs98768,4,EAS,2022,0.6257,intronic,GENE0258
rs135415,5,EUR,2018,0.0467,stop_gained,GENE0075
rs872320,22,EUR,2021,0.05,intronic,GENE0123
rs934107,9,SAS,2019,0.0,intronic,GENE0103
rs174480,12,SAS,2021,0.0426,missense,GENE0057
rs330945,12,AMR,2016,0.0,synonymous,GENE0047
rs256808,17,EAS,2023,0.0577,missense,GENE0218
rs457045,17,EUR,2015,0.3289,stop_gained,GENE0026
rs983958,16,SAS,2017,0.0205,synonymous,GENE0243
rs785055,5,SAS,2016,0.0412,stop_gained,GENE0163
rs842135,6,SAS,2016,0.0173,intronic,GENE0008
rs870338,15,AFR,2019,0.0532,missense,GENE0135
rs63033,X,EUR,2023,0.1268,stop_gained,GENE0026
rs78774,21,EAS,2023,0.279,intronic,GENE0218
rs102679,20,EUR,2020,0.3268,synonymous,GENE0045
rs985273,11,EAS,2018,0.0137,stop_gained,GENE0040
rs91366,17,AFR,2016,0.1298,stop_gained,GENE0105
rs439679,16,EAS,2016,0.1415,stop_gained,GENE0027
rs119142,3,EUR,2020,0.0822,stop_gained,GENE0086
rs40245,4,AFR,2019,0.0562,intronic,GENE0272
rs973180,8,SAS,2022,0.3858,stop_gained,GENE0297
rs211631,1,SAS,2016,0.0573,synonymous,GENE0208
rs258141,10,SAS,2020,0.1866,synonymous,GENE0233
rs771693,4,AFR,2018,0.0458,stop_gained,GENE0136
rs877746,6,EAS,2023,0.0145,stop_gained,GENE0081
rs384857,10,EAS,2015,0.0633,synonymous,GENE0171
rs476094,19,SAS,2017,0.0567,missense,GENE0201
rs747153,15,SAS,2019,0.1291,stop_gained,GENE0240
rs290268,9,AFR,2021,0.3009,missense,GENE0040
rs66742,X,AMR,2019,0.094,stop_gained,GENE0057
rs962385,X,EUR,2023,0.4701,intronic,GENE0173
rs699648,17,EUR,2018,0.0243,stop_gained,GENE0201
rs304846,X,EUR,2019,0.0047,synonymous,GENE0252
rs530345,21,EAS,2023,0.0929,intronic,GENE0211
rs402551,7,AFR,2021,0.129,intronic,GENE0080
rs853250,5,AFR,2016,0.0152,stop_gained,GENE0259
rs849999,2,AFR,2023,0.0432,synonymous,GENE0111
rs241830,21,AFR,2019,0.0188,stop_gained,GENE0260
rs152934,1,EAS,2019,0.0478,missense,GENE0062
rs592993,14,AFR,2020,0.1583,intronic,GENE0160
rs515882,7,EAS,2016,0.0,missense,GENE0101
rs20450,12,EUR,2018,0.0081,intronic,GENE0182
rs76132,9,AMR,2022,0.0081,intronic,GENE0029
rs531152,22,EAS,2020,0.0631,synonymous,GENE0128
rs814472,20,AMR,2022,0.0363,missense,GENE0092
rs600826,8,AMR,2022,0.0141,intronic,GENE0123
rs981485,3,EAS,2019,0.0237,stop_gained,GENE0055
rs879391,1,SAS,2015,0.1172,missense,GENE0206
rs738273,15,AFR,2018,0.089,stop_gained,GENE0128
rs933740,4,EAS,2021,0.0253,stop_gained,GENE0027
rs976011,16,EUR,2017,0.083,missense,GENE0049
rs985961,1,AFR,2016,0.1481,missense,GENE0228
rs953200,X,AFR,2018,0.0,missense,GENE0001
rs29994,6,EAS,2018,0.0338,missense,GENE0240
rs415989,10,AFR,2017,0.2549,missense,GENE0222
rs514369,3,EUR,2018,0.1258,intronic,GENE0026
rs566905,2,SAS,2017,0.0569,synonymous,GENE0045
rs91704,1,SAS,2016,0.0488,stop_gained,GENE0117
rs940864,X,EUR,2016,0.0079,missense,GENE0268
rs840718,1,AFR,2023,0.0051,missense,GENE0299
rs348361,15,SAS,2017,0.0337,synonymous,GENE0186
rs285921,1,EAS,2018,0.153,intronic,GENE0167
rs487521,4,AMR,2019,0.0,missense,GENE0191
rs137741,13,EUR,2018,0.1726,synonymous,GENE0064
rs655759,3,AMR,2021,0.0207,missense,GENE0261
rs194146,13,AFR,2015,0.1344,intronic,GENE0137
rs225851,10,EUR,2016,0.1822,missense,GENE0274
rs549922,22,EUR,2020,0.4634,synonymous,GENE0164
rs243227,18,EAS,2023,0.0774,missense,GENE0032
rs454645,14,SAS,2019,0.2865,intronic,GENE0057
rs616059,3,SAS,2015,0.0454,stop_gained,GENE0162
rs307627,21,SAS,2019,0.0274,synonymous,GENE0126
rs22311,11,AMR,2017,0.1715,synonymous,GENE0163
rs556598,X,EUR,2015,0.3651,synonymous,GENE0089
rs546185,3,EUR,2021,0.0,synonymous,GENE0033
rs433649,16,EAS,2015,0.126,missense,GENE0118
rs19850,21,AMR,2023,0.0076,intronic,GENE0027
rs549219,3,EAS,2016,0.0377,synonymous,GENE0284
rs775758,12,AFR,2017,0.2276,synonymous,GENE0121
rs29579,2,EUR,2016,0.124,intronic,GENE0006
rs974298,2,EAS,2015,0.1052,intronic,GENE0278
rs744547,18,AMR,2020,0.0574,missense,GENE0002
rs944586,10,SAS,2016,0.0643,stop_gained,GENE0035
rs855844,10,SAS,2016,0.0792,synonymous,GENE0126
rs566921,6,AMR,2022,0.0069,intronic,GENE0179
rs482450,17,AFR,2020,0.0045,stop_gained,GENE0006
rs82314,7,EAS,2017,0.0953,missense,GENE0075
rs896791,2,EUR,2016,0.6479,intronic,GENE0241
rs882775,19,SAS,2023,0.0,missense,GENE0165
rs341486,21,AFR,2016,0.0329,intronic,GENE0287
rs204677,8,AFR,2023,0.0124,stop_gained,GENE0179
rs553909,4,EUR,2015,0.1686,missense,GENE0019
rs138265,4,EUR,2016,0.0374,synonymous,GENE0117
rs296660,2,AMR,2016,0.3871,stop_gained,GENE0267
rs980810,20,EAS,2018,0.0,synonymous,GENE0015
rs646342,17,AMR,2019,0.0346,missense,GENE0280
rs692290,1,AMR,2015,0.2012,missense,GENE0091
rs425402,2,EUR,2019,0.0114,synonymous,GENE0055
rs460499,15,SAS,2019,0.0754,intronic,GENE0104
rs769796,1,EUR,2021,0.0205,intronic,GENE0107
rs697879,21,EUR,2023,0.2996,synonymous,GENE0169
rs138181,10,SAS,2023,0.0329,stop_gained,GENE0071
rs127104,16,AMR,2015,0.058,intronic,GENE0061
rs403610,2,EUR,2020,0.1062,synonymous,GENE0104
rs289977,X,SAS,2017,0.1494,missense,GENE0086
rs696456,20,AFR,2020,0.0701,missense,GENE0216
rs70501,10,AMR,2022,0.2303,stop_gained,GENE0181
rs420465,14,EUR,2019,0.0334,synonymous,GENE0103
rs361497,7,SAS,2019,0.2856,synonymous,GENE0105
rs337824,7,SAS,2019,0.0028,synonymous,GENE0024
rs421596,7,AFR,2017,0.0173,synonymous,GENE0196
rs420471,13,EAS,2023,0.0316,stop_gained,GENE0034
rs190514,15,EUR,2020,0.2195,missense,GENE0263
rs688541,7,EAS,2016,0.0356,synonymous,GENE0096
rs851570,2,AFR,2018,0.2016,intronic,GENE0188
rs628911,13,AFR,2023,0.0489,intronic,GENE0267
rs393156,18,AMR,2017,0.0204,synonymous,GENE0231
rs459678,9,AFR,2021,0.0049,missense,GENE0292
rs560762,3,SAS,2017,0.0121,synonymous,GENE0294
rs106929,4,AMR,2018,0.0469,intronic,GENE0163
rs925238,19,EAS,2017,0.0,missense,GENE0167
rs110944,1,EUR,2016,0.0192,stop_gained,GENE0247
rs63375,15,AFR,2019,0.0227,missense,GENE0130
rs648194,16,SAS,2021,0.0952,synonymous,GENE0243
rs769924,6,AMR,2020,0.0345,stop_gained,GENE0178
rs246869,20,EUR,2017,0.0,synonymous,GENE0027
rs866977,6,AFR,2016,0.2567,synonymous,GENE0233
rs406279,20,SAS,2018,0.1557,synonymous,GENE0129
rs24681,11,EAS,2019,0.4915,synonymous,GENE0234
rs553057,16,SAS,2023,0.0864,intronic,GENE0259
rs422546,8,AFR,2022,0.0245,intronic,GENE0124
rs243237,22,EUR,2019,0.1632,intronic,GENE0111
rs912007,2,AMR,2016,0.0676,intronic,GENE0094
rs850490,3,AFR,2018,0.0877,missense,GENE0124
rs829585,6,AFR,2019,0.0582,intronic,GENE0200
rs99683,4,AFR,2017,0.0266,stop_gained,GENE0064
rs542636,6,EUR,2017,0.1582,synonymous,GENE0123
rs244237,19,EUR,2016,0.0,synonymous,GENE0093
rs49819,5,AFR,2019,0.0,missense,GENE0025
rs623378,6,EAS,2022,0.0492,missense,GENE0057
rs912988,5,SAS,2018,0.0258,synonymous,GENE0008
rs635950,5,SAS,2020,0.1038,synonymous,GENE0072
rs495539,18,EAS,2015,0.0716,synonymous,GENE0062
rs88169,X,SAS,2019,0.2136,intronic,GENE0288
rs814019,18,SAS,2022,0.0806,stop_gained,GENE0293
rs940857,X,AMR,2020,0.0048,missense,GENE0212
rs865540,20,AFR,2022,0.0098,stop_gained,GENE0167
rs26681,9,EUR,2022,0.1267,synonymous,GENE0202
rs145578,6,EAS,2019,0.0329,missense,GENE0067
rs873660,6,EAS,2019,0.0081,missense,GENE0189
rs154652,8,EAS,2019,0.0454,synonymous,GENE0092
rs209955,15,AFR,2023,0.1159,missense,GENE0027
rs741859,21,EAS,2017,0.0372,stop_gained,GENE0181
rs984069,15,EUR,2023,0.1577,intronic,GENE0297
rs810359,4,AFR,2021,0.5982,missense,GENE0240
rs562540,21,EUR,2023,0.2398,intronic,GENE0135
rs426063,8,AFR,2019,0.086,intronic,GENE0047
rs421761,22,AMR,2021,0.1116,synonymous,GENE0043
rs501421,11,SAS,2022,0.0043,missense,GENE0171
rs517138,8,EUR,2022,0.026,intronic,GENE0015
rs230309,22,AFR,2023,0.527,missense,GENE0168
rs511763,20,AFR,2015,0.059,stop_gained,GENE0285
rs204580,X,EAS,2015,0.0787,missense,GENE0202
rs749741,12,AMR,2019,0.062,stop_gained,GENE0141
rs957351,13,AFR,2016,0.1054,missense,GENE0289
rs802319,17,AMR,2016,0.0449,missense,GENE0098
rs80930,18,SAS,2017,0.2042,missense,GENE0174
rs37804,7,SAS,2019,0.2177,missense,GENE0131
rs904257,13,EAS,2016,0.4482,intronic,GENE0148
rs611265,1,AMR,2017,0.0032,stop_gained,GENE0245
rs125236,1,SAS,2017,0.0635,intronic,GENE0247
rs745373,20,AMR,2017,0.0416,synonymous,GENE0299
rs74160,9,EUR,2018,0.1725,stop_gained,GENE0148
rs839339,22,SAS,2022,0.0603,missense,GENE0223
rs381956,7,EAS,2017,0.1365,intronic,GENE0061
rs845573,12,EUR,2016,0.0345,intronic,GENE0292
rs671580,3,AFR,2017,0.0016,synonymous,GENE0116
rs475330,7,EAS,2021,0.1008,missense,GENE0027
rs77679,8,SAS,2022,0.2757,intronic,GENE0274
rs228084,X,EUR,2017,0.3146,synonymous,GENE0048
rs771214,10,AMR,2018,0.2158,stop_gained,GENE0185
rs127593,22,SAS,2015,0.1571,synonymous,GENE0019
rs316251,9,EUR,2019,0.2787,intronic,GENE0185
rs812297,22,SAS,2021,0.0244,synonymous,GENE0124
rs230572,13,SAS,2019,0.0296,missense,GENE0184
rs768074,5,EAS,2022,0.0,synonymous,GENE0074
rs567554,22,SAS,2022,0.0775,synonymous,GENE0129
rs786559,17,EAS,2021,0.1925,stop_gained,GENE0286
rs439274,1,EUR,2021,0.0143,synonymous,GENE0258
rs333475,X,EAS,2018,0.0482,missense,GENE0003
rs997319,7,SAS,2021,0.1307,synonymous,GENE0224
rs240274,17,SAS,2020,0.0236,intronic,GENE0173
rs954128,8,AFR,2017,0.1886,intronic,GENE0256
rs667033,13,EUR,2018,0.1329,stop_gained,GENE0147
rs836046,3,SAS,2022,0.0531,intronic,GENE0070
rs230900,X,AMR,2015,0.2484,synonymous,GENE0273
rs945597,6,AFR,2020,0.052,stop_gained,GENE0157
rs124975,7,AMR,2022,0.1905,stop_gained,GENE0046
rs866347,13,EUR,2022,0.0196,missense,GENE0004
rs386345,22,AMR,2021,0.0222,intronic,GENE0190
rs934546,15,AMR,2023,0.0117,synonymous,GENE0068
rs166943,14,EUR,2018,0.1602,intronic,GENE0054
rs192830,19,EUR,2016,0.0461,missense,GENE0062
rs662647,20,EUR,2019,0.059,stop_gained,GENE0219
rs560837,6,SAS,2023,0.0067,synonymous,GENE0267
rs597576,8,AFR,2023,0.046,synonymous,GENE0055
rs334216,17,EUR,2015,0.1574,stop_gained,GENE0125
rs883661,5,AFR,2015,0.0238,intronic,GENE0289
rs618094,16,EUR,2019,0.0563,synonymous,GENE0034
rs404571,1,EUR,2022,0.0338,stop_gained,GENE0095
rs846189,13,AFR,2021,0.0,synonymous,GENE0289
rs540961,13,AFR,2022,0.0398,missense,GENE0104
rs801911,8,SAS,2023,0.0591,missense,GENE0198
rs439355,X,SAS,2015,0.3236,synonymous,GENE0247
rs768265,20,EUR,2015,0.1748,stop_gained,GENE0157
rs798682,7,AMR,2016,0.4324,intronic,GENE0294
rs73524,9,EUR,2018,0.4217,stop_gained,GENE0279
rs106238,5,SAS,2016,0.0621,synonymous,GENE0197
rs613128,12,SAS,2017,0.0176,synonymous,GENE0233
rs192355,17,AMR,2017,0.1376,stop_gained,GENE0299
rs826290,14,AMR,2021,0.0668,stop_gained,GENE0226
rs581602,1,EUR,2022,0.1372,stop_gained,GENE0036
rs741422,3,EUR,2020,0.1121,stop_gained,GENE0114
rs218189,11,EAS,2019,0.0812,synonymous,GENE0202
rs862689,20,AFR,2017,0.4915,synonymous,GENE0184
rs444589,2,EUR,2020,0.0204,synonymous,GENE0128
rs12728,6,EAS,2018,0.0852,missense,GENE0206
rs54378,14,SAS,2022,0.0,synonymous,GENE0140
rs129110,7,EAS,2022,0.0824,stop_gained,GENE0125
rs821548,12,AMR,2022,0.227,intronic,GENE0019
rs546642,11,AFR,2019,0.1679,stop_gained,GENE0276
rs170758,18,AFR,2017,0.0389,stop_gained,GENE0022
rs130988,4,EAS,2020,0.1817,missense,GENE0075
rs86761,19,EAS,2017,0.031,stop_gained,GENE0065
rs917553,X,AFR,2019,0.0451,stop_gained,GENE0192
rs815457,21,EAS,2023,0.0,synonymous,GENE0161
rs545360,13,EAS,2020,0.0,missense,GENE0191
rs564292,11,AFR,2023,0.0584,intronic,GENE0241
rs914520,X,AMR,2016,0.0503,synonymous,GENE0005
rs475300,11,SAS,2020,0.0299,stop_gained,GENE0215
rs259930,22,EAS,2020,0.0139,missense,GENE0262
rs585305,16,AFR,2021,0.0197,stop_gained,GENE0151
rs642522,13,SAS,2015,0.0305,synonymous,GENE0101
rs826349,7,EUR,2023,0.1131,stop_gained,GENE0014
rs794046,9,EAS,2015,0.131,missense,GENE0047
rs432643,10,AFR,2018,0.1531,synonymous,GENE0023
rs247453,21,EAS,2015,0.1129,missense,GENE0124
rs581174,1,SAS,2016,0.0548,intronic,GENE0028
rs119452,7,EUR,2020,0.0158,synonymous,GENE0194
rs646609,13,EUR,2018,0.0217,intronic,GENE0039
rs561644,12,EAS,2017,0.0389,missense,GENE0072
rs71821,9,EUR,2020,0.4096,missense,GENE0259
rs632468,20,EUR,2016,0.0871,intronic,GENE0030
rs912705,9,AFR,2020,0.0288,intronic,GENE0214
rs332936,10,SAS,2020,0.1619,missense,GENE0278
rs900081,3,SAS,2019,0.0574,synonymous,GENE0131
rs653867,11,AMR,2015,0.03,intronic,GENE0231
rs249213,1,EUR,2023,0.1664,synonymous,GENE0098
rs516107,8,AMR,2020,0.4546,intronic,GENE0106
rs584860,5,AMR,2021,0.0476,missense,GENE0221
rs240269,15,AFR,2017,0.2531,intronic,GENE0230
rs471654,17,SAS,2022,0.1517,missense,GENE0261
rs445838,16,EUR,2016,0.003,missense,GENE0004
rs118853,6,EAS,2023,0.1788,missense,GENE0105
rs168872,1,EUR,2021,0.1627,synonymous,GENE0286
rs499238,10,EUR,2017,0.0042,missense,GENE0166
rs127269,1,EUR,2019,0.0518,intronic,GENE0219
rs892897,10,EUR,2021,0.0,stop_gained,GENE0101
rs10812,12,AFR,2016,0.0154,missense,GENE0062
rs318192,6,AFR,2021,0.0,synonymous,GENE0092
rs823112,4,SAS,2018,0.0259,synonymous,GENE0268
rs112709,8,AFR,2017,0.4817,stop_gained,GENE0296
rs43707,6,EUR,2023,0.0111,intronic,GENE0181
rs296422,9,EAS,2017,0.664,intronic,GENE0041
rs656878,18,AFR,2017,0.0383,stop_gained,GENE0026
rs660492,14,SAS,2023,0.0423,missense,GENE0045
rs30874,9,AMR,2023,0.0101,synonymous,GENE0134
rs641920,3,EAS,2022,0.1553,missense,GENE0010
rs238590,X,AFR,2019,0.0478,stop_gained,GENE0282
rs567623,19,EUR,2022,0.0107,intronic,GENE0060
rs158507,2,EUR,2017,0.0638,intronic,GENE0049
rs484484,22,AFR,2021,0.1795,stop_gained,GENE0145
rs105517,17,AMR,2022,0.0335,intronic,GENE0074
rs982235,16,AFR,2022,0.2276,intronic,GENE0158
rs689015,19,SAS,2017,0.0808,missense,GENE0125
rs55280,15,AMR,2023,0.3424,stop_gained,GENE0286
rs337555,1,AMR,2017,0.0463,synonymous,GENE0129
rs712194,14,EAS,2021,0.1589,synonymous,GENE0053
rs301135,19,EUR,2015,0.1258,stop_gained,GENE0271
rs189284,2,EUR,2017,0.0212,synonymous,GENE0054
rs256512,9,AMR,2016,0.4329,missense,GENE0102
rs513627,14,AFR,2020,0.4181,synonymous,GENE0297
rs597221,21,SAS,2016,0.274,intronic,GENE0291
rs698705,6,AMR,2016,0.3606,intronic,GENE0107
rs351727,16,AMR,2019,0.0996,missense,GENE0294
rs701667,12,EUR,2023,0.0628,missense,GENE0177
rs74914,12,EUR,2017,0.0358,stop_gained,GENE0085
rs180383,7,AMR,2021,0.0117,synonymous,GENE0202
rs511704,10,EAS,2022,0.0895,synonymous,GENE0110
rs691212,6,EUR,2019,0.0606,missense,GENE0195
rs401251,2,AMR,2016,0.0453,stop_gained,GENE0156
rs312662,12,SAS,2015,0.0393,missense,GENE0074
rs313546,7,EUR,2019,0.0506,missense,GENE0129
rs940872,X,SAS,2022,0.1471,missense,GENE0074
rs310257,2,SAS,2018,0.1327,synonymous,GENE0050
rs549525,11,AFR,2023,0.0183,synonymous,GENE0298
rs112354,14,SAS,2017,0.3255,stop_gained,GENE0235
rs506531,19,AMR,2021,0.1058,missense,GENE0230
rs775837,20,AMR,2022,0.0375,missense,GENE0103
rs11566,13,SAS,2021,0.0951,missense,GENE0006
rs871526,9,AFR,2023,0.0382,intronic,GENE0081
rs644570,14,SAS,2021,0.0,synonymous,GENE0200
rs751458,8,SAS,2021,0.1015,intronic,GENE0174
rs884722,19,SAS,2020,0.069,synonymous,GENE0171
rs769066,12,EAS,2017,0.1525,synonymous,GENE0161
rs783165,12,SAS,2017,0.2335,missense,GENE0185
rs812539,1,AMR,2019,0.1285,missense,GENE0041
rs28644,1,AFR,2019,0.0594,stop_gained,GENE0274
rs174519,X,EUR,2023,0.0,missense,GENE0170
rs304693,13,EAS,2020,0.0264,missense,GENE0051
rs93856,16,SAS,2019,0.0,synonymous,GENE0140
rs855267,1,SAS,2023,0.0301,synonymous,GENE0203
rs713538,5,AMR,2021,0.0321,intronic,GENE0282
rs140922,4,AMR,2015,0.3793,synonymous,GENE0287
rs15314,22,SAS,2017,0.2941,missense,GENE0265
rs507827,13,AMR,2023,0.099,missense,GENE0243
rs243600,20,EAS,2016,0.0728,synonymous,GENE0197
rs358021,13,EAS,2023,0.0229,intronic,GENE0060
rs131344,18,EAS,2023,0.0524,synonymous,GENE0097
rs859895,1,AFR,2018,0.0602,synonymous,GENE0013
rs558191,22,EUR,2020,0.0466,stop_gained,GENE0133
rs755148,21,SAS,2021,0.0069,stop_gained,GENE0252
rs860249,7,EUR,2021,0.0,stop_gained,GENE0091
rs74734,10,EAS,2022,0.1769,synonymous,GENE0255
rs79277,20,AFR,2020,0.0304,stop_gained,GENE0007
rs320863,13,AFR,2023,0.0,intronic,GENE0080
rs609086,15,SAS,2021,0.0,stop_gained,GENE0181
rs733659,5,AMR,2023,0.0694,stop_gained,GENE0044
rs650859,20,EAS,2016,0.0548,stop_gained,GENE0213
rs992366,22,EAS,2020,0.1844,intronic,GENE0110
rs200258,8,SAS,2019,0.1934,stop_gained,GENE0221
rs525266,7,SAS,2018,0.0937,synonymous,GENE0061
rs784730,4,AMR,2020,0.3232,stop_gained,GENE0069
rs739158,11,SAS,2016,0.0119,missense,GENE0156
rs557327,22,AFR,2023,0.0218,intronic,GENE0133
rs421983,17,AMR,2020,0.0754,synonymous,GENE0183
rs546284,22,AFR,2023,0.3508,stop_gained,GENE0185
rs859069,8,SAS,2016,0.1265,intronic,GENE0117
rs658546,13,EUR,2023,0.0106,intronic,GENE0237
rs671076,18,AFR,2019,0.0337,stop_gained,GENE0087
rs370473,9,SAS,2022,0.0592,synonymous,GENE0198
rs257031,5,EUR,2020,0.0094,synonymous,GENE0082
rs295652,7,AFR,2023,0.0218,missense,GENE0023
rs69341,6,EUR,2018,0.4545,synonymous,GENE0121
rs244431,15,SAS,2021,0.2543,missense,GENE0029
rs607740,9,EAS,2022,0.1205,missense,GENE0047
rs545411,8,EAS,2018,0.0787,intronic,GENE0215
rs735530,1,EAS,2023,0.1783,missense,GENE0264
rs103117,3,EUR,2022,0.0442,intronic,GENE0283
rs573334,19,EAS,2023,0.0576,missense,GENE0100
rs581057,19,EUR,2017,0.2278,synonymous,GENE0292
rs370658,12,EAS,2023,0.0144,missense,GENE0082
rs404737,21,AMR,2017,0.0883,synonymous,GENE0060
rs894080,18,SAS,2018,0.0455,intronic,GENE0087
rs755752,19,AFR,2022,0.0175,synonymous,GENE0218
rs770161,1,EUR,2021,0.0228,missense,GENE0145
rs940249,1,AFR,2015,0.0657,missense,GENE0280
rs789562,13,SAS,2016,0.1358,intronic,GENE0081
rs747166,9,AFR,2020,0.0748,synonymous,GENE0097
rs569364,13,EAS,2018,0.043,synonymous,GENE0203
rs116206,1,AMR,2017,0.1459,synonymous,GENE0025
rs212514,13,AMR,2017,0.0319,missense,GENE0226
rs52239,2,AMR,2022,0.0539,intronic,GENE0284
rs428500,21,SAS,2018,0.0935,intronic,GENE0197
rs525875,5,SAS,2022,0.1933,stop_gained,GENE0229
rs174674,4,EUR,2023,0.0258,missense,GENE0064
rs396015,22,AFR,2015,0.0123,missense,GENE0020
rs227102,22,EAS,2023,0.0303,stop_gained,GENE0013
rs20777,12,EUR,2015,0.0145,synonymous,GENE0030
rs121406,5,AFR,2018,0.0213,synonymous,GENE0268
rs196422,5,SAS,2017,0.208,synonymous,GENE0156
rs676186,21,AFR,2018,0.1425,stop_gained,GENE0215
rs602612,2,EUR,2021,0.192,stop_gained,GENE0186
rs356684,7,EUR,2019,0.0468,missense,GENE0213
rs873430,17,SAS,2016,0.0184,synonymous,GENE0147
rs117656,10,AMR,2020,0.0788,stop_gained,GENE0107
rs747673,17,SAS,2022,0.2124,missense,GENE0064
rs444089,X,AFR,2019,0.13,intronic,GENE0193
rs159732,21,AFR,2023,0.2626,missense,GENE0004
rs677611,2,AFR,2022,0.0737,synonymous,GENE0100
rs305586,6,EAS,2016,0.3559,stop_gained,GENE0023
rs386163,15,EUR,2022,0.0119,intronic,GENE0046
rs302495,4,AMR,2020,0.402,intronic,GENE0052
rs185860,17,EUR,2019,0.0442,missense,GENE0116
rs978496,15,EAS,2022,0.0077,missense,GENE0298
rs517418,2,AMR,2023,0.0119,intronic,GENE0098
rs896343,10,EUR,2021,0.1846,intronic,GENE0144
rs745414,12,EAS,2015,0.3639,missense,GENE0074
rs833472,6,AMR,2018,0.0539,intronic,GENE0209
rs978695,10,AFR,2016,0.1121,stop_gained,GENE0177
rs433738,8,SAS,2015,0.1162,intronic,GENE0186
rs29530,11,SAS,2020,0.0411,synonymous,GENE0166
rs868155,1,AFR,2023,0.0458,missense,GENE0080
rs606763,11,AFR,2016,0.121,synonymous,GENE0245
rs700180,20,SAS,2020,0.1099,intronic,GENE0075
rs462610,12,SAS,2016,0.0254,synonymous,GENE0257
rs878819,3,EAS,2021,0.1938,missense,GENE0266
rs241762,22,EAS,2022,0.0312,missense,GENE0148
rs825699,12,AMR,2017,0.144,synonymous,GENE0171
rs10778,18,AMR,2022,0.0685,stop_gained,GENE0251
rs336020,15,EAS,2018,0.0543,missense,GENE0073
rs746162,12,EAS,2018,0.0336,intronic,GENE0272
rs184104,3,AMR,2023,0.1188,stop_gained,GENE0124
rs780356,10,SAS,2015,0.0745,synonymous,GENE0169
rs609206,12,SAS,2020,0.1444,stop_gained,GENE0284
rs39982,22,AFR,2016,0.1206,missense,GENE0072
rs87118,18,SAS,2016,0.1402,stop_gained,GENE0081
rs420833,14,EUR,2021,0.4344,intronic,GENE0238
rs872220,5,EAS,2021,0.5405,missense,GENE0158
rs462202,4,AFR,2017,0.0,synonymous,GENE0154
rs572937,19,AFR,2015,0.0689,stop_gained,GENE0257
rs484701,3,EAS,2015,0.3088,intronic,GENE0014
rs93701,8,SAS,2019,0.118,missense,GENE0208
rs411204,10,EAS,2018,0.0084,stop_gained,GENE0206
rs783699,21,AFR,2019,0.1417,synonymous,GENE0130
rs291194,7,AFR,2015,0.0,intronic,GENE0192
rs210012,5,AMR,2018,0.0978,intronic,GENE0101
rs760297,X,EAS,2023,0.0315,missense,GENE0155
rs138514,1,EUR,2015,0.0,missense,GENE0014
rs118899,5,AMR,2017,0.0051,intronic,GENE0248
rs12417,1,AFR,2016,0.1376,stop_gained,GENE0113
rs814403,6,EUR,2016,0.0247,stop_gained,GENE0103
rs956634,19,AMR,2015,0.0,synonymous,GENE0260
rs935425,16,SAS,2021,0.1985,missense,GENE0087
rs383855,4,EUR,2015,0.1091,synonymous,GENE0091
rs933966,20,EAS,2020,0.0974,stop_gained,GENE0071
rs449143,12,EAS,2016,0.0295,intronic,GENE0175
rs240379,17,AFR,2019,0.2298,missense,GENE0291
rs808587,17,AFR,2023,0.0891,missense,GENE0132
rs854194,6,SAS,2019,0.0517,intronic,GENE0130
rs490800,16,AMR,2019,0.1594,intronic,GENE0080
rs239967,20,AMR,2015,0.1779,intronic,GENE0139
rs80671,11,EAS,2017,0.1178,missense,GENE0275
rs404123,2,AFR,2022,0.1126,stop_gained,GENE0175
rs81774,18,EUR,2021,0.097,intronic,GENE0249
rs955399,14,SAS,2020,0.065,intronic,GENE0153
rs634174,20,AFR,2023,0.7019,synonymous,GENE0258
rs375121,X,AFR,2018,0.0902,missense,GENE0280
rs312137,16,AFR,2019,0.039,missense,GENE0049
rs311736,16,EAS,2021,0.0947,missense,GENE0157
rs198378,5,AMR,2020,0.0529,synonymous,GENE0170
rs845439,9,AFR,2018,0.247,synonymous,GENE0104
rs180509,13,AFR,2023,0.0372,synonymous,GENE0215
rs536870,21,AMR,2017,0.0234,synonymous,GENE0149
rs675910,6,AFR,2018,0.0521,synonymous,GENE0003
rs838909,8,EUR,2023,0.0434,missense,GENE0209
rs996799,1,AMR,2017,0.0323,intronic,GENE0167
rs398446,13,EAS,2015,0.1094,synonymous,GENE0145
rs905416,22,EAS,2019,0.0203,missense,GENE0160
rs784073,10,AFR,2016,0.0324,intronic,GENE0019
rs510055,19,AMR,2019,0.1975,intronic,GENE0061
rs503923,6,AFR,2017,0.1647,stop_gained,GENE0202
rs82342,9,SAS,2021,0.0,stop_gained,GENE0067
rs451658,8,EAS,2021,0.0069,missense,GENE0208
rs333134,1,EAS,2021,0.0476,stop_gained,GENE0285
rs905705,20,AFR,2020,0.0538,synonymous,GENE0105
rs300118,12,EAS,2015,0.0127,missense,GENE0250
rs947975,5,SAS,2019,0.0417,intronic,GENE0267
rs170618,2,EAS,2020,0.0793,stop_gained,GENE0093
rs477762,18,EAS,2023,0.1286,missense,GENE0184
rs93307,15,EUR,2022,0.0458,stop_gained,GENE0051
rs574179,18,EUR,2016,0.1105,synonymous,GENE0007
rs621553,22,AMR,2018,0.1928,missense,GENE0274
rs387314,9,EUR,2017,0.0432,intronic,GENE0002
rs424652,12,AMR,2019,0.0238,synonymous,GENE0297
rs286918,2,AMR,2023,0.0444,intronic,GENE0272
rs621202,9,SAS,2023,0.0869,missense,GENE0126
rs632634,15,SAS,2022,0.0,intronic,GENE0002
rs680517,21,AMR,2022,0.0924,missense,GENE0096
rs588729,6,AMR,2015,0.1162,synonymous,GENE0164
rs189303,5,EUR,2018,0.0759,stop_gained,GENE0245
rs570481,12,EAS,2019,0.211,missense,GENE0164
rs927782,14,EAS,2021,0.0286,intronic,GENE0295
rs385402,12,AFR,2020,0.0,missense,GENE0187
rs859290,22,SAS,2015,0.1177,synonymous,GENE0086
rs729092,4,EUR,2021,0.0374,intronic,GENE0107
rs669130,19,AMR,2018,0.0,intronic,GENE0047
rs714680,14,EUR,2021,0.1774,intronic,GENE0116
rs215310,12,EAS,2022,0.0506,stop_gained,GENE0060
rs853378,14,AMR,2015,0.0626,intronic,GENE0113
rs86310,15,EUR,2018,0.3408,synonymous,GENE0175
rs875607,7,AFR,2023,0.0412,stop_gained,GENE0112
rs625101,20,SAS,2022,0.2407,intronic,GENE0034
rs73109,18,AMR,2019,0.0289,missense,GENE0146
rs944943,15,EUR,2021,0.0543,intronic,GENE0045
rs655509,17,SAS,2020,0.0391,synonymous,GENE0134
rs541026,13,AMR,2023,0.2566,synonymous,GENE0117
rs13897,X,AMR,2016,0.0424,stop_gained,GENE0293
rs777323,10,EUR,2018,0.4157,missense,GENE0088
rs260873,21,AMR,2021,0.0,synonymous,GENE0220
rs617403,19,AMR,2023,0.0,missense,GENE0181
rs86127,X,AFR,2020,0.4301,missense,GENE0209
rs789872,3,EUR,2020,0.0484,synonymous,GENE0137
rs164432,14,EAS,2018,0.2243,intronic,GENE0120
rs934677,13,EUR,2016,0.0642,missense,GENE0113
rs579710,X,EAS,2022,0.354,intronic,GENE0048
rs670706,13,AMR,2020,0.1023,intronic,GENE0234
rs421035,21,SAS,2022,0.0,stop_gained,GENE0297
rs660027,17,AFR,2022,0.4417,intronic,GENE0293
rs314012,4,AMR,2020,0.4669,missense,GENE0043
rs977187,14,AFR,2019,0.0191,missense,GENE0273
rs742703,7,SAS,2019,0.2062,intronic,GENE0158
rs102764,16,EUR,2015,0.0643,stop_gained,GENE0220
rs837474,2,AMR,2019,0.0772,synonymous,GENE0262
rs972195,6,AMR,2019,0.0336,synonymous,GENE0260
rs356275,15,AFR,2015,0.5753,synonymous,GENE0109
rs120029,19,AFR,2021,0.0991,intronic,GENE0293
rs257787,13,SAS,2020,0.0349,synonymous,GENE0146
rs83144,7,EAS,2016,0.0074,synonymous,GENE0014
rs982688,11,EAS,2022,0.4129,stop_gained,GENE0067
rs912353,6,AFR,2023,0.1594,intronic,GENE0098
rs401608,6,AMR,2021,0.066,synonymous,GENE0238
rs852034,18,EAS,2015,0.0121,missense,GENE0243
rs998523,20,AFR,2016,0.0562,stop_gained,GENE0244
rs734909,12,EUR,2019,0.0,missense,GENE0204
rs266238,10,AMR,2016,0.0909,synonymous,GENE0205
rs231934,15,AFR,2023,0.1851,stop_gained,GENE0082
rs14124,19,EAS,2019,0.2507,synonymous,GENE0241
rs405812,8,AMR,2015,0.129,synonymous,GENE0028
rs677152,17,SAS,2017,0.0215,missense,GENE0267
rs409751,16,AFR,2023,0.295,missense,GENE0249
rs787573,17,AMR,2018,0.0742,stop_gained,GENE0179
rs237995,21,AMR,2021,0.0045,synonymous,GENE0085
rs901199,8,SAS,2018,0.1679,missense,GENE0274
rs879755,19,AMR,2018,0.0683,synonymous,GENE0098
rs604374,11,EAS,2016,0.0699,stop_gained,GENE0194
rs140462,X,SAS,2015,0.2934,intronic,GENE0035
rs53033,5,AMR,2021,0.0102,missense,GENE0057
rs873487,1,AMR,2022,0.2128,missense,GENE0195
rs950857,14,EUR,2023,0.0365,synonymous,GENE0257
rs128660,5,SAS,2021,0.027,stop_gained,GENE0181
rs902434,16,AMR,2018,0.0,intronic,GENE0101
rs162954,17,SAS,2015,0.0112,stop_gained,GENE0240
rs875128,22,AFR,2016,0.0832,intronic,GENE0294
rs436814,2,AFR,2019,0.0204,intronic,GENE0105
rs279397,18,AMR,2020,0.0263,stop_gained,GENE0191
rs675087,17,AMR,2015,0.0407,missense,GENE0134
rs650025,12,EUR,2020,0.0,missense,GENE0049
rs892889,20,AFR,2022,0.0006,missense,GENE0255
rs228806,5,AFR,2020,0.0718,missense,GENE0204
rs854355,19,SAS,2016,0.0517,stop_gained,GENE0100
rs918251,13,EAS,2022,0.0147,stop_gained,GENE0023
rs95272,2,EUR,2016,0.1221,missense,GENE0131
rs437913,9,EUR,2020,0.0637,stop_gained,GENE0228
rs767557,11,AMR,2015,0.0558,synonymous,GENE0076
rs4376,X,AFR,2015,0.2213,intronic,GENE0208
rs131332,3,SAS,2019,0.0495,synonymous,GENE0079
rs376636,17,EAS,2020,0.1654,intronic,GENE0279
rs79204,2,EUR,2022,0.1835,intronic,GENE0039
rs743647,14,EUR,2020,0.0899,intronic,GENE0294
rs148864,16,EUR,2015,0.0252,intronic,GENE0185
rs642361,16,AMR,2019,0.0417,synonymous,GENE0197
rs732432,7,EUR,2016,0.0672,missense,GENE0019
rs787096,8,AFR,2015,0.0319,synonymous,GENE0284
rs649336,12,AFR,2019,0.0361,intronic,GENE0018
rs256233,18,SAS,2019,0.4433,missense,GENE0087
rs483543,9,AMR,2016,0.2274,intronic,GENE0032
rs730203,6,EAS,2018,0.1299,missense,GENE0141
rs81843,7,AFR,2015,0.0137,intronic,GENE0124
rs978617,7,EAS,2020,0.049,intronic,GENE0005
rs891732,4,EUR,2023,0.0375,stop_gained,GENE0283
rs10085,7,SAS,2021,0.0708,stop_gained,GENE0250
rs5170,X,EAS,2019,0.0702,stop_gained,GENE0264
rs599112,5,AFR,2020,0.4075,stop_gained,GENE0245
rs932366,6,AMR,2021,0.1574,missense,GENE0212
rs573197,4,AMR,2018,0.1987,synonymous,GENE0071
rs30982,14,EAS,2015,0.0927,intronic,GENE0220
rs824684,3,AFR,2022,0.0413,synonymous,GENE0156
rs812128,18,AMR,2020,0.0154,synonymous,GENE0117
rs373977,2,AMR,2020,0.1121,intronic,GENE0135
rs381387,X,AFR,2020,0.0487,missense,GENE0138
rs76765,22,EUR,2022,0.0233,stop_gained,GENE0137
rs639963,17,SAS,2017,0.2622,missense,GENE0259
rs168918,X,EAS,2021,0.1172,intronic,GENE0293
rs192876,5,EAS,2015,0.0012,synonymous,GENE0153
rs297233,11,AFR,2020,0.1221,stop_gained,GENE0289
rs79047,4,EUR,2019,0.334,intronic,GENE0136
rs869870,15,EUR,2019,0.0784,stop_gained,GENE0006
rs185265,14,EUR,2023,0.3249,missense,GENE0207
rs638402,15,SAS,2022,0.3517,stop_gained,GENE0019
rs46132,9,AMR,2016,0.0318,intronic,GENE0255
rs527312,15,SAS,2018,0.0397,synonymous,GENE0211
rs566852,4,EAS,2021,0.0311,synonymous,GENE0224
rs725846,5,EAS,2019,0.137,synonymous,GENE0110
rs667966,16,EUR,2016,0.1463,missense,GENE0149
rs630164,21,EAS,2019,0.0717,intronic,GENE0178
rs42053,20,EAS,2023,0.0794,intronic,GENE0278
rs332007,3,EAS,2019,0.2806,missense,GENE0114
rs341242,18,EAS,2017,0.0726,intronic,GENE0109
rs340584,3,SAS,2021,0.1307,intronic,GENE0118
rs781183,2,EAS,2022,0.1381,intronic,GENE0235
rs458299,8,EAS,2023,0.1021,missense,GENE0137
rs803131,21,EUR,2022,0.0418,stop_gained,GENE0299
rs859671,17,AMR,2016,0.0307,intronic,GENE0031
rs236620,7,AFR,2017,0.056,missense,GENE0250
rs620889,21,AFR,2017,0.1154,synonymous,GENE0061
rs313541,3,AMR,2022,0.0417,stop_gained,GENE0112
rs548524,7,AMR,2017,0.067,synonymous,GENE0278
rs747859,4,SAS,2021,0.0183,synonymous,GENE0159
rs458059,X,AMR,2019,0.031,intronic,GENE0153
rs506704,1,AFR,2016,0.2841,intronic,GENE0258
rs184710,6,SAS,2022,0.1964,synonymous,GENE0211
rs477294,8,EUR,2022,0.0026,missense,GENE0234
rs540976,16,SAS,2017,0.0468,stop_gained,GENE0243
rs24631,22,AFR,2020,0.0249,intronic,GENE0013
rs691635,13,AMR,2022,0.01,intronic,GENE0229
rs301117,5,EUR,2021,0.0996,stop_gained,GENE0117
rs949319,3,AMR,2021,0.0159,stop_gained,GENE0279
rs294763,2,AMR,2019,0.0705,missense,GENE0131
rs510376,21,EUR,2018,0.069,stop_gained,GENE0107
rs225289,22,AMR,2020,0.0255,missense,GENE0165
rs889166,15,EUR,2022,0.0593,synonymous,GENE0250
rs680186,10,AMR,2021,0.0313,missense,GENE0106
rs365454,16,SAS,2017,0.1098,synonymous,GENE0109
rs55224,19,AFR,2020,0.1663,intronic,GENE0262
rs165257,20,SAS,2018,0.0862,intronic,GENE0272
rs403110,17,EAS,2020,0.0621,stop_gained,GENE0045
rs538514,9,AFR,2023,0.1918,synonymous,GENE0090
rs419534,9,SAS,2023,0.0555,missense,GENE0154
rs811099,7,EAS,2017,0.2415,missense,GENE0227
rs666320,4,EUR,2019,0.2547,intronic,GENE0123
rs875777,22,AFR,2021,0.0098,intronic,GENE0271
rs984856,16,EUR,2020,0.0647,intronic,GENE0254
rs850202,9,AMR,2019,0.0684,missense,GENE0263
rs850675,8,EUR,2015,0.0763,stop_gained,GENE0171
rs713640,19,EUR,2017,0.0136,missense,GENE0021
rs768617,22,EUR,2018,0.0466,synonymous,GENE0069
rs938702,18,EUR,2015,0.0099,stop_gained,GENE0098
rs350490,4,EUR,2023,0.069,synonymous,GENE0195
rs83783,19,AMR,2021,0.0431,stop_gained,GENE0086
rs69296,10,AFR,2018,0.0493,synonymous,GENE0208
rs955607,X,SAS,2020,0.1169,intronic,GENE0278
rs736749,3,AMR,2023,0.0167,intronic,GENE0062
rs110304,9,SAS,2022,0.0666,missense,GENE0209
rs490978,17,AFR,2020,0.0197,intronic,GENE0256
rs287354,3,AFR,2022,0.0473,missense,GENE0126
rs101401,11,EAS,2019,0.1448,intronic,GENE0137
rs749105,18,AMR,2021,0.0044,missense,GENE0088
rs663585,1,SAS,2015,0.0862,intronic,GENE0189
rs432369,13,AMR,2018,0.0335,intronic,GENE0183
rs797496,12,SAS,2022,0.1334,synonymous,GENE0006
rs629140,15,AMR,2017,0.0588,synonymous,GENE0277
rs329667,6,EAS,2016,0.0611,missense,GENE0210
rs10710,20,AFR,2016,0.0469,intronic,GENE0215
rs289518,15,SAS,2023,0.0615,synonymous,GENE0213
rs141100,11,EAS,2016,0.0555,missense,GENE0218
rs931709,12,AMR,2021,0.0448,stop_gained,GENE0298
rs846344,8,SAS,2015,0.0182,stop_gained,GENE0202
rs622306,9,SAS,2023,0.0145,stop_gained,GENE0070
rs505912,10,EUR,2017,0.442,intronic,GENE0104
rs606366,X,EAS,2022,0.0,intronic,GENE0080
rs588367,13,AMR,2019,0.2141,stop_gained,GENE0151
rs469689,4,EUR,2023,0.4906,stop_gained,GENE0260
rs867753,14,EAS,2018,0.016,missense,GENE0205
rs33516,6,AFR,2020,0.0106,synonymous,GENE0039
rs688227,20,AMR,2021,0.194,missense,GENE0230
rs480234,19,EUR,2023,0.0611,intronic,GENE0059
rs487894,6,AFR,2021,0.0436,intronic,GENE0218
rs103130,14,AFR,2015,0.1038,intronic,GENE0182
rs789247,6,SAS,2023,0.0483,missense,GENE0119
rs450735,10,EAS,2018,0.0895,synonymous,GENE0085
rs238359,5,EUR,2019,0.3518,intronic,GENE0065
rs955443,7,EUR,2015,0.0051,stop_gained,GENE0121
rs582430,8,EAS,2015,0.0,stop_gained,GENE0181
rs201570,10,AMR,2015,0.5797,synonymous,GENE0066
rs267836,20,SAS,2022,0.0257,intronic,GENE0142
rs202119,17,AFR,2021,0.0377,intronic,GENE0075
rs860634,16,EUR,2018,0.1085,stop_gained,GENE0197
rs168738,15,AMR,2018,0.0214,stop_gained,GENE0244
rs515827,8,SAS,2015,0.0429,missense,GENE0276
rs240897,21,AFR,2019,0.4915,missense,GENE0253
rs233708,1,SAS,2018,0.0184,stop_gained,GENE0149
rs660309,21,SAS,2021,0.0647,missense,GENE0077
rs720154,15,EAS,2018,0.1628,synonymous,GENE0119
rs657660,6,EAS,2023,0.171,stop_gained,GENE0043
rs683193,5,SAS,2015,0.3298,intronic,GENE0265
rs254651,11,EAS,2015,0.079,intronic,GENE0086
rs363046,8,AFR,2016,0.0894,stop_gained,GENE0141
rs694141,15,EUR,2021,0.1271,missense,GENE0081
rs27004,8,EAS,2018,0.0579,stop_gained,GENE0152
rs250270,7,AMR,2016,0.1396,stop_gained,GENE0029
rs750153,21,EUR,2017,0.1018,missense,GENE0235
rs12463,1,SAS,2019,0.0255,synonymous,GENE0097
rs663351,13,SAS,2021,0.2501,intronic,GENE0189
rs809814,20,EAS,2021,0.0668,stop_gained,GENE0122
rs332236,1,AMR,2021,0.0672,stop_gained,GENE0040
rs898287,8,SAS,2021,0.3056,stop_gained,GENE0206
rs657272,2,AMR,2023,0.0539,missense,GENE0004
rs761675,10,EAS,2018,0.047,synonymous,GENE0048
rs109502,12,EUR,2018,0.3738,missense,GENE0272
rs997181,13,AMR,2021,0.0808,intronic,GENE0101
rs195899,7,EAS,2022,0.0473,synonymous,GENE0268
rs457714,14,EAS,2023,0.1137,intronic,GENE0164
rs300515,16,EAS,2021,0.1878,intronic,GENE0148
rs836248,18,EUR,2016,0.0313,missense,GENE0003
rs51994,20,EUR,2020,0.025,intronic,GENE0052
rs496339,6,AMR,2018,0.0541,stop_gained,GENE0195
rs954018,5,EUR,2015,0.043,synonymous,GENE0270
rs131257,15,SAS,2021,0.044,intronic,GENE0189
rs232816,16,EUR,2016,0.0545,stop_gained,GENE0231
rs285162,1,EUR,2016,0.1952,stop_gained,GENE0123
rs126959,9,AMR,2015,0.294,stop_gained,GENE0239
rs448519,8,SAS,2015,0.2144,synonymous,GENE0068
rs868333,19,AFR,2017,0.013,intronic,GENE0277
rs699463,9,EAS,2015,0.8942,missense,GENE0276
rs557877,12,EAS,2017,0.0375,missense,GENE0012
rs714753,14,AFR,2016,0.2136,intronic,GENE0185
rs728365,16,EUR,2015,0.0,synonymous,GENE0076
rs348083,10,EAS,2018,0.2664,missense,GENE0025
rs28868,6,EAS,2018,0.0232,synonymous,GENE0122
rs643663,X,AMR,2015,0.3328,missense,GENE0067
rs406744,15,AMR,2020,0.1402,stop_gained,GENE0040
rs202666,22,AMR,2018,0.1238,missense,GENE0203
rs13930,16,EAS,2020,0.048,synonymous,GENE0242
rs740339,11,AFR,2015,0.0135,missense,GENE0229
rs611465,X,SAS,2023,0.0217,intronic,GENE0180
rs252705,15,EAS,2021,0.1625,stop_gained,GENE0187
rs146935,4,EUR,2015,0.0279,missense,GENE0196
rs637003,17,EUR,2018,0.3234,missense,GENE0247
rs17123,3,EUR,2023,0.4369,stop_gained,GENE0192
rs457870,19,SAS,2022,0.0018,synonymous,GENE0193
rs172151,2,AFR,2021,0.3746,missense,GENE0146
rs353948,5,AFR,2015,0.0713,intronic,GENE0264
rs254423,17,EUR,2016,0.4451,intronic,GENE0174
rs594395,16,SAS,2016,0.0796,synonymous,GENE0208
rs281316,19,AFR,2016,0.0956,intronic,GENE0132
rs998182,6,EAS,2020,0.2587,stop_gained,GENE0118
rs702878,20,AFR,2023,0.0471,intronic,GENE0158
rs413428,15,AFR,2018,0.0487,stop_gained,GENE0082
rs51428,10,EAS,2018,0.0,stop_gained,GENE0179
rs416017,22,EAS,2021,0.0936,synonymous,GENE0235
rs493992,10,SAS,2022,0.0448,intronic,GENE0029
rs289010,X,EAS,2021,0.0232,stop_gained,GENE0168
rs486133,19,EUR,2019,0.226,stop_gained,GENE0196
rs971635,1,SAS,2015,0.0768,stop_gained,GENE0027
rs922324,14,EAS,2023,0.0581,intronic,GENE0003
rs834008,14,EAS,2022,0.1318,missense,GENE0091
rs12651,11,EUR,2022,0.0155,synonymous,GENE0083
rs972214,9,SAS,2016,0.0524,intronic,GENE0067
rs964709,9,SAS,2023,0.0408,synonymous,GENE0227
rs594900,14,AMR,2017,0.0684,intronic,GENE0174
rs760883,19,EAS,2020,0.0148,intronic,GENE0220
rs431442,6,EAS,2016,0.6333,missense,GENE0181
rs827655,20,AMR,2017,0.1026,missense,GENE0081
rs860144,16,AFR,2019,0.0188,stop_gained,GENE0233
rs895346,13,EUR,2015,0.0412,missense,GENE0047
rs385891,1,AFR,2016,0.0127,intronic,GENE0175
rs918877,5,SAS,2016,0.3,intronic,GENE0263
rs743379,8,EUR,2017,0.021,intronic,GENE0099
rs874109,6,EUR,2022,0.2102,stop_gained,GENE0190
rs928222,12,SAS,2018,0.0,stop_gained,GENE0245
rs320402,4,EUR,2016,0.1332,stop_gained,GENE0249
rs437935,X,AFR,2022,0.5566,stop_gained,GENE0209
rs824333,7,EAS,2016,0.1752,intronic,GENE0148
rs377442,9,EUR,2021,0.0707,missense,GENE0211
rs174848,6,EAS,2019,0.0215,stop_gained,GENE0054
rs619943,7,AFR,2019,0.062,stop_gained,GENE0068
rs319409,22,EAS,2015,0.0182,missense,GENE0057
rs512103,14,EUR,2020,0.0,missense,GENE0244
rs807117,3,EAS,2020,0.0,synonymous,GENE0242
rs524162,11,AFR,2022,0.0527,stop_gained,GENE0038
rs271096,18,EUR,2015,0.2418,missense,GENE0122
rs475758,19,SAS,2021,0.1426,missense,GENE0055
rs620900,10,AMR,2016,0.2155,missense,GENE0165
rs769047,2,AFR,2015,0.0022,missense,GENE0187
rs338113,13,EAS,2021,0.1285,stop_gained,GENE0031
rs368831,6,EUR,2022,0.0,synonymous,GENE0062
rs602750,9,AMR,2019,0.0031,synonymous,GENE0118
rs867615,5,SAS,2017,0.0174,intronic,GENE0295
rs863737,17,AFR,2015,0.0178,synonymous,GENE0016
rs275364,18,AMR,2021,0.0032,synonymous,GENE0299
rs928390,15,EAS,2022,0.0666,stop_gained,GENE0172
rs194520,20,AMR,2017,0.1983,missense,GENE0169
rs383483,17,EUR,2018,0.0472,intronic,GENE0099
rs586055,13,EAS,2020,0.3462,synonymous,GENE0184
rs80654,10,EAS,2021,0.2782,intronic,GENE0113
rs50669,4,EUR,2017,0.0,synonymous,GENE0181
rs690926,16,SAS,2023,0.0,synonymous,GENE0092
rs787162,13,AMR,2022,0.0615,stop_gained,GENE0090
rs542115,13,AMR,2016,0.3011,stop_gained,GENE0201
rs253838,18,SAS,2022,0.1533,missense,GENE0146
rs345582,20,AMR,2020,0.639,missense,GENE0165
rs540973,16,EAS,2019,0.4262,stop_gained,GENE0011
rs735601,21,AFR,2020,0.1566,stop_gained,GENE0242
rs886367,22,EAS,2021,0.0874,stop_gained,GENE0162
rs309360,15,EAS,2018,0.0,missense,GENE0018
rs808620,5,AFR,2022,0.1012,intronic,GENE0136
rs866868,15,SAS,2023,0.0707,intronic,GENE0010
rs188548,18,EUR,2022,0.0407,intronic,GENE0093
rs649068,16,AMR,2016,0.3127,missense,GENE0191
rs549788,13,EUR,2016,0.1578,synonymous,GENE0241
rs562860,20,AMR,2019,0.1074,stop_gained,GENE0162
rs587966,7,EAS,2020,0.0,synonymous,GENE0107
rs609964,6,EAS,2017,0.0823,intronic,GENE0144
rs89134,7,AFR,2021,0.2295,stop_gained,GENE0007
rs313461,6,AFR,2015,0.0631,missense,GENE0224
rs627633,7,AMR,2018,0.0238,intronic,GENE0173
rs438458,8,AFR,2017,0.0156,synonymous,GENE0242
rs196546,19,EUR,2017,0.0383,missense,GENE0248
rs448677,7,AFR,2015,0.1019,synonymous,GENE0271
rs775429,21,EUR,2019,0.0457,synonymous,GENE0112
rs38945,1,AFR,2019,0.0457,stop_gained,GENE0143
rs146072,14,AFR,2020,0.0565,stop_gained,GENE0075
rs962061,5,AFR,2023,0.0194,stop_gained,GENE0046
rs526023,19,AFR,2020,0.1891,synonymous,GENE0152
rs441454,4,AMR,2021,0.0,missense,GENE0151
rs872190,8,SAS,2022,0.0255,stop_gained,GENE0257
rs34007,9,AMR,2021,0.0,synonymous,GENE0176
rs754558,15,AFR,2018,0.3431,intronic,GENE0141
rs853723,2,EAS,2023,0.0551,missense,GENE0264
rs649399,21,AMR,2019,0.0476,synonymous,GENE0256
rs87182,15,EAS,2016,0.0631,synonymous,GENE0273
rs653796,9,EUR,2017,0.3114,stop_gained,GENE0134
rs915271,X,AFR,2023,0.0063,stop_gained,GENE0098
rs925601,10,EUR,2023,0.1539,missense,GENE0161
rs955852,14,EAS,2015,0.0275,stop_gained,GENE0154
rs387635,18,EUR,2019,0.0259,missense,GENE0189
rs872519,22,EAS,2019,0.2219,stop_gained,GENE0105
rs995337,11,SAS,2022,0.0347,intronic,GENE0161
rs265323,X,EUR,2022,0.3021,stop_gained,GENE0213
rs521570,22,EUR,2020,0.1711,intronic,GENE0298
rs622678,8,AFR,2022,0.0459,synonymous,GENE0074
rs5774,4,AFR,2023,0.0297,stop_gained,GENE0151
rs71897,X,AMR,2017,0.1022,missense,GENE0127
rs93099,3,AFR,2020,0.0345,intronic,GENE0098
rs140573,13,AFR,2019,0.0595,synonymous,GENE0059
rs142051,22,EUR,2021,0.0118,stop_gained,GENE0243
rs38815,13,EAS,2017,0.2677,missense,GENE0190
rs729476,10,SAS,2017,0.1183,synonymous,GENE0233
rs487955,X,EUR,2021,0.1534,missense,GENE0125
rs857258,14,AFR,2015,0.0296,intronic,GENE0298
rs487209,8,EAS,2015,0.0472,missense,GENE0012
rs285837,16,EAS,2021,0.0947,stop_gained,GENE0260
rs265583,7,EAS,2016,0.0123,intronic,GENE0138
rs396797,20,SAS,2015,0.0307,synonymous,GENE0007
rs631691,9,AMR,2018,0.116,stop_gained,GENE0140
rs161295,21,EAS,2020,0.1726,synonymous,GENE0171
rs825301,9,AMR,2018,0.0,missense,GENE0030
rs185357,9,AMR,2017,0.0862,missense,GENE0015
rs353925,22,EAS,2015,0.1579,stop_gained,GENE0180
rs278102,10,EAS,2015,0.096,missense,GENE0213
rs781501,1,AFR,2021,0.0,intronic,GENE0119
rs380044,21,EUR,2017,0.0375,missense,GENE0028
rs241862,13,SAS,2022,0.3387,stop_gained,GENE0160
rs672999,4,EUR,2021,0.1092,synonymous,GENE0059
rs167048,17,SAS,2017,0.0103,missense,GENE0149
rs837074,15,EAS,2017,0.0532,intronic,GENE0041
rs171980,3,SAS,2023,0.1327,missense,GENE0090
rs845824,22,SAS,2020,0.0,missense,GENE0087
rs407684,6,AMR,2017,0.1135,synonymous,GENE0183
rs104095,X,SAS,2019,0.0428,stop_gained,GENE0197
rs469852,11,EAS,2015,0.0587,synonymous,GENE0283
rs103044,2,AMR,2023,0.0272,missense,GENE0283
rs224160,9,EAS,2018,0.0,missense,GENE0025
rs24029,6,EAS,2020,0.0604,intronic,GENE0249
rs590041,X,EAS,2022,0.0901,intronic,GENE0214
rs793422,11,SAS,2023,0.0089,missense,GENE0012
rs230881,10,AFR,2018,0.1816,intronic,GENE0033
rs406071,9,SAS,2020,0.0,stop_gained,GENE0088
rs8233,4,EAS,2016,0.0033,stop_gained,GENE0264
rs171872,10,EUR,2018,0.1289,intronic,GENE0067
rs386111,16,EUR,2020,0.1015,synonymous,GENE0073
rs816846,19,EUR,2017,0.0408,missense,GENE0115
rs926267,6,SAS,2017,0.0417,stop_gained,GENE0168
rs226461,7,AFR,2021,0.061,synonymous,GENE0111
rs640894,5,EUR,2015,0.0449,stop_gained,GENE0030
rs737594,10,EUR,2016,0.273,missense,GENE0251
rs794499,14,EUR,2019,0.0332,stop_gained,GENE0202
rs544799,1,SAS,2020,0.0505,missense,GENE0064
rs392997,22,EAS,2020,0.0317,stop_gained,GENE0274
rs502259,19,EUR,2020,0.002,synonymous,GENE0280
rs826413,12,EAS,2017,0.4776,intronic,GENE0278
rs78756,17,EAS,2022,0.0513,intronic,GENE0200
rs143141,8,EAS,2019,0.0,synonymous,GENE0190
rs593030,3,AFR,2023,0.1243,intronic,GENE0023
rs235295,10,EUR,2017,0.3107,stop_gained,GENE0056
rs535626,4,SAS,2022,0.0426,synonymous,GENE0225
rs183212,X,AFR,2015,0.0481,synonymous,GENE0123
rs438482,22,SAS,2019,0.0686,synonymous,GENE0062
rs250209,19,SAS,2019,0.2814,stop_gained,GENE0096
rs866188,4,AFR,2017,0.0793,intronic,GENE0159
rs736074,X,SAS,2016,0.0749,synonymous,GENE0222
rs23707,8,AMR,2019,0.1997,stop_gained,GENE0242
rs258967,1,AMR,2016,0.0,synonymous,GENE0087
rs762729,3,EUR,2015,0.0757,stop_gained,GENE0252
rs746205,7,AMR,2016,0.1217,synonymous,GENE0112
rs815969,12,SAS,2015,0.0215,intronic,GENE0074
rs44433,11,SAS,2019,0.0299,synonymous,GENE0033
rs66003,1,AMR,2015,0.0462,stop_gained,GENE0058
rs292840,19,EAS,2021,0.0278,synonymous,GENE0063
rs958889,17,AFR,2017,0.3872,intronic,GENE0200
rs308240,3,SAS,2021,0.1784,stop_gained,GENE0252
rs291316,3,SAS,2023,0.2062,stop_gained,GENE0007
rs265094,19,EAS,2015,0.1963,synonymous,GENE0230
rs124645,16,SAS,2019,0.318,intronic,GENE0102
rs738423,12,AFR,2016,0.1456,stop_gained,GENE0148
rs720615,18,AMR,2023,0.02,synonymous,GENE0010
rs731008,16,AFR,2019,0.0467,intronic,GENE0234
rs158381,X,AMR,2017,0.1582,missense,GENE0075
rs587913,4,EAS,2018,0.1492,intronic,GENE0298
rs419350,10,AMR,2015,0.1698,intronic,GENE0263
rs956331,11,AFR,2022,0.0405,intronic,GENE0261
rs216744,9,EUR,2022,0.2866,stop_gained,GENE0083
rs269045,5,EAS,2018,0.073,stop_gained,GENE0102
rs202364,22,AFR,2019,0.0454,stop_gained,GENE0146
rs350106,12,EAS,2023,0.0854,missense,GENE0242
rs374943,15,EUR,2021,0.1309,intronic,GENE0238
rs35619,7,EUR,2021,0.1574,missense,GENE0154
rs406925,14,AFR,2021,0.0279,missense,GENE0024
rs661857,22,EUR,2018,0.1096,synonymous,GENE0213
rs681604,16,EUR,2023,0.0,stop_gained,GENE0256
rs639174,10,SAS,2020,0.0107,intronic,GENE0115
rs29527,19,SAS,2016,0.1821,intronic,GENE0292
rs186332,13,AMR,2021,0.003,stop_gained,GENE0249
rs517341,22,EUR,2022,0.0916,synonymous,GENE0290
rs375658,22,EUR,2022,0.071,synonymous,GENE0022
rs432106,22,EAS,2022,0.0731,synonymous,GENE0024
rs964343,18,AFR,2018,0.4988,synonymous,GENE0096
rs697453,10,AFR,2021,0.0,synonymous,GENE0195
rs1638,22,EAS,2016,0.0341,stop_gained,GENE0114
rs308324,16,SAS,2022,0.0379,synonymous,GENE0287
rs509056,17,AFR,2023,0.0712,synonymous,GENE0027
rs609719,1,EUR,2021,0.0,missense,GENE0277
rs875853,21,AMR,2021,0.022,missense,GENE0259
rs569134,22,AFR,2021,0.2847,stop_gained,GENE0212
rs216609,9,SAS,2019,0.0,synonymous,GENE0243
rs694404,3,AMR,2018,0.0477,stop_gained,GENE0181
rs780361,11,EAS,2018,0.0375,synonymous,GENE0227
rs115261,22,AFR,2023,0.0,stop_gained,GENE0273
rs448209,10,SAS,2021,0.0033,synonymous,GENE0081
rs65142,10,SAS,2021,0.1634,synonymous,GENE0295
rs524257,21,EUR,2020,0.1299,synonymous,GENE0227
rs608765,19,AMR,2016,0.0178,synonymous,GENE0094
rs576316,6,SAS,2022,0.005,missense,GENE0187
rs453597,9,EAS,2020,0.0167,synonymous,GENE0036
rs955304,12,AMR,2018,0.0522,synonymous,GENE0171
rs930675,22,AMR,2021,0.0381,missense,GENE0151
rs669326,7,EAS,2016,0.0495,missense,GENE0137
rs169488,1,EUR,2016,0.036,stop_gained,GENE0264
rs200088,21,AMR,2021,0.0157,synonymous,GENE0176
rs34296,10,AFR,2019,0.1772,intronic,GENE0296
rs949584,2,AMR,2019,0.1963,synonymous,GENE0090
rs445946,20,EAS,2019,0.0578,synonymous,GENE0295
rs19320,11,EUR,2016,0.255,missense,GENE0127
rs509879,13,EAS,2023,0.0482,stop_gained,GENE0032
rs388986,8,EAS,2020,0.0346,stop_gained,GENE0113
rs631856,1,AFR,2016,0.1257,intronic,GENE0253
rs960175,10,AFR,2020,0.1393,missense,GENE0122
rs137588,7,EUR,2015,0.0249,stop_gained,GENE0121
rs887337,17,AMR,2019,0.3052,missense,GENE0035
rs638123,12,SAS,2015,0.0909,intronic,GENE0219
rs754325,15,AMR,2022,0.0678,intronic,GENE0146
rs8078,X,AMR,2017,0.0282,stop_gained,GENE0245
rs258630,13,AFR,2020,0.0,missense,GENE0261
rs259871,X,AFR,2022,0.0052,stop_gained,GENE0277
rs35915,18,EAS,2023,0.1885,stop_gained,GENE0152
rs82432,16,SAS,2021,0.1207,intronic,GENE0074
rs4335,22,SAS,2022,0.3726,stop_gained,GENE0129
rs73828,5,EUR,2019,0.0138,stop_gained,GENE0055
rs559708,11,SAS,2016,0.0195,stop_gained,GENE0018
rs22646,12,AFR,2015,0.2599,intronic,GENE0210
rs20724,9,AMR,2016,0.028,missense,GENE0259
rs383693,12,AFR,2019,0.4653,missense,GENE0231
rs665168,X,EAS,2015,0.0148,intronic,GENE0284
rs359775,20,AFR,2023,0.0,missense,GENE0197
rs737293,10,EAS,2020,0.0754,intronic,GENE0241
rs84839,8,SAS,2015,0.0317,missense,GENE0160
rs203116,22,AMR,2022,0.0,intronic,GENE0089
rs611956,14,EUR,2016,0.0977,synonymous,GENE0140
rs162905,X,AFR,2017,0.0,stop_gained,GENE0056
rs193901,13,AMR,2022,0.1548,synonymous,GENE0168
rs10045,18,EAS,2020,0.1212,intronic,GENE0173
rs150540,11,EUR,2021,0.4264,stop_gained,GENE0283
rs19957,15,SAS,2015,0.056,missense,GENE0108
rs596994,8,AFR,2015,0.049,missense,GENE0241
rs665629,18,EUR,2017,0.0253,stop_gained,GENE0137
rs279770,5,SAS,2016,0.2135,intronic,GENE0209
rs518925,15,AFR,2015,0.1623,synonymous,GENE0013
rs383933,1,EUR,2016,0.1144,synonymous,GENE0267
rs232578,5,AFR,2018,0.0097,missense,GENE0096
rs461348,7,EUR,2018,0.2037,stop_gained,GENE0049
rs899051,6,SAS,2022,0.1215,intronic,GENE0190
rs127045,8,EUR,2015,0.0997,intronic,GENE0151
rs156005,17,AFR,2018,0.3329,missense,GENE0279
rs530539,X,EUR,2021,0.1145,missense,GENE0003
rs70347,21,SAS,2020,0.052,intronic,GENE0024
rs28795,17,AFR,2015,0.13,synonymous,GENE0137
rs862888,2,EUR,2020,0.1098,intronic,GENE0071
rs609834,9,EUR,2019,0.0589,intronic,GENE0087
rs896858,9,AMR,2018,0.072,synonymous,GENE0195
rs711278,8,SAS,2017,0.222,synonymous,GENE0076
rs896618,5,AMR,2015,0.0494,missense,GENE0282
rs16679,9,EUR,2019,0.0156,synonymous,GENE0269
rs275709,9,EAS,2023,0.415,stop_gained,GENE0067
rs973909,7,SAS,2016,0.0786,stop_gained,GENE0016
rs632596,18,EUR,2021,0.0583,synonymous,GENE0218
rs712242,16,SAS,2022,0.0028,stop_gained,GENE0220
rs924715,14,AMR,2017,0.0941,missense,GENE0193
rs314813,16,SAS,2018,0.3712,intronic,GENE0186
rs802529,20,EAS,2022,0.048,missense,GENE0227
rs463569,11,EUR,2023,0.2503,stop_gained,GENE0124
rs766674,15,EAS,2021,0.0181,synonymous,GENE0292
rs131171,16,SAS,2019,0.0482,stop_gained,GENE0213
rs32129,21,AMR,2021,0.0946,intronic,GENE0013
rs865751,13,SAS,2021,0.1374,synonymous,GENE0003
rs389039,20,EAS,2021,0.1853,missense,GENE0270
rs554494,X,EUR,2015,0.0479,intronic,GENE0212
rs20941,21,AFR,2021,0.0134,missense,GENE0211
rs940413,10,EAS,2021,0.0358,synonymous,GENE0081
rs142312,7,AFR,2021,0.0783,intronic,GENE0230
rs870859,13,SAS,2017,0.1245,stop_gained,GENE0057
rs726421,2,AMR,2022,0.2341,synonymous,GENE0274
rs385167,9,AMR,2017,0.054,stop_gained,GENE0190
rs498269,2,SAS,2022,0.0895,intronic,GENE0050
rs858676,8,EAS,2023,0.0099,synonymous,GENE0258
rs732702,20,AFR,2019,0.0637,missense,GENE0095
rs32412,15,EUR,2015,0.0913,stop_gained,GENE0090
rs335879,17,AMR,2018,0.1512,intronic,GENE0287
rs334442,9,EAS,2020,0.3344,intronic,GENE0287
rs756954,7,AFR,2016,0.0611,intronic,GENE0103
rs884205,20,SAS,2023,0.0526,synonymous,GENE0050
rs151088,6,AMR,2016,0.005,stop_gained,GENE0295
rs580222,13,EUR,2020,0.1083,intronic,GENE0028
rs808445,10,EAS,2016,0.0642,stop_gained,GENE0011
rs326725,12,AFR,2020,0.0575,synonymous,GENE0187
rs990997,18,AFR,2016,0.0431,intronic,GENE0223
rs192940,4,EUR,2018,0.0867,intronic,GENE0220
rs107003,1,AFR,2023,0.0852,intronic,GENE0108
rs866979,21,AMR,2021,0.0638,missense,GENE0122
rs211834,11,AFR,2015,0.0322,synonymous,GENE0153
rs46151,5,EAS,2019,0.0233,synonymous,GENE0238
rs915157,12,AMR,2020,0.0709,stop_gained,GENE0041
rs906991,7,AFR,2017,0.0664,synonymous,GENE0089
rs60976,5,AFR,2023,0.1161,intronic,GENE0009
rs69159,17,SAS,2018,0.023,intronic,GENE0131
rs106649,14,AMR,2017,0.0605,missense,GENE0058
rs738768,3,SAS,2021,0.0793,stop_gained,GENE0157
rs633588,15,AMR,2016,0.3419,missense,GENE0296
rs197922,5,SAS,2016,0.1885,intronic,GENE0114
rs340744,21,EAS,2017,0.0009,stop_gained,GENE0002
rs321481,3,EUR,2016,0.0181,intronic,GENE0104
rs305781,20,AMR,2019,0.1745,stop_gained,GENE0209
rs402450,19,EAS,2020,0.117,intronic,GENE0278
rs119095,14,AFR,2021,0.0342,synonymous,GENE0138
rs327432,20,SAS,2019,0.0,stop_gained,GENE0113
rs531868,21,AFR,2018,0.1805,missense,GENE0297
rs35737,2,AFR,2017,0.0,intronic,GENE0025
rs612194,21,AMR,2017,0.0606,missense,GENE0035
rs597201,4,SAS,2017,0.1652,intronic,GENE0263
rs525832,2,AMR,2020,0.114,stop_gained,GENE0216
rs362592,9,AFR,2015,0.0,stop_gained,GENE0039
rs38822,19,EUR,2015,0.1078,intronic,GENE0095
rs988757,1,EUR,2016,0.0651,stop_gained,GENE0260
rs651554,2,EUR,2020,0.1706,intronic,GENE0056
rs119087,21,AMR,2021,0.0532,missense,GENE0207
rs918428,22,EAS,2022,0.2489,intronic,GENE0007
rs362716,18,SAS,2018,0.0439,synonymous,GENE0109
rs463356,13,AMR,2023,0.0249,synonymous,GENE0073
rs299537,7,EUR,2021,0.3348,stop_gained,GENE0028
rs2241,11,AFR,2022,0.1442,synonymous,GENE0195
rs666931,13,SAS,2018,0.0514,missense,GENE0150
rs718651,22,SAS,2018,0.3134,synonymous,GENE0123
rs221504,7,AFR,2017,0.0252,stop_gained,GENE0099
rs806628,5,SAS,2023,0.1062,missense,GENE0060
rs982105,4,SAS,2016,0.0911,missense,GENE0222
rs303524,4,EUR,2021,0.3855,missense,GENE0156
rs551599,21,SAS,2018,0.0118,synonymous,GENE0133
rs926154,21,AFR,2023,0.0053,synonymous,GENE0143
rs939367,16,AMR,2022,0.0559,missense,GENE0151
rs488588,3,EAS,2023,0.0145,stop_gained,GENE0013
rs450466,9,SAS,2017,0.18,synonymous,GENE0015
rs253098,13,AMR,2015,0.0002,intronic,GENE0143
rs224468,14,AMR,2019,0.2129,synonymous,GENE0273
rs811997,17,AMR,2016,0.0173,missense,GENE0158
rs105866,11,AFR,2022,0.0556,stop_gained,GENE0156
rs161353,17,EAS,2020,0.2789,intronic,GENE0214
rs819707,8,AMR,2021,0.0623,missense,GENE0087
rs255877,17,EAS,2015,0.0557,stop_gained,GENE0120
rs994878,11,SAS,2020,0.068,missense,GENE0296
rs544610,11,AFR,2022,0.2824,intronic,GENE0012
rs54948,1,SAS,2015,0.0288,synonymous,GENE0030
rs226930,12,EAS,2023,0.1493,intronic,GENE0047
rs321477,14,EUR,2016,0.3369,intronic,GENE0143
rs804763,8,AFR,2017,0.0552,missense,GENE0206
rs819503,17,EUR,2023,0.0813,missense,GENE0157
rs963202,9,AFR,2019,0.4597,synonymous,GENE0291
rs248828,15,EUR,2020,0.5412,stop_gained,GENE0236
rs144224,18,AMR,2019,0.0019,missense,GENE0061
rs4810,10,AFR,2017,0.1868,missense,GENE0165
rs32254,9,EUR,2020,0.1044,intronic,GENE0157
rs865496,21,EUR,2022,0.0198,intronic,GENE0278
rs824388,X,AMR,2022,0.0353,stop_gained,GENE0155
rs563498,11,AFR,2020,0.1444,intronic,GENE0093
rs540310,13,AFR,2021,0.1102,synonymous,GENE0236
rs54403,14,SAS,2019,0.0605,missense,GENE0130
rs422990,14,AMR,2017,0.0427,stop_gained,GENE0208
rs667729,4,EAS,2022,0.1994,synonymous,GENE0199
rs958735,2,EUR,2021,0.0838,synonymous,GENE0236
rs787582,19,EUR,2019,0.168,synonymous,GENE0090
rs797736,19,EAS,2018,0.0044,stop_gained,GENE0146
rs873180,11,EAS,2015,0.0097,intronic,GENE0068
rs32888,21,AMR,2018,0.0363,missense,GENE0136
rs573149,16,AMR,2022,0.4443,synonymous,GENE0199
rs112763,8,SAS,2023,0.037,synonymous,GENE0127
rs337439,9,EAS,2020,0.062,intronic,GENE0157
rs172710,13,SAS,2018,0.3791,synonymous,GENE0234
rs907939,7,EUR,2023,0.1685,stop_gained,GENE0084
rs99512,17,EAS,2022,0.199,missense,GENE0288
rs899090,4,AFR,2022,0.1556,missense,GENE0239
rs797569,8,AFR,2023,0.01,missense,GENE0037
rs282010,14,SAS,2017,0.0096,stop_gained,GENE0070
rs488339,14,SAS,2021,0.0013,intronic,GENE0182
rs455048,5,EAS,2016,0.0243,intronic,GENE0238
rs85923,16,SAS,2015,0.1418,synonymous,GENE0100
rs480107,12,AMR,2016,0.2522,stop_gained,GENE0032
rs742590,10,SAS,2015,0.1363,intronic,GENE0189
rs284745,13,AMR,2015,0.1574,stop_gained,GENE0159
rs541575,17,SAS,2019,0.269,synonymous,GENE0020
rs863575,3,SAS,2020,0.3716,intronic,GENE0019
rs882215,1,EUR,2022,0.029,synonymous,GENE0139
rs395909,6,EAS,2018,0.0641,synonymous,GENE0288
rs293359,8,EUR,2017,0.0007,intronic,GENE0235
rs855536,18,EUR,2016,0.0,synonymous,GENE0147
rs242123,21,AFR,2021,0.0473,synonymous,GENE0130
rs909306,5,AFR,2022,0.0,intronic,GENE0192
rs233628,7,SAS,2023,0.003,missense,GENE0210
rs794735,22,AFR,2019,0.1218,stop_gained,GENE0008
rs987528,4,AMR,2015,0.0628,missense,GENE0239
rs385129,20,SAS,2020,0.0411,synonymous,GENE0295
rs975248,9,AMR,2022,0.0275,synonymous,GENE0136
rs475223,6,SAS,2015,0.0312,missense,GENE0006
rs136161,3,EAS,2023,0.1536,missense,GENE0041
rs171172,17,EUR,2019,0.0423,stop_gained,GENE0139
rs161646,5,AFR,2019,0.0,stop_gained,GENE0220
rs870427,2,EAS,2016,0.0822,intronic,GENE0108
rs176535,1,SAS,2021,0.1676,missense,GENE0104
rs771165,4,AFR,2022,0.1237,synonymous,GENE0271
rs293317,22,AMR,2021,0.059,synonymous,GENE0197
rs92099,5,AFR,2019,0.0302,missense,GENE0060
rs832896,8,EUR,2018,0.1156,missense,GENE0191
rs763684,8,SAS,2021,0.1007,missense,GENE0137
rs55120,X,EAS,2018,0.0435,missense,GENE0144
rs898866,12,EAS,2017,0.1224,synonymous,GENE0225
rs697632,X,AFR,2023,0.1111,stop_gained,GENE0032
rs581130,15,AMR,2020,0.0581,intronic,GENE0258
rs121656,18,EAS,2015,0.2436,stop_gained,GENE0064
rs400430,15,AFR,2021,0.1358,synonymous,GENE0246
rs629629,7,EAS,2015,0.1197,missense,GENE0290
rs944027,19,EUR,2016,0.0,intronic,GENE0271
rs335643,9,AMR,2016,0.1638,synonymous,GENE0059
rs133805,16,SAS,2016,0.1023,synonymous,GENE0182
rs533977,17,EUR,2022,0.0278,synonymous,GENE0085
rs362011,6,EUR,2019,0.0461,stop_gained,GENE0114
rs515219,7,EAS,2022,0.307,stop_gained,GENE0124
rs863114,20,EAS,2018,0.0426,synonymous,GENE0128
rs638481,1,EAS,2015,0.0492,intronic,GENE0207
rs625694,16,AMR,2015,0.6314,stop_gained,GENE0124
rs674614,12,EAS,2023,0.022,stop_gained,GENE0137
rs895442,6,EUR,2023,0.0431,missense,GENE0168
rs891752,10,AFR,2023,0.1252,missense,GENE0097
rs419695,7,EAS,2015,0.2082,stop_gained,GENE0207
rs289252,5,AMR,2019,0.0308,stop_gained,GENE0079
rs984913,17,SAS,2020,0.1928,synonymous,GENE0056
rs464903,16,EUR,2019,0.0224,synonymous,GENE0202
rs191675,11,SAS,2022,0.0921,missense,GENE0132
rs690620,22,AMR,2023,0.0787,synonymous,GENE0148
rs94924,2,AMR,2021,0.045,stop_gained,GENE0120
rs570800,15,EUR,2023,0.0129,intronic,GENE0078
rs716208,11,SAS,2017,0.0504,intronic,GENE0195
rs107260,14,SAS,2022,0.0329,stop_gained,GENE0238
rs963210,X,SAS,2018,0.003,stop_gained,GENE0062
rs896906,9,AMR,2016,0.0372,missense,GENE0056
rs539003,10,AFR,2016,0.1238,stop_gained,GENE0167
rs551085,15,AFR,2015,0.0697,synonymous,GENE0003
rs59145,3,EAS,2016,0.0301,synonymous,GENE0187
rs6235,X,SAS,2022,0.0891,stop_gained,GENE0195
rs941554,15,SAS,2018,0.3242,intronic,GENE0237
rs741551,4,AFR,2019,0.0,stop_gained,GENE0033
rs989376,21,EUR,2016,0.022,missense,GENE0276
rs362336,18,AFR,2016,0.2608,missense,GENE0255
rs518010,X,AFR,2018,0.0,missense,GENE0084
rs618120,14,AFR,2021,0.0442,intronic,GENE0164
rs622194,21,EAS,2016,0.0725,stop_gained,GENE0270
rs372640,13,EUR,2016,0.1775,intronic,GENE0213
rs892831,9,SAS,2019,0.0416,synonymous,GENE0158
rs975578,14,AFR,2016,0.0745,missense,GENE0238
rs536393,10,SAS,2015,0.1827,synonymous,GENE0198
rs398777,16,SAS,2017,0.083,stop_gained,GENE0285
rs469901,20,SAS,2020,0.0834,stop_gained,GENE0104
rs287819,14,SAS,2016,0.034,stop_gained,GENE0091
rs731273,5,EAS,2021,0.2386,intronic,GENE0129
rs549800,11,EUR,2015,0.1168,stop_gained,GENE0047
rs307247,3,EAS,2017,0.0293,intronic,GENE0044
rs210974,5,AMR,2016,0.0426,stop_gained,GENE0091
rs635128,7,SAS,2018,0.2211,stop_gained,GENE0082
rs136036,X,EAS,2016,0.0604,missense,GENE0211
rs447028,3,SAS,2023,0.2605,stop_gained,GENE0159
rs118108,19,SAS,2022,0.277,missense,GENE0231
rs783272,17,SAS,2021,0.1787,stop_gained,GENE0252
rs506599,19,AFR,2023,0.1018,stop_gained,GENE0093
rs566286,11,AFR,2023,0.0487,missense,GENE0125
rs230529,17,EAS,2017,0.0335,synonymous,GENE0198
rs294547,6,SAS,2018,0.1947,synonymous,GENE0266
rs449476,14,AMR,2016,0.3593,synonymous,GENE0115
rs251410,4,AFR,2018,0.053,synonymous,GENE0117
rs778384,5,EAS,2018,0.2362,missense,GENE0005
rs43549,14,SAS,2017,0.3881,intronic,GENE0175
rs138701,16,AMR,2016,0.0,missense,GENE0216
rs463979,9,AMR,2015,0.0058,missense,GENE0032
rs698269,7,AFR,2019,0.093,stop_gained,GENE0202
rs267787,22,EUR,2016,0.0485,missense,GENE0138
rs989822,8,EAS,2019,0.0434,stop_gained,GENE0169
rs136997,9,EAS,2016,0.0884,synonymous,GENE0206
rs504228,22,EAS,2016,0.0153,intronic,GENE0017
rs223771,9,EAS,2016,0.2538,intronic,GENE0123
rs807244,11,AFR,2019,0.0376,synonymous,GENE0181
rs637859,10,AMR,2017,0.2244,intronic,GENE0010
rs524845,11,SAS,2017,0.0916,synonymous,GENE0184
rs353112,7,EUR,2017,0.0479,synonymous,GENE0010
rs817150,7,AMR,2019,0.0109,missense,GENE0105
rs359551,3,AFR,2022,0.1526,missense,GENE0184
rs354235,8,SAS,2022,0.3082,missense,GENE0094
rs294491,20,SAS,2015,0.0,missense,GENE0239
rs401879,17,EAS,2019,0.4493,synonymous,GENE0225
rs334950,11,AFR,2022,0.0824,synonymous,GENE0254
rs433032,10,AMR,2021,0.1543,missense,GENE0077
rs320268,7,AFR,2016,0.0314,synonymous,GENE0016
rs616588,16,EAS,2022,0.0249,synonymous,GENE0247
rs253629,21,AMR,2020,0.2028,missense,GENE0029
rs101846,19,EAS,2016,0.034,stop_gained,GENE0253
rs48972,9,EUR,2022,0.0,intronic,GENE0214
rs586371,8,AMR,2022,0.0615,stop_gained,GENE0188
rs962953,7,AFR,2020,0.3966,missense,GENE0196
rs531140,20,AMR,2016,0.0629,stop_gained,GENE0010
rs10802,7,AMR,2019,0.4371,missense,GENE0024
rs820626,21,AFR,2016,0.0,intronic,GENE0098
rs488823,3,AFR,2017,0.3294,synonymous,GENE0129
rs885977,8,SAS,2016,0.3419,intronic,GENE0294
rs274873,16,EAS,2019,0.0,missense,GENE0278
rs648865,2,AMR,2018,0.1108,stop_gained,GENE0172
rs359754,14,AMR,2020,0.0299,stop_gained,GENE0272
rs481731,19,EAS,2023,0.0,missense,GENE0194
rs771123,19,AMR,2016,0.0614,missense,GENE0231
rs952535,10,EUR,2017,0.2206,synonymous,GENE0053
rs324720,11,EUR,2023,0.0,stop_gained,GENE0046
rs635260,19,SAS,2017,0.1471,missense,GENE0014
rs767942,13,EUR,2020,0.0006,intronic,GENE0174
rs404975,4,AMR,2017,0.0219,synonymous,GENE0039
rs164604,11,SAS,2021,0.0353,intronic,GENE0109
rs525773,16,EAS,2023,0.0943,stop_gained,GENE0154
rs270227,9,SAS,2022,0.0,synonymous,GENE0166
rs460392,21,AMR,2023,0.0409,synonymous,GENE0208
rs68237,21,EAS,2021,0.0604,synonymous,GENE0128
rs741704,X,EAS,2022,0.0932,stop_gained,GENE0032
rs47284,6,AFR,2021,0.1018,stop_gained,GENE0281
rs853933,6,AFR,2023,0.0503,missense,GENE0158
rs569945,X,AFR,2015,0.3601,synonymous,GENE0088
rs238198,8,EUR,2020,0.0805,synonymous,GENE0185
rs398267,14,EAS,2017,0.1504,stop_gained,GENE0269
rs488840,9,AFR,2016,0.0886,intronic,GENE0114
rs823856,21,SAS,2015,0.0,intronic,GENE0208
rs867945,21,AMR,2022,0.1498,missense,GENE0244
rs427957,17,EUR,2020,0.0,synonymous,GENE0250
rs811098,17,AMR,2017,0.0,stop_gained,GENE0074
rs814228,12,AMR,2015,0.0208,stop_gained,GENE0247
rs212462,5,AFR,2021,0.0181,stop_gained,GENE0083
rs735232,7,EUR,2023,0.0253,stop_gained,GENE0008
rs285976,18,EAS,2017,0.0215,stop_gained,GENE0180
rs843962,10,AMR,2023,0.0301,missense,GENE0224
rs495592,9,EAS,2016,0.0461,missense,GENE0241
rs326218,19,AFR,2022,0.1301,intronic,GENE0252
rs130120,11,AMR,2022,0.3439,synonymous,GENE0147
rs151524,11,AFR,2021,0.0375,missense,GENE0018
rs878378,18,SAS,2015,0.0199,missense,GENE0006
rs598879,14,AFR,2021,0.0087,stop_gained,GENE0298
rs282121,15,EUR,2023,0.253,stop_gained,GENE0025
rs382411,9,EUR,2020,0.0,stop_gained,GENE0150
rs137261,9,EUR,2015,0.0444,missense,GENE0183
rs576849,17,AMR,2017,0.0,missense,GENE0237
rs2719,X,AFR,2020,0.0495,missense,GENE0092
rs971108,17,AMR,2018,0.088,missense,GENE0227
rs142980,X,EAS,2021,0.3949,synonymous,GENE0284
rs975238,13,EUR,2020,0.3403,intronic,GENE0181
rs514735,11,AMR,2017,0.0341,stop_gained,GENE0254
rs817339,4,EUR,2016,0.0853,intronic,GENE0287
rs546229,21,EUR,2016,0.0083,missense,GENE0175
rs721430,20,SAS,2022,0.0573,stop_gained,GENE0275
rs471226,10,EUR,2020,0.1953,synonymous,GENE0154
rs540846,7,AMR,2016,0.0269,intronic,GENE0169
rs906452,9,EUR,2022,0.0022,intronic,GENE0120
rs209299,4,EAS,2015,0.0077,stop_gained,GENE0275
rs85604,4,AMR,2019,0.0566,missense,GENE0207
rs985616,18,SAS,2016,0.0872,intronic,GENE0167
rs23267,18,AMR,2015,0.0344,stop_gained,GENE0209
rs633319,12,AMR,2023,0.0397,stop_gained,GENE0116
rs519894,20,EUR,2017,0.0165,intronic,GENE0145
rs473081,19,EAS,2021,0.0137,missense,GENE0157
rs995716,2,EAS,2021,0.2659,synonymous,GENE0064
rs121491,5,AFR,2021,0.4717,synonymous,GENE0042
rs809345,12,EAS,2023,0.1362,intronic,GENE0024
rs673113,8,AMR,2021,0.1221,intronic,GENE0222
rs694673,5,AMR,2022,0.2448,missense,GENE0118
rs439102,7,AMR,2023,0.2297,missense,GENE0022
rs92944,6,EAS,2020,0.0568,intronic,GENE0129
rs200559,10,AFR,2022,0.3575,intronic,GENE0075
rs445989,15,SAS,2022,0.1244,synonymous,GENE0215
rs903223,3,SAS,2017,0.0467,missense,GENE0187
rs266943,20,AFR,2019,0.1048,intronic,GENE0199
rs967457,12,AFR,2016,0.0333,intronic,GENE0013
rs290898,21,AFR,2020,0.0979,missense,GENE0153
rs953274,7,EAS,2021,0.1516,synonymous,GENE0159
rs432942,4,EAS,2020,0.0025,synonymous,GENE0261
rs875595,14,AMR,2023,0.0639,missense,GENE0145
rs662675,15,AMR,2016,0.0081,missense,GENE0039
rs496354,18,SAS,2019,0.0459,missense,GENE0070
rs984703,12,EUR,2021,0.0471,stop_gained,GENE0149
rs372437,10,EAS,2016,0.2229,synonymous,GENE0237
rs37039,21,AFR,2022,0.1868,missense,GENE0044
rs486076,4,AFR,2023,0.0312,synonymous,GENE0134
rs306912,8,EAS,2022,0.1966,intronic,GENE0036
rs237243,11,AFR,2019,0.0472,stop_gained,GENE0148
rs72077,19,EAS,2018,0.1019,synonymous,GENE0251
rs677120,10,EAS,2020,0.5483,stop_gained,GENE0192
rs911297,15,SAS,2022,0.0208,stop_gained,GENE0086
rs654192,13,EAS,2016,0.0111,stop_gained,GENE0112
rs142564,21,EUR,2015,0.0752,missense,GENE0286
rs79703,10,SAS,2020,0.0401,intronic,GENE0102
rs432414,9,SAS,2018,0.0859,missense,GENE0081
rs682476,11,SAS,2021,0.1382,stop_gained,GENE0290
rs685076,18,SAS,2015,0.0,synonymous,GENE0117
rs751896,1,AFR,2018,0.1152,stop_gained,GENE0100
rs993517,3,AMR,2020,0.1503,intronic,GENE0214
rs590934,17,AMR,2023,0.3295,stop_gained,GENE0044
rs231988,15,SAS,2022,0.438,stop_gained,GENE0214
rs641380,18,EAS,2022,0.1081,intronic,GENE0010
rs30850,2,AMR,2019,0.0514,synonymous,GENE0182
rs810302,13,AMR,2018,0.089,stop_gained,GENE0290
rs389286,13,AFR,2020,0.2451,stop_gained,GENE0079
rs792983,16,EAS,2015,0.2619,intronic,GENE0056
rs385511,20,SAS,2022,0.1773,intronic,GENE0260
rs37847,16,AMR,2017,0.1166,missense,GENE0107
rs566697,15,AMR,2021,0.0735,intronic,GENE0062
rs946670,18,AFR,2019,0.2054,intronic,GENE0108
rs854746,20,EUR,2016,0.056,stop_gained,GENE0183
rs874169,19,AFR,2021,0.0,stop_gained,GENE0077
rs574596,X,EAS,2020,0.0111,intronic,GENE0057
rs872453,3,AFR,2015,0.313,stop_gained,GENE0138
rs479994,10,EUR,2019,0.2499,missense,GENE0067
rs57728,22,EUR,2022,0.1675,synonymous,GENE0060
rs71244,16,SAS,2020,0.0714,intronic,GENE0272
rs811918,15,EAS,2015,0.0541,stop_gained,GENE0065
rs847740,12,AMR,2019,0.0671,intronic,GENE0193
rs760471,9,AMR,2020,0.3764,stop_gained,GENE0124
rs779372,10,EAS,2020,0.0395,synonymous,GENE0091
rs175676,1,AFR,2022,0.0,intronic,GENE0175
rs250908,5,SAS,2019,0.0978,stop_gained,GENE0029
rs259185,8,AMR,2021,0.0495,intronic,GENE0034
rs797862,11,EUR,2018,0.0425,intronic,GENE0239
rs23730,17,SAS,2018,0.1082,synonymous,GENE0272
rs806940,17,EAS,2016,0.0495,synonymous,GENE0258
rs502893,9,EAS,2021,0.1256,missense,GENE0292
rs76887,11,AMR,2021,0.0171,synonymous,GENE0237
rs4844,15,EUR,2019,0.1319,missense,GENE0089
rs746961,6,EAS,2017,0.0371,intronic,GENE0164
rs692915,6,SAS,2017,0.0114,intronic,GENE0080
rs832746,10,EUR,2022,0.0734,intronic,GENE0292
rs136733,12,SAS,2018,0.0094,missense,GENE0029
rs958233,2,AFR,2019,0.0735,intronic,GENE0110
rs641130,11,EUR,2016,0.0214,stop_gained,GENE0167
rs329577,19,EAS,2021,0.0126,missense,GENE0081
rs718438,9,AFR,2023,0.0533,intronic,GENE0018
rs821501,18,EAS,2021,0.0383,stop_gained,GENE0277
rs558856,X,AMR,2018,0.0129,missense,GENE0080
rs184512,9,AFR,2023,0.14,missense,GENE0120
rs55815,9,EUR,2023,0.0208,missense,GENE0067
rs745627,10,AMR,2018,0.2719,synonymous,GENE0009
rs279966,X,EAS,2020,0.1296,missense,GENE0176
rs287895,7,SAS,2015,0.0554,intronic,GENE0102
rs661951,19,EUR,2015,0.0557,missense,GENE0264
rs421559,21,EAS,2019,0.2217,missense,GENE0014
rs251375,18,SAS,2017,0.041,intronic,GENE0025
rs660077,22,EUR,2017,0.0935,synonymous,GENE0014
rs799960,9,EUR,2019,0.204,synonymous,GENE0083
rs703344,6,EUR,2021,0.0583,synonymous,GENE0244
rs741006,8,EUR,2020,0.0674,missense,GENE0229
rs836073,8,EAS,2022,0.2998,synonymous,GENE0103
rs63765,15,EAS,2017,0.0661,synonymous,GENE0289
rs74549,8,AFR,2017,0.0549,missense,GENE0181
rs35105,22,SAS,2022,0.0,stop_gained,GENE0252
rs555627,19,AFR,2015,0.0465,intronic,GENE0200
rs87768,5,EUR,2017,0.1202,synonymous,GENE0290
rs879960,5,AMR,2017,0.0,intronic,GENE0121
rs713264,8,EAS,2018,0.0,synonymous,GENE0180
rs135442,2,EUR,2015,0.0883,synonymous,GENE0286
rs864944,15,EAS,2022,0.0883,intronic,GENE0239
rs772295,22,AMR,2020,0.0,synonymous,GENE0083
rs424060,18,SAS,2020,0.2024,intronic,GENE0001
rs773390,4,AFR,2019,0.0171,synonymous,GENE0010
rs322183,12,SAS,2021,0.4637,synonymous,GENE0237
rs603118,6,SAS,2019,0.1224,missense,GENE0243
rs148941,15,SAS,2017,0.2279,synonymous,GENE0283
rs402413,11,AMR,2017,0.0344,synonymous,GENE0247
rs684049,9,SAS,2015,0.238,stop_gained,GENE0210
rs679463,17,EAS,2018,0.027,stop_gained,GENE0237
rs211269,14,AFR,2022,0.0492,intronic,GENE0178
rs626308,22,AMR,2017,0.1689,synonymous,GENE0218
rs554563,1,AFR,2018,0.0839,missense,GENE0092
rs140894,5,SAS,2019,0.0,synonymous,GENE0049
rs632326,12,SAS,2021,0.0155,missense,GENE0117
rs761102,14,AMR,2020,0.0954,intronic,GENE0105
rs442385,7,AFR,2023,0.0615,stop_gained,GENE0286
rs81794,3,AFR,2018,0.2716,stop_gained,GENE0050
rs859208,22,AFR,2022,0.0342,intronic,GENE0124
rs630997,5,AMR,2019,0.082,synonymous,GENE0281
rs541324,1,AMR,2023,0.3989,intronic,GENE0243
rs334972,11,EUR,2020,0.0159,stop_gained,GENE0226
rs538726,10,EAS,2022,0.0159,synonymous,GENE0152
rs650545,14,SAS,2021,0.2487,synonymous,GENE0211
rs589164,9,SAS,2020,0.0643,missense,GENE0277
rs114449,15,EAS,2017,0.0289,missense,GENE0264
rs730417,3,EUR,2020,0.0502,intronic,GENE0011
rs183255,X,EAS,2018,0.0809,missense,GENE0073
rs367575,13,EUR,2022,0.0132,stop_gained,GENE0010
rs704435,21,AFR,2018,0.2692,stop_gained,GENE0287
rs875202,6,AMR,2016,0.1799,stop_gained,GENE0105
rs43074,10,EAS,2019,0.1307,missense,GENE0130
rs997518,8,AFR,2019,0.0637,synonymous,GENE0226
rs522509,4,AFR,2017,0.2954,intronic,GENE0239
rs32390,21,AMR,2020,0.055,missense,GENE0036
rs799282,1,EAS,2016,0.0285,stop_gained,GENE0198
rs996116,14,AFR,2023,0.1174,missense,GENE0219
rs583117,7,AMR,2015,0.0121,synonymous,GENE0284
rs615492,10,AFR,2015,0.0,stop_gained,GENE0049
rs164610,17,AFR,2017,0.0687,intronic,GENE0287
rs893449,14,SAS,2021,0.2279,synonymous,GENE0095
rs983700,18,SAS,2016,0.0071,intronic,GENE0089
rs700999,10,AFR,2021,0.1154,missense,GENE0212
rs914872,12,SAS,2019,0.25,missense,GENE0193
rs908385,8,EUR,2016,0.071,missense,GENE0065
rs628552,22,AFR,2015,0.0,intronic,GENE0043
rs931414,9,SAS,2023,0.0531,missense,GENE0253
rs989331,20,EAS,2018,0.1098,stop_gained,GENE0123
rs245693,7,AMR,2020,0.4279,intronic,GENE0055
rs525006,22,AFR,2017,0.0217,synonymous,GENE0229
rs303524,6,AFR,2019,0.038,stop_gained,GENE0055
rs660808,13,SAS,2022,0.0826,stop_gained,GENE0053
rs775281,19,AFR,2023,0.1087,missense,GENE0186
rs342081,17,EAS,2019,0.0256,stop_gained,GENE0047
rs415941,21,EUR,2022,0.0144,synonymous,GENE0284
rs442661,16,AMR,2015,0.1135,synonymous,GENE0030
rs482944,X,SAS,2020,0.1893,stop_gained,GENE0092
rs644753,19,AMR,2019,0.0533,synonymous,GENE0066
rs108707,21,EUR,2020,0.0,synonymous,GENE0189
rs808233,13,AMR,2022,0.2067,intronic,GENE0119
rs111380,5,SAS,2015,0.2594,intronic,GENE0187
rs562576,2,EAS,2023,0.2551,stop_gained,GENE0221
rs931866,22,AFR,2022,0.0406,intronic,GENE0099
rs650152,15,AMR,2020,0.0275,stop_gained,GENE0228
rs653359,9,AMR,2022,0.4597,synonymous,GENE0162
rs98350,5,SAS,2017,0.1206,stop_gained,GENE0048
rs506182,17,AFR,2023,0.0139,synonymous,GENE0094
rs939775,10,SAS,2022,0.2474,missense,GENE0270
rs498840,3,SAS,2016,0.2024,stop_gained,GENE0237
rs782147,14,AFR,2022,0.0009,missense,GENE0182
rs780150,4,EAS,2022,0.0281,synonymous,GENE0189
rs772358,7,AFR,2019,0.3235,intronic,GENE0030
rs879992,18,AMR,2023,0.1271,intronic,GENE0022
rs901073,5,EUR,2015,0.3182,synonymous,GENE0110
rs753624,2,AFR,2020,0.0503,stop_gained,GENE0092
rs753859,2,AMR,2019,0.1251,intronic,GENE0079
rs443824,X,SAS,2017,0.097,intronic,GENE0087
rs887905,X,AMR,2016,0.0,stop_gained,GENE0218
rs122056,17,AMR,2021,0.0021,stop_gained,GENE0068
rs36224,3,EUR,2020,0.1104,synonymous,GENE0214
rs97340,12,EAS,2019,0.0572,synonymous,GENE0196
rs22492,5,AFR,2015,0.0644,intronic,GENE0298
rs408671,7,EAS,2016,0.1438,missense,GENE0082
rs196102,3,AMR,2016,0.039,missense,GENE0098
rs293888,10,EUR,2015,0.0573,synonymous,GENE0138
rs316656,3,AMR,2016,0.0109,stop_gained,GENE0035
rs111935,11,AMR,2022,0.1143,synonymous,GENE0117
rs26276,12,EAS,2019,0.1609,stop_gained,GENE0049
rs695362,9,AMR,2017,0.0542,missense,GENE0254
rs307495,20,AMR,2018,0.2192,synonymous,GENE0174
rs663954,8,EAS,2015,0.2642,stop_gained,GENE0119
rs188907,13,EUR,2021,0.2768,intronic,GENE0091
rs303620,20,EAS,2020,0.0137,synonymous,GENE0255
rs545309,22,EAS,2022,0.2484,intronic,GENE0041
rs805668,6,AMR,2016,0.0315,stop_gained,GENE0056
rs455193,16,AMR,2017,0.0586,missense,GENE0169
rs673375,17,AFR,2015,0.1248,stop_gained,GENE0057
rs26794,19,SAS,2020,0.0067,intronic,GENE0113
rs983742,9,EUR,2018,0.4369,intronic,GENE0230
rs729140,17,AFR,2018,0.2672,intronic,GENE0012
rs998532,22,AFR,2017,0.0167,synonymous,GENE0025
rs147285,22,AMR,2017,0.0062,missense,GENE0134
rs345489,20,EAS,2020,0.1026,intronic,GENE0298
rs944346,2,EUR,2021,0.0144,intronic,GENE0065
rs119374,22,EAS,2016,0.0451,missense,GENE0004
rs871170,2,SAS,2022,0.001,missense,GENE0075
rs91505,21,AMR,2016,0.0001,stop_gained,GENE0001
rs373921,17,SAS,2020,0.1987,missense,GENE0050
rs891533,20,SAS,2015,0.048,synonymous,GENE0271
rs211456,X,AMR,2021,0.0963,stop_gained,GENE0179
rs158963,16,AFR,2016,0.0406,missense,GENE0275
rs287439,3,AMR,2021,0.1574,intronic,GENE0177
rs769556,14,EAS,2018,0.0,synonymous,GENE0246
rs739219,5,AFR,2019,0.5761,synonymous,GENE0177
rs973790,18,EUR,2016,0.2967,synonymous,GENE0041
rs480257,16,EUR,2016,0.0292,missense,GENE0018
rs115314,9,EAS,2018,0.085,stop_gained,GENE0081
rs677297,7,EAS,2017,0.1773,missense,GENE0194
rs283697,19,SAS,2015,0.0897,missense,GENE0025
rs4786,12,EAS,2021,0.0822,intronic,GENE0016
rs139677,11,SAS,2021,0.0541,missense,GENE0128
rs595865,18,AMR,2023,0.0,intronic,GENE0278
rs474523,9,SAS,2023,0.0392,missense,GENE0054
rs171067,1,AFR,2021,0.0698,synonymous,GENE0257
rs837605,7,SAS,2021,0.0683,intronic,GENE0218
rs994997,13,AMR,2019,0.0,synonymous,GENE0234
rs47703,18,AMR,2018,0.0558,missense,GENE0296
rs17293,13,EAS,2020,0.0167,synonymous,GENE0252
rs838499,2,EAS,2020,0.1237,stop_gained,GENE0177
rs409644,6,EAS,2022,0.0808,stop_gained,GENE0121
rs396082,13,EUR,2019,0.0324,intronic,GENE0196
rs327768,18,AMR,2017,0.0776,stop_gained,GENE0011
rs631606,12,AFR,2015,0.1552,stop_gained,GENE0121
rs251902,12,EAS,2016,0.0171,synonymous,GENE0064
rs771194,16,SAS,2018,0.0791,intronic,GENE0222
rs924591,14,SAS,2020,0.0071,stop_gained,GENE0245
rs753566,14,EUR,2021,0.0128,synonymous,GENE0126
rs66876,1,AFR,2020,0.0625,stop_gained,GENE0279
rs780722,9,AFR,2018,0.145,intronic,GENE0177
rs921976,13,AFR,2019,0.0119,synonymous,GENE0028
rs474341,12,SAS,2023,0.2244,intronic,GENE0295
rs699216,16,EUR,2020,0.2693,synonymous,GENE0206
rs979943,20,EAS,2021,0.0399,stop_gained,GENE0170
rs929291,3,SAS,2020,0.0178,synonymous,GENE0147
rs633757,22,AFR,2018,0.2316,missense,GENE0198
rs960826,8,AMR,2023,0.1586,synonymous,GENE0294
rs101712,9,AMR,2020,0.0173,intronic,GENE0149
rs15613,11,AFR,2015,0.1789,stop_gained,GENE0008
rs967619,10,SAS,2023,0.014,missense,GENE0082
rs668215,9,AMR,2021,0.8085,synonymous,GENE0109
rs979152,1,AMR,2018,0.0204,intronic,GENE0177
rs807025,4,EUR,2021,0.0289,synonymous,GENE0033
rs563467,15,EAS,2021,0.0462,intronic,GENE0131
rs85216,13,SAS,2020,0.0135,missense,GENE0105
rs16304,1,AFR,2023,0.0496,stop_gained,GENE0076
rs234308,11,AFR,2023,0.1125,missense,GENE0120
rs167542,8,EAS,2020,0.049,missense,GENE0093
rs446616,3,EAS,2022,0.0767,intronic,GENE0140
rs271023,12,SAS,2022,0.035,missense,GENE0006
rs564611,20,AFR,2019,0.1886,stop_gained,GENE0122
rs578962,7,AMR,2015,0.0483,intronic,GENE0004
rs417944,16,EAS,2018,0.0419,intronic,GENE0038
rs782637,11,AFR,2022,0.0475,missense,GENE0179
rs432032,7,AMR,2022,0.0383,missense,GENE0267
rs19116,19,EUR,2019,0.1659,synonymous,GENE0221
rs776331,6,AFR,2021,0.4086,stop_gained,GENE0136
rs485779,8,AFR,2015,0.0334,synonymous,GENE0271
rs224702,18,AMR,2021,0.0082,stop_gained,GENE0126
rs862394,X,SAS,2023,0.2055,intronic,GENE0030
rs503714,11,AMR,2016,0.0243,stop_gained,GENE0202
rs40204,11,SAS,2020,0.1873,missense,GENE0025
rs462574,11,AFR,2023,0.1407,stop_gained,GENE0156
rs363335,14,SAS,2018,0.2088,stop_gained,GENE0218
rs70939,3,EUR,2019,0.0021,missense,GENE0115
rs928884,21,SAS,2018,0.0363,stop_gained,GENE0167
rs15964,14,AFR,2022,0.0239,synonymous,GENE0263
rs298383,2,AFR,2020,0.0325,synonymous,GENE0298
rs675570,18,AFR,2018,0.0,stop_gained,GENE0045
rs126892,13,EUR,2021,0.0683,stop_gained,GENE0035
rs432450,6,AMR,2018,0.098,missense,GENE0017
rs491459,19,EUR,2019,0.0683,intronic,GENE0011
rs337305,15,SAS,2015,0.032,missense,GENE0188
rs90774,6,SAS,2016,0.2228,synonymous,GENE0121
rs714603,11,AFR,2023,0.1926,synonymous,GENE0283
rs495694,8,AFR,2023,0.1887,synonymous,GENE0025
rs476193,2,EAS,2021,0.4562,missense,GENE0041
rs848892,19,SAS,2020,0.3027,missense,GENE0183
rs338931,3,AFR,2018,0.0208,synonymous,GENE0031
rs751953,9,AMR,2019,0.0914,synonymous,GENE0256
rs234337,4,AMR,2019,0.184,stop_gained,GENE0253
rs955941,14,SAS,2021,0.0035,missense,GENE0244
rs517178,21,AMR,2021,0.0298,missense,GENE0159
rs402080,9,EUR,2017,0.431,missense,GENE0144
rs542158,20,AFR,2019,0.1791,intronic,GENE0171
rs964230,2,AMR,2020,0.0137,intronic,GENE0008
rs756782,18,AMR,2023,0.069,missense,GENE0060
rs182432,2,AMR,2015,0.0,stop_gained,GENE0212
rs368924,22,SAS,2022,0.0248,stop_gained,GENE0280
rs494285,5,SAS,2019,0.0201,missense,GENE0005
rs213732,7,EUR,2016,0.0962,intronic,GENE0024
rs316368,22,SAS,2015,0.0465,stop_gained,GENE0278
rs640030,19,AFR,2019,0.0452,stop_gained,GENE0297
rs530039,18,AMR,2022,0.0886,missense,GENE0132
rs666137,19,EAS,2020,0.1044,synonymous,GENE0218
rs618365,11,AMR,2023,0.0941,synonymous,GENE0129
rs857593,13,AMR,2020,0.0761,missense,GENE0125
rs759227,11,AMR,2018,0.0466,synonymous,GENE0050
rs750485,15,SAS,2022,0.0351,missense,GENE0114
rs727143,5,EUR,2018,0.0142,stop_gained,GENE0222
rs388997,13,SAS,2019,0.0494,synonymous,GENE0144
rs423273,10,EUR,2015,0.0267,synonymous,GENE0214
rs336049,13,EUR,2015,0.0918,stop_gained,GENE0153
rs782559,4,AFR,2017,0.0592,stop_gained,GENE0213
rs851477,14,EUR,2019,0.0228,synonymous,GENE0193
rs935876,14,EAS,2021,0.0591,synonymous,GENE0158
rs133731,20,AMR,2020,0.0077,stop_gained,GENE0125
rs461085,1,SAS,2022,0.0357,missense,GENE0177
rs847158,13,SAS,2021,0.0465,stop_gained,GENE0243
rs984466,2,EUR,2015,0.0043,stop_gained,GENE0107
rs212127,2,SAS,2018,0.3688,stop_gained,GENE0074
rs309527,19,AMR,2022,0.0829,synonymous,GENE0211
rs715722,2,EUR,2019,0.0445,stop_gained,GENE0040
rs198898,12,AMR,2016,0.1528,intronic,GENE0274
rs714534,18,AFR,2015,0.027,intronic,GENE0156
rs387403,3,AFR,2021,0.0315,intronic,GENE0123
rs227684,9,EUR,2017,0.0388,missense,GENE0188
rs681649,20,SAS,2016,0.0633,synonymous,GENE0079
rs733933,8,AFR,2016,0.0669,intronic,GENE0205
rs603104,1,EAS,2017,0.0854,missense,GENE0248
rs979250,9,AMR,2019,0.1521,intronic,GENE0217
rs994230,20,AMR,2016,0.0313,stop_gained,GENE0075
rs883435,16,EUR,2015,0.1308,synonymous,GENE0024
rs439245,19,AFR,2022,0.0,missense,GENE0231
rs970433,7,AMR,2021,0.3328,synonymous,GENE0023
rs542599,X,SAS,2023,0.0084,stop_gained,GENE0216
rs701738,17,AFR,2023,0.0975,stop_gained,GENE0018
rs633007,21,EUR,2020,0.4372,synonymous,GENE0050
rs485230,11,EUR,2019,0.0669,missense,GENE0165
rs766854,16,SAS,2020,0.1803,synonymous,GENE0098
rs357962,18,EAS,2017,0.3393,missense,GENE0110
rs772350,4,AMR,2016,0.0617,missense,GENE0212
rs348166,12,AMR,2018,0.0347,missense,GENE0043
rs835182,10,AMR,2015,0.0474,missense,GENE0150
rs618333,3,EAS,2020,0.113,missense,GENE0017
rs777818,1,EUR,2023,0.3177,synonymous,GENE0298
rs290836,10,AMR,2023,0.165,missense,GENE0082
rs675803,X,SAS,2020,0.099,intronic,GENE0021
rs97487,1,SAS,2017,0.2198,synonymous,GENE0286
rs528503,21,SAS,2019,0.0,missense,GENE0280
rs906466,9,AMR,2021,0.3855,missense,GENE0014
rs675613,8,AMR,2022,0.0476,stop_gained,GENE0296
rs531298,6,AMR,2020,0.0769,intronic,GENE0267
rs986427,18,EAS,2017,0.3169,stop_gained,GENE0081
rs897029,17,AFR,2018,0.1255,intronic,GENE0067
rs823553,9,AMR,2023,0.0571,synonymous,GENE0167
rs139521,6,AFR,2016,0.0427,missense,GENE0240
rs440228,18,SAS,2020,0.2143,intronic,GENE0049
rs810924,20,EUR,2017,0.1637,missense,GENE0255
rs140614,19,EUR,2016,0.0449,missense,GENE0205
rs356949,15,AFR,2023,0.0097,synonymous,GENE0034
rs438860,4,AFR,2016,0.4826,missense,GENE0246
rs543995,15,SAS,2023,0.0339,missense,GENE0034
rs94666,12,EUR,2016,0.0754,stop_gained,GENE0194
rs257788,16,SAS,2015,0.0364,synonymous,GENE0017
rs139527,12,EAS,2019,0.4445,synonymous,GENE0124
rs39798,22,EAS,2017,0.0126,stop_gained,GENE0031
rs351508,2,SAS,2017,0.0,intronic,GENE0086
rs937481,14,AFR,2023,0.0131,synonymous,GENE0123
rs271519,11,AFR,2016,0.0,intronic,GENE0145
rs704346,18,AMR,2017,0.0413,intronic,GENE0249
rs635149,18,SAS,2018,0.0126,intronic,GENE0005
rs10344,21,SAS,2021,0.033,intronic,GENE0113
rs438128,7,AFR,2022,0.0893,missense,GENE0172
rs684019,19,EAS,2022,0.0204,synonymous,GENE0021
rs831976,9,AMR,2022,0.1904,intronic,GENE0199
rs287337,18,AMR,2018,0.0495,stop_gained,GENE0219
rs603875,8,SAS,2023,0.0,missense,GENE0238
rs7948,10,EUR,2016,0.0469,stop_gained,GENE0038
rs965668,18,SAS,2020,0.0285,stop_gained,GENE0060
rs966528,1,SAS,2023,0.0189,missense,GENE0161
rs133897,18,EAS,2020,0.0,missense,GENE0158
rs901000,16,SAS,2020,0.0768,synonymous,GENE0051
rs544613,7,AMR,2020,0.1567,intronic,GENE0030
rs81841,15,EAS,2019,0.3093,stop_gained,GENE0217
rs12442,22,AMR,2017,0.0013,stop_gained,GENE0097
rs114269,20,SAS,2022,0.044,synonymous,GENE0218
rs652378,5,EUR,2015,0.2513,intronic,GENE0027
rs889641,7,EUR,2022,0.0726,missense,GENE0292
rs794640,9,SAS,2021,0.1326,missense,GENE0128
rs322276,9,EAS,2018,0.0419,stop_gained,GENE0281
rs277543,8,AMR,2020,0.0352,intronic,GENE0024
rs200393,14,EAS,2018,0.0604,synonymous,GENE0288
rs560950,10,AFR,2022,0.167,missense,GENE0159
rs389038,4,AMR,2017,0.1735,stop_gained,GENE0171
rs94212,11,EUR,2022,0.0766,missense,GENE0033
rs225815,7,AMR,2016,0.2977,synonymous,GENE0206
rs521339,9,AMR,2021,0.0468,stop_gained,GENE0140
rs927665,2,EAS,2019,0.0153,synonymous,GENE0034
rs750942,18,EUR,2020,0.2794,intronic,GENE0125
rs176131,19,AFR,2018,0.1137,intronic,GENE0292
rs343699,12,AMR,2022,0.0712,intronic,GENE0080
rs773135,16,EUR,2022,0.0263,intronic,GENE0235
rs778227,2,EUR,2017,0.2489,missense,GENE0269
rs909315,4,EUR,2023,0.0505,intronic,GENE0240
rs264427,11,AMR,2019,0.0647,synonymous,GENE0166
rs32249,18,SAS,2019,0.0646,synonymous,GENE0117
rs683059,8,EAS,2020,0.0735,synonymous,GENE0263
rs484397,22,EAS,2022,0.3496,missense,GENE0070
rs967117,20,EAS,2020,0.0,synonymous,GENE0094
rs460572,8,EUR,2021,0.0741,missense,GENE0122
rs390089,3,SAS,2019,0.1218,missense,GENE0230
rs10843,17,SAS,2018,0.0439,intronic,GENE0051
rs323025,19,AMR,2015,0.0994,synonymous,GENE0067
rs317778,16,SAS,2017,0.0827,synonymous,GENE0257
rs92177,6,AMR,2018,0.0841,stop_gained,GENE0175
rs832505,6,EAS,2023,0.0224,stop_gained,GENE0123
rs796682,19,AFR,2017,0.0346,stop_gained,GENE0132
rs26541,8,AFR,2019,0.1573,stop_gained,GENE0299
rs488275,20,EUR,2018,0.3872,synonymous,GENE0274
rs344473,4,EUR,2023,0.5319,synonymous,GENE0156
rs417576,17,EAS,2020,0.046,intronic,GENE0136
rs760435,17,EAS,2015,0.0591,stop_gained,GENE0157
rs970174,9,EUR,2019,0.0852,missense,GENE0125
rs22126,2,AMR,2020,0.0005,stop_gained,GENE0197
rs237153,12,AMR,2020,0.0309,synonymous,GENE0238
rs156534,12,AMR,2018,0.0,missense,GENE0213
rs574892,14,AMR,2015,0.0735,synonymous,GENE0297
rs473738,9,AMR,2023,0.0573,intronic,GENE0103
rs920824,2,AFR,2015,0.0413,synonymous,GENE0210
rs817012,16,EUR,2023,0.1385,intronic,GENE0103
rs1159,15,SAS,2018,0.0,intronic,GENE0269
rs204556,20,AFR,2021,0.2016,intronic,GENE0008
rs454155,20,AFR,2015,0.0,stop_gained,GENE0243
rs871993,12,AFR,2015,0.0067,synonymous,GENE0240
rs500638,13,AMR,2017,0.1154,missense,GENE0127
rs292385,12,AFR,2018,0.0878,intronic,GENE0187
rs218540,8,AMR,2015,0.0328,missense,GENE0091
rs711214,19,EUR,2023,0.1321,stop_gained,GENE0184
rs230845,13,EUR,2023,0.1175,missense,GENE0207
rs615915,7,SAS,2020,0.0191,synonymous,GENE0053
rs192141,17,EUR,2016,0.0385,synonymous,GENE0005
rs87971,15,EUR,2023,0.0368,stop_gained,GENE0083
rs297654,2,SAS,2023,0.1638,synonymous,GENE0207
rs863821,13,AMR,2019,0.3817,stop_gained,GENE0080
rs204532,X,EUR,2015,0.0582,stop_gained,GENE0099
rs661665,13,EAS,2018,0.0708,intronic,GENE0250
rs867212,16,SAS,2018,0.1453,synonymous,GENE0278
rs793153,8,EAS,2023,0.0,synonymous,GENE0190
rs560580,1,SAS,2023,0.2423,intronic,GENE0224
rs457636,6,EUR,2017,0.0332,intronic,GENE0282
rs363068,22,AMR,2020,0.0281,synonymous,GENE0280
rs498982,18,AMR,2017,0.0379,intronic,GENE0283
rs245626,22,AFR,2022,0.2385,synonymous,GENE0058
rs730344,10,EUR,2016,0.0041,missense,GENE0190
rs442557,8,EAS,2017,0.0697,synonymous,GENE0068
rs830531,22,EUR,2016,0.0074,missense,GENE0289
rs647161,20,AMR,2018,0.1234,intronic,GENE0271
rs641644,2,AMR,2018,0.0757,intronic,GENE0105
rs515195,7,EAS,2015,0.1249,intronic,GENE0156
rs806115,5,EAS,2018,0.3452,missense,GENE0105
rs898905,8,AMR,2018,0.0058,missense,GENE0040
rs832842,5,EUR,2018,0.2025,missense,GENE0026
rs933371,19,AFR,2018,0.1678,missense,GENE0078
rs2333,8,SAS,2021,0.1187,intronic,GENE0171
rs439755,11,SAS,2015,0.0431,intronic,GENE0299
rs363609,21,SAS,2017,0.0,synonymous,GENE0179
rs532318,5,AMR,2023,0.1832,intronic,GENE0123
rs155785,22,AFR,2018,0.0,synonymous,GENE0191
rs134418,10,EUR,2015,0.0426,stop_gained,GENE0036
rs182861,X,EAS,2016,0.0137,missense,GENE0099
rs110933,5,SAS,2023,0.1324,missense,GENE0042
rs652000,13,AFR,2023,0.2165,missense,GENE0287
rs107637,22,AFR,2019,0.2087,synonymous,GENE0111
rs21302,2,SAS,2018,0.0207,stop_gained,GENE0118
rs548750,22,AFR,2019,0.1143,synonymous,GENE0048
rs98852,15,EAS,2022,0.3674,stop_gained,GENE0054
rs680833,19,EUR,2017,0.0553,intronic,GENE0212
rs22220,14,EAS,2022,0.0369,synonymous,GENE0156
rs578716,21,EAS,2017,0.0402,intronic,GENE0012
rs931261,2,EAS,2018,0.131,intronic,GENE0001
rs163209,21,SAS,2021,0.0215,synonymous,GENE0202
rs362969,21,AMR,2019,0.1822,synonymous,GENE0222
rs848293,3,AMR,2021,0.0402,missense,GENE0132
rs131746,13,EUR,2015,0.0237,stop_gained,GENE0180
rs522570,7,EAS,2023,0.0,missense,GENE0155
rs635659,12,EUR,2015,0.0108,intronic,GENE0290
rs688049,11,EUR,2018,0.0163,stop_gained,GENE0201
rs470455,20,SAS,2022,0.2364,stop_gained,GENE0144
rs342604,3,EAS,2023,0.0041,intronic,GENE0283
rs345241,4,SAS,2021,0.05,missense,GENE0100
rs723514,6,EAS,2019,0.246,missense,GENE0208
rs340197,17,AFR,2015,0.049,missense,GENE0086
rs599040,5,EUR,2019,0.0514,synonymous,GENE0219
rs720603,11,AFR,2019,0.0277,intronic,GENE0174
rs109818,2,EAS,2016,0.08,stop_gained,GENE0082
rs130801,22,EUR,2020,0.0598,stop_gained,GENE0002
rs460752,7,AFR,2020,0.0035,missense,GENE0242
rs90585,4,AMR,2023,0.0,synonymous,GENE0189
rs703469,12,EAS,2017,0.0947,missense,GENE0223
rs745138,14,EUR,2022,0.1293,synonymous,GENE0114
rs338776,13,EUR,2022,0.15,stop_gained,GENE0231
rs704008,6,EUR,2020,0.1256,intronic,GENE0290
rs943817,7,EAS,2017,0.0437,missense,GENE0109
rs663403,10,SAS,2019,0.1686,synonymous,GENE0279
rs505169,12,EUR,2018,0.057,stop_gained,GENE0021
rs485791,X,AMR,2017,0.0128,stop_gained,GENE0295
rs444687,4,AMR,2021,0.0613,intronic,GENE0208
rs450262,10,AFR,2022,0.1439,intronic,GENE0263
rs733258,18,AMR,2022,0.0127,stop_gained,GENE0257
rs259130,12,AFR,2021,0.3295,intronic,GENE0041
rs119008,16,EUR,2022,0.0287,missense,GENE0126
rs869434,21,AMR,2017,0.222,synonymous,GENE0197
rs460767,12,SAS,2020,0.0558,intronic,GENE0192
rs918518,1,EAS,2015,0.1396,intronic,GENE0050
rs257228,1,EAS,2023,0.2067,stop_gained,GENE0054
rs458600,16,AFR,2021,0.0866,synonymous,GENE0013
rs625545,19,AMR,2016,0.1191,intronic,GENE0072
rs392327,3,AFR,2020,0.062,synonymous,GENE0295
rs269007,1,EUR,2016,0.0307,missense,GENE0013
rs33249,2,AMR,2022,0.0731,missense,GENE0107
rs285015,15,EAS,2019,0.6637,intronic,GENE0276
rs646445,5,AMR,2017,0.5485,missense,GENE0083
rs337777,18,EAS,2022,0.0017,synonymous,GENE0273
rs367207,1,AMR,2015,0.0225,intronic,GENE0106
rs256233,16,AFR,2023,0.1274,intronic,GENE0271
rs72104,16,AMR,2019,0.0549,missense,GENE0122
rs951226,20,SAS,2021,0.0707,stop_gained,GENE0237
rs977911,17,SAS,2023,0.0311,stop_gained,GENE0254
rs413030,2,AFR,2016,0.1918,stop_gained,GENE0042
rs517014,12,EUR,2023,0.056,intronic,GENE0295
rs5635,19,EAS,2017,0.2081,stop_gained,GENE0142
rs129161,X,EUR,2017,0.1032,missense,GENE0153
rs312910,12,AFR,2017,0.0341,intronic,GENE0197
rs750655,16,AMR,2023,0.0101,synonymous,GENE0173
rs527901,12,EUR,2020,0.0361,intronic,GENE0009
rs151116,21,EAS,2021,0.295,stop_gained,GENE0073
rs321562,19,EAS,2017,0.1102,stop_gained,GENE0057
rs467256,5,AFR,2019,0.2337,intronic,GENE0231
rs886566,8,AFR,2023,0.2089,missense,GENE0172
rs992813,2,SAS,2016,0.0465,stop_gained,GENE0275
rs831017,19,EAS,2015,0.1042,intronic,GENE0109
rs336092,16,SAS,2020,0.1013,synonymous,GENE0201
rs927492,15,SAS,2016,0.1152,missense,GENE0286
rs684917,17,EAS,2021,0.1053,intronic,GENE0028
rs75583,11,SAS,2022,0.2813,intronic,GENE0191
rs660034,18,AMR,2019,0.0,stop_gained,GENE0264
rs307704,1,EUR,2016,0.0109,intronic,GENE0183
rs445000,18,AMR,2019,0.0405,missense,GENE0142
rs423116,11,AFR,2015,0.2609,intronic,GENE0112
rs751164,11,AMR,2022,0.2975,synonymous,GENE0135
rs142245,7,EAS,2019,0.045,missense,GENE0253
rs212425,8,EUR,2016,0.0262,intronic,GENE0114
rs941525,10,EUR,2018,0.0462,intronic,GENE0294
rs759119,17,AMR,2020,0.016,missense,GENE0205
rs244501,21,SAS,2020,0.1351,intronic,GENE0097
rs811575,15,EUR,2022,0.2269,synonymous,GENE0220
rs527456,9,AMR,2015,0.1704,intronic,GENE0165
rs850631,2,EUR,2023,0.0225,intronic,GENE0193
rs748504,10,AFR,2019,0.0279,intronic,GENE0268
rs988689,16,EAS,2022,0.0502,synonymous,GENE0086
rs931359,X,EUR,2020,0.0305,intronic,GENE0166
rs523592,19,AMR,2021,0.356,synonymous,GENE0053
rs251571,12,SAS,2019,0.0,intronic,GENE0202
rs169552,5,SAS,2021,0.006,synonymous,GENE0158
rs762025,19,SAS,2021,0.3965,missense,GENE0201
rs851764,14,AMR,2017,0.1554,synonymous,GENE0191
rs565130,7,EAS,2015,0.1411,stop_gained,GENE0004
rs110935,3,EAS,2022,0.0398,intronic,GENE0104
rs800921,4,EAS,2016,0.0,missense,GENE0074
rs418409,19,AFR,2019,0.0101,stop_gained,GENE0281
rs97234,X,AMR,2015,0.0249,stop_gained,GENE0035
rs516015,17,EUR,2023,0.1253,missense,GENE0091
rs433001,19,SAS,2016,0.1583,intronic,GENE0250
rs657633,14,EAS,2015,0.0607,intronic,GENE0204
rs462783,7,SAS,2017,0.0065,intronic,GENE0235
rs724116,2,EAS,2021,0.1931,missense,GENE0007
rs644916,9,EUR,2018,0.052,synonymous,GENE0026
rs327491,2,AMR,2015,0.3915,synonymous,GENE0132
rs351885,14,SAS,2015,0.0,stop_gained,GENE0128
rs335647,3,AMR,2015,0.1485,intronic,GENE0223
rs879261,6,AMR,2019,0.0,missense,GENE0027
rs998003,17,EAS,2020,0.0,intronic,GENE0147
rs415539,2,EUR,2020,0.0506,synonymous,GENE0205
rs751676,13,AMR,2015,0.0447,synonymous,GENE0279
rs934162,20,EAS,2016,0.0206,intronic,GENE0139
rs639831,5,AMR,2023,0.0744,missense,GENE0185
rs374086,8,EAS,2022,0.0249,stop_gained,GENE0020
rs343417,1,AFR,2021,0.2676,missense,GENE0063
rs978430,17,EUR,2016,0.173,intronic,GENE0081
rs563665,9,EUR,2020,0.0408,synonymous,GENE0068
rs848329,13,AFR,2018,0.0292,intronic,GENE0082
rs828925,4,EUR,2015,0.0,synonymous,GENE0065
rs570824,14,AFR,2019,0.3049,intronic,GENE0286
rs164590,X,AMR,2017,0.0583,stop_gained,GENE0187
rs186504,13,AFR,2020,0.1502,synonymous,GENE0078
rs220225,X,AMR,2019,0.0091,stop_gained,GENE0211
rs140029,19,SAS,2018,0.0042,synonymous,GENE0052
rs366252,X,SAS,2016,0.1445,stop_gained,GENE0269
rs408644,9,SAS,2016,0.0263,stop_gained,GENE0057
rs824636,18,AMR,2021,0.0267,intronic,GENE0080
rs263322,X,AMR,2023,0.0173,missense,GENE0174
rs841144,12,SAS,2018,0.0459,intronic,GENE0163
rs295809,20,EUR,2023,0.0,stop_gained,GENE0020
rs914354,11,EAS,2018,0.1043,stop_gained,GENE0048
rs925509,14,EUR,2015,0.0835,stop_gained,GENE0193
rs528831,2,EUR,2019,0.0623,stop_gained,GENE0064
rs346977,17,EAS,2020,0.0679,stop_gained,GENE0249
rs165523,12,AMR,2018,0.3243,stop_gained,GENE0091
rs504554,7,SAS,2021,0.1031,intronic,GENE0138
rs277604,4,AMR,2022,0.0301,intronic,GENE0107
rs559059,11,EAS,2023,0.1615,stop_gained,GENE0252
rs113947,10,AFR,2017,0.0041,missense,GENE0235
rs76811,18,AMR,2022,0.2279,missense,GENE0219
rs97081,14,SAS,2015,0.0026,intronic,GENE0111
rs860045,7,SAS,2020,0.101,synonymous,GENE0174
rs722525,14,SAS,2016,0.0,synonymous,GENE0137
rs744986,17,AFR,2021,0.0,synonymous,GENE0284
rs922083,13,AFR,2018,0.1931,synonymous,GENE0083
rs222569,14,AMR,2016,0.077,synonymous,GENE0159
rs938562,18,EAS,2018,0.0183,missense,GENE0166
rs472828,18,SAS,2022,0.0668,missense,GENE0194
rs709315,13,AMR,2019,0.1777,stop_gained,GENE0105
rs586132,11,EUR,2018,0.0642,intronic,GENE0144
rs721241,7,AFR,2019,0.0022,missense,GENE0135
rs463442,17,AFR,2016,0.0051,stop_gained,GENE0105
rs266172,12,AFR,2018,0.0215,intronic,GENE0065
rs908057,9,AFR,2017,0.1314,intronic,GENE0222
rs77751,16,AMR,2022,0.0,synonymous,GENE0280
rs177733,21,EAS,2016,0.0613,synonymous,GENE0020
rs74812,9,AFR,2021,0.0992,stop_gained,GENE0052
rs530513,7,SAS,2023,0.0985,intronic,GENE0081
rs893132,8,AFR,2019,0.0138,synonymous,GENE0204
rs874155,12,AMR,2023,0.0601,stop_gained,GENE0049
rs12105,21,EAS,2016,0.0373,synonymous,GENE0209
rs639953,18,EUR,2019,0.0443,synonymous,GENE0176
rs930144,16,SAS,2015,0.0964,intronic,GENE0178
rs217661,14,SAS,2022,0.2528,intronic,GENE0153
rs143478,13,EAS,2021,0.2011,synonymous,GENE0185
rs340790,20,AMR,2018,0.1739,stop_gained,GENE0163
rs930016,13,AFR,2023,0.0691,intronic,GENE0173
rs607729,10,AMR,2016,0.2245,missense,GENE0046
rs474051,14,AFR,2018,0.0394,missense,GENE0212
rs47856,4,EAS,2022,0.3772,stop_gained,GENE0075
rs11388,6,EAS,2020,0.0639,synonymous,GENE0039
rs62098,20,EAS,2017,0.0643,stop_gained,GENE0164
rs949641,3,EAS,2021,0.0805,intronic,GENE0265
rs833576,2,EUR,2020,0.0469,synonymous,GENE0004
rs19158,X,AFR,2020,0.0915,missense,GENE0160
rs607681,15,EUR,2017,0.073,synonymous,GENE0062
rs942873,20,EUR,2019,0.0641,intronic,GENE0116
rs236196,12,EUR,2017,0.049,synonymous,GENE0150
rs644805,X,EUR,2016,0.0624,synonymous,GENE0011
rs864859,4,AMR,2021,0.0092,missense,GENE0040
rs911214,21,AMR,2023,0.0207,stop_gained,GENE0230
rs410363,8,AFR,2016,0.0146,intronic,GENE0192
rs506150,18,AMR,2017,0.1438,intronic,GENE0222
rs320113,X,EUR,2018,0.0248,stop_gained,GENE0015
rs430875,7,AFR,2019,0.0079,missense,GENE0100
rs460253,17,SAS,2018,0.0594,stop_gained,GENE0070
rs629108,1,SAS,2017,0.0334,missense,GENE0199
rs930476,12,EAS,2018,0.0525,missense,GENE0102
rs650933,15,AMR,2019,0.1324,synonymous,GENE0207
rs581852,2,AFR,2017,0.0687,intronic,GENE0221
rs782628,2,AFR,2023,0.0469,missense,GENE0193
rs448919,14,AMR,2018,0.0,missense,GENE0193
rs661849,13,EUR,2017,0.0557,intronic,GENE0157
rs538214,15,SAS,2022,0.1299,missense,GENE0104
rs114285,16,EAS,2020,0.0431,stop_gained,GENE0011
rs671212,7,SAS,2020,0.0653,missense,GENE0083
rs871192,20,SAS,2021,0.0682,intronic,GENE0069
rs110678,14,AMR,2021,0.0164,intronic,GENE0174
rs720242,4,EAS,2021,0.1344,stop_gained,GENE0234
rs922095,15,AFR,2017,0.0813,missense,GENE0071
rs975406,2,AMR,2018,0.1613,synonymous,GENE0051
rs265906,22,AFR,2022,0.0382,missense,GENE0208
rs610305,3,AMR,2023,0.0274,synonymous,GENE0147
rs216582,16,EAS,2021,0.1196,stop_gained,GENE0252
rs806206,19,SAS,2021,0.2736,synonymous,GENE0276
rs189916,12,SAS,2023,0.2919,synonymous,GENE0240
rs805357,14,AFR,2018,0.1475,stop_gained,GENE0198
rs791279,21,EUR,2017,0.0632,intronic,GENE0237
rs98117,1,EAS,2017,0.1305,stop_gained,GENE0252
rs417012,8,EUR,2018,0.0538,synonymous,GENE0222
rs299529,10,EUR,2015,0.0495,missense,GENE0112
rs481227,4,AFR,2015,0.0086,synonymous,GENE0129
rs462500,11,EUR,2019,0.0433,synonymous,GENE0210
rs750803,10,AMR,2016,0.0572,missense,GENE0288
rs569086,16,AMR,2020,0.0141,stop_gained,GENE0033
rs563129,2,AFR,2018,0.2934,synonymous,GENE0027
rs609037,3,AFR,2023,0.0829,intronic,GENE0015
rs471859,2,AMR,2017,0.0323,missense,GENE0180
rs232305,1,AMR,2018,0.0,missense,GENE0250
rs861926,21,SAS,2017,0.1467,intronic,GENE0097
rs785092,13,EUR,2020,0.0618,missense,GENE0106
rs82890,16,SAS,2019,0.0348,intronic,GENE0078
rs301885,21,EAS,2023,0.1758,synonymous,GENE0019
rs820645,6,AMR,2023,0.0193,stop_gained,GENE0014
rs687356,16,AFR,2023,0.0414,missense,GENE0044
rs342430,19,AFR,2017,0.3421,stop_gained,GENE0129
rs153354,21,EUR,2019,0.0541,missense,GENE0276
rs201837,5,AFR,2017,0.1583,intronic,GENE0087
rs68699,13,EAS,2022,0.0467,stop_gained,GENE0233
rs596409,2,AFR,2020,0.0837,missense,GENE0219
rs363423,10,EUR,2019,0.2416,synonymous,GENE0165
rs495939,4,EAS,2019,0.0203,missense,GENE0127
rs264229,5,EUR,2020,0.0321,synonymous,GENE0217
rs141162,1,EAS,2020,0.037,intronic,GENE0231
rs608377,15,AMR,2019,0.0348,missense,GENE0061
rs907584,14,AFR,2019,0.1078,intronic,GENE0242
rs258876,14,SAS,2021,0.164,intronic,GENE0167
rs325157,8,EAS,2017,0.0063,missense,GENE0243
rs640497,X,EAS,2018,0.099,missense,GENE0193
rs437912,4,AMR,2015,0.0404,missense,GENE0298
rs55971,18,AMR,2023,0.0334,intronic,GENE0019
rs80758,12,AFR,2018,0.0268,synonymous,GENE0213
rs391965,9,AMR,2020,0.0148,intronic,GENE0020
rs583679,9,AFR,2019,0.0249,missense,GENE0257
rs959983,15,EAS,2020,0.0964,stop_gained,GENE0261
rs913119,21,SAS,2017,0.044,intronic,GENE0147
rs971882,19,SAS,2019,0.2568,intronic,GENE0296
rs823798,14,AFR,2018,0.2048,missense,GENE0062
rs518014,18,AMR,2022,0.0303,intronic,GENE0083
rs682517,13,EAS,2015,0.0698,synonymous,GENE0012
rs975575,5,AMR,2019,0.0182,stop_gained,GENE0064
rs438469,20,AFR,2021,0.1383,stop_gained,GENE0052
rs225643,4,EUR,2017,0.1053,stop_gained,GENE0002
rs25101,17,SAS,2021,0.2268,missense,GENE0019
rs357152,16,AMR,2021,0.2185,missense,GENE0152
rs580088,17,EAS,2015,0.0593,missense,GENE0055
rs911060,1,AFR,2016,0.0117,missense,GENE0132
rs368131,6,AMR,2020,0.1085,missense,GENE0202
rs891690,8,SAS,2021,0.3057,intronic,GENE0297
rs309232,16,AFR,2016,0.3091,intronic,GENE0199
rs810951,2,AFR,2022,0.1387,stop_gained,GENE0045
rs206581,6,SAS,2018,0.0636,stop_gained,GENE0172
rs468624,6,EUR,2018,0.0783,missense,GENE0157
rs515520,2,AMR,2020,0.4078,missense,GENE0164
rs717084,8,AFR,2017,0.3699,intronic,GENE0258
rs306022,3,EAS,2021,0.0547,synonymous,GENE0222
rs678969,7,AMR,2015,0.0556,stop_gained,GENE0238
rs828611,9,EAS,2022,0.007,stop_gained,GENE0151
rs92879,5,EUR,2023,0.2936,synonymous,GENE0251
rs573242,1,AMR,2020,0.0644,stop_gained,GENE0018
rs464060,20,AMR,2016,0.2905,stop_gained,GENE0249
rs926983,16,AMR,2020,0.0,intronic,GENE0116
rs369128,7,EAS,2017,0.01,intronic,GENE0014
rs167326,9,AFR,2020,0.0028,missense,GENE0162
rs567073,21,AFR,2020,0.0408,stop_gained,GENE0042
rs526319,6,AMR,2018,0.2882,stop_gained,GENE0111
rs110265,19,EUR,2020,0.0653,synonymous,GENE0275
rs143802,18,AMR,2016,0.0535,synonymous,GENE0132
rs341284,4,AMR,2018,0.1893,synonymous,GENE0246
rs815681,15,EAS,2023,0.2363,synonymous,GENE0113
rs614094,3,AMR,2019,0.3004,intronic,GENE0014
rs303012,10,AFR,2022,0.01,synonymous,GENE0156
rs335424,5,EUR,2020,0.0995,intronic,GENE0119
rs345355,X,AFR,2018,0.3177,intronic,GENE0284
rs761059,17,EUR,2016,0.0194,intronic,GENE0126
rs719405,21,SAS,2023,0.0568,synonymous,GENE0227
rs651808,X,EAS,2019,0.0,intronic,GENE0043
rs618979,20,AFR,2017,0.043,missense,GENE0242
rs776562,21,EUR,2015,0.1637,stop_gained,GENE0132
rs526353,11,AFR,2022,0.0468,synonymous,GENE0108
rs589994,X,AMR,2021,0.093,intronic,GENE0246
rs754100,7,SAS,2019,0.0413,missense,GENE0160
rs983254,14,EUR,2021,0.0473,missense,GENE0222
rs836416,20,EAS,2016,0.3427,missense,GENE0177
rs984011,6,AMR,2022,0.4301,intronic,GENE0033
rs25178,4,SAS,2022,0.118,missense,GENE0276
rs614056,11,AMR,2018,0.0,synonymous,GENE0102
rs459392,X,AFR,2016,0.2152,synonymous,GENE0296
rs515714,16,AMR,2017,0.031,intronic,GENE0224
rs618065,15,EUR,2018,0.0154,intronic,GENE0268
rs334701,22,EUR,2020,0.0,synonymous,GENE0045
rs50390,22,SAS,2016,0.2407,intronic,GENE0293
rs766357,16,EAS,2021,0.1175,intronic,GENE0226
rs786780,10,AFR,2019,0.0909,missense,GENE0025
rs622499,11,EUR,2019,0.0402,intronic,GENE0176
rs782598,2,EUR,2019,0.0895,synonymous,GENE0210
rs549792,X,AFR,2021,0.5732,intronic,GENE0113
rs342620,19,EAS,2021,0.0707,synonymous,GENE0217
rs388424,11,EAS,2018,0.0306,intronic,GENE0002
rs946235,5,AFR,2022,0.0263,missense,GENE0106
rs418599,9,EUR,2020,0.278,missense,GENE0194
rs609526,16,EUR,2016,0.048,stop_gained,GENE0293
rs202318,18,AMR,2016,0.1274,missense,GENE0027
rs782610,18,EAS,2023,0.3466,synonymous,GENE0176
rs78661,2,SAS,2015,0.0465,synonymous,GENE0161
rs711280,X,EUR,2019,0.0,missense,GENE0126
rs674594,6,AFR,2021,0.0,intronic,GENE0132
rs596102,7,SAS,2020,0.0079,synonymous,GENE0216
rs770333,22,AMR,2017,0.049,intronic,GENE0204
rs704296,9,SAS,2017,0.1813,intronic,GENE0074
rs769224,19,EAS,2018,0.0433,synonymous,GENE0156
rs618627,18,EUR,2015,0.4631,synonymous,GENE0103
rs730190,6,AMR,2017,0.0219,stop_gained,GENE0161
rs85644,20,SAS,2017,0.0017,synonymous,GENE0234
rs970310,10,SAS,2023,0.2938,missense,GENE0098
rs424454,19,EUR,2017,0.2081,missense,GENE0057
rs95586,20,EAS,2018,0.2878,missense,GENE0118
rs177667,4,EAS,2019,0.1015,stop_gained,GENE0245
rs579796,2,SAS,2015,0.1869,synonymous,GENE0233
rs590849,3,EAS,2023,0.0907,intronic,GENE0244
rs611715,20,SAS,2022,0.1599,intronic,GENE0203
rs993636,2,EAS,2020,0.1531,stop_gained,GENE0242
rs216169,20,EUR,2023,0.0299,intronic,GENE0284
rs85837,19,SAS,2021,0.0472,stop_gained,GENE0241
rs491527,5,AMR,2022,0.1038,synonymous,GENE0275
rs91592,18,AMR,2015,0.0282,stop_gained,GENE0170
rs561292,16,SAS,2016,0.0808,synonymous,GENE0115
rs482892,11,SAS,2021,0.0211,missense,GENE0154
rs900360,14,AFR,2023,0.0786,synonymous,GENE0062
rs920741,18,AMR,2019,0.0,intronic,GENE0041
rs920421,11,EUR,2020,0.035,missense,GENE0173
rs504618,20,EAS,2017,0.0459,intronic,GENE0292
rs25725,18,AFR,2021,0.0444,synonymous,GENE0293
rs46592,6,AMR,2017,0.4078,synonymous,GENE0131
rs869387,13,AMR,2023,0.095,intronic,GENE0175
rs66861,17,AMR,2018,0.061,synonymous,GENE0135
rs500260,5,AFR,2020,0.0518,stop_gained,GENE0111
rs748126,18,AMR,2020,0.1434,missense,GENE0141
rs151878,19,EAS,2022,0.0767,stop_gained,GENE0067
rs699856,19,EUR,2022,0.0352,intronic,GENE0003
rs897302,X,AFR,2021,0.063,stop_gained,GENE0010
rs578430,9,AFR,2022,0.0574,stop_gained,GENE0131
rs791314,14,SAS,2016,0.1233,missense,GENE0231
rs915538,6,SAS,2018,0.1468,synonymous,GENE0076
rs439748,13,AMR,2020,0.0642,missense,GENE0169
rs773051,6,EAS,2021,0.1487,stop_gained,GENE0284
rs569785,11,AFR,2018,0.0473,stop_gained,GENE0208
rs946776,1,AFR,2023,0.0374,synonymous,GENE0246
rs780399,16,EUR,2015,0.031,stop_gained,GENE0139
rs152876,7,AMR,2020,0.0303,intronic,GENE0169
rs201082,10,SAS,2018,0.0701,missense,GENE0124
rs910753,14,EUR,2020,0.0448,stop_gained,GENE0039
rs334952,4,SAS,2022,0.0493,missense,GENE0194
rs877395,19,AFR,2020,0.3889,stop_gained,GENE0107
rs240874,6,EAS,2022,0.0,intronic,GENE0031
rs80555,9,EAS,2019,0.2348,stop_gained,GENE0058
rs347746,22,EUR,2020,0.083,stop_gained,GENE0123
rs930661,5,AMR,2015,0.2463,intronic,GENE0055
rs938479,10,AMR,2016,0.0866,synonymous,GENE0025
rs872175,7,EUR,2020,0.0793,stop_gained,GENE0112
rs917566,18,AMR,2016,0.0678,intronic,GENE0256
rs560068,22,EAS,2019,0.0,stop_gained,GENE0096
rs923483,20,EUR,2020,0.0362,synonymous,GENE0102
rs200966,13,SAS,2016,0.0775,intronic,GENE0069
rs765070,19,AFR,2020,0.0302,stop_gained,GENE0233
rs756580,22,EUR,2015,0.0552,missense,GENE0294
rs672927,9,AFR,2016,0.0,intronic,GENE0089
rs548648,17,EAS,2020,0.0067,synonymous,GENE0101
rs957165,12,AFR,2020,0.1054,missense,GENE0236
rs48320,10,AMR,2019,0.0874,stop_gained,GENE0168
rs946855,10,EUR,2019,0.2619,intronic,GENE0042
rs313019,10,EUR,2016,0.3469,intronic,GENE0261
rs62378,7,EUR,2018,0.1011,stop_gained,GENE0247
rs945104,2,EUR,2018,0.0,synonymous,GENE0263
rs518875,3,EUR,2022,0.4113,synonymous,GENE0225
rs881842,10,EAS,2015,0.2284,synonymous,GENE0108
rs217367,2,AFR,2017,0.0386,stop_gained,GENE0195
rs160385,2,SAS,2022,0.2212,missense,GENE0090
rs658208,6,AMR,2020,0.0428,synonymous,GENE0260
rs973772,11,EAS,2019,0.0,synonymous,GENE0006
rs995556,7,SAS,2021,0.0769,stop_gained,GENE0043
rs536859,4,AFR,2023,0.2098,intronic,GENE0196
rs537133,18,EAS,2016,0.167,synonymous,GENE0074
rs736469,X,EUR,2015,0.1157,missense,GENE0227
rs782955,3,AMR,2020,0.0505,stop_gained,GENE0245
rs422779,13,AMR,2020,0.1211,intronic,GENE0197
rs520795,6,AMR,2020,0.0503,stop_gained,GENE0001
rs807094,17,AMR,2020,0.0431,synonymous,GENE0022
rs299143,15,SAS,2020,0.0255,synonymous,GENE0287
rs463845,4,EUR,2021,0.2246,intronic,GENE0236
rs509008,15,EUR,2015,0.0406,intronic,GENE0276
rs596320,8,AFR,2016,0.0831,stop_gained,GENE0140
rs136087,X,EAS,2022,0.0857,intronic,GENE0286
rs710261,7,EAS,2018,0.1756,intronic,GENE0190
rs141676,22,SAS,2016,0.1012,intronic,GENE0063
rs298648,7,SAS,2023,0.1543,synonymous,GENE0199
rs779449,20,EAS,2017,0.085,stop_gained,GENE0225
rs118073,13,AMR,2022,0.104,intronic,GENE0292
rs650552,X,AFR,2016,0.0188,synonymous,GENE0022
rs23865,7,AFR,2017,0.2694,synonymous,GENE0206
rs869040,2,AFR,2017,0.1347,stop_gained,GENE0271
rs892109,1,AMR,2022,0.013,synonymous,GENE0176
rs29155,10,AMR,2020,0.1223,intronic,GENE0033
rs852739,16,EAS,2022,0.1145,synonymous,GENE0268
rs933839,7,AFR,2022,0.5316,intronic,GENE0129
rs827599,10,SAS,2020,0.0113,synonymous,GENE0120
rs951119,5,SAS,2018,0.1863,stop_gained,GENE0047
rs58584,19,SAS,2017,0.2398,synonymous,GENE0107
rs885945,19,EAS,2020,0.1007,stop_gained,GENE0065
rs672749,12,SAS,2015,0.0091,intronic,GENE0023
rs827087,10,SAS,2019,0.0409,stop_gained,GENE0165
rs722674,1,SAS,2020,0.5899,stop_gained,GENE0056
rs664459,5,SAS,2020,0.0611,missense,GENE0248
rs556296,16,SAS,2015,0.3299,synonymous,GENE0182
rs951727,7,EUR,2016,0.2569,missense,GENE0182
rs547456,5,AFR,2020,0.0577,intronic,GENE0094
rs720077,1,AMR,2017,0.0968,stop_gained,GENE0248
rs770210,4,SAS,2021,0.0356,intronic,GENE0224
rs260348,12,EAS,2017,0.0462,stop_gained,GENE0191
rs715719,10,AFR,2018,0.2218,stop_gained,GENE0196
rs799625,18,EAS,2022,0.0,intronic,GENE0099
rs244415,14,EUR,2015,0.0604,intronic,GENE0137
rs70405,10,AFR,2020,0.1229,synonymous,GENE0169
rs947743,6,EAS,2016,0.1432,stop_gained,GENE0075
rs711582,16,EAS,2021,0.0258,stop_gained,GENE0263
rs708759,3,AMR,2023,0.0997,intronic,GENE0177
rs559107,8,EUR,2022,0.0289,missense,GENE0092
rs275675,21,EUR,2019,0.3777,stop_gained,GENE0133
rs164034,11,EAS,2018,0.0174,synonymous,GENE0144
rs453138,13,SAS,2019,0.0601,synonymous,GENE0128
rs882928,1,AFR,2020,0.098,missense,GENE0261
rs221366,5,SAS,2016,0.0402,synonymous,GENE0274
rs158356,16,AMR,2015,0.5617,synonymous,GENE0296
rs670775,2,AFR,2023,0.3475,missense,GENE0229
rs543747,20,AMR,2019,0.0491,synonymous,GENE0244
rs354492,11,EUR,2022,0.062,stop_gained,GENE0151
rs88822,6,EAS,2023,0.0,missense,GENE0177
rs836456,12,EUR,2023,0.0845,stop_gained,GENE0203
rs614213,10,EUR,2016,0.0815,stop_gained,GENE0074
rs938180,22,AFR,2018,0.1993,missense,GENE0263
rs529595,3,EAS,2015,0.0834,missense,GENE0282
rs265817,X,EUR,2015,0.1882,stop_gained,GENE0256
rs256502,14,AFR,2016,0.3338,missense,GENE0045
rs186998,11,SAS,2015,0.034,synonymous,GENE0118
rs978002,8,AFR,2019,0.148,intronic,GENE0254
rs370536,9,AMR,2020,0.0372,missense,GENE0137
rs148324,17,EAS,2021,0.0502,intronic,GENE0103
rs822381,6,SAS,2022,0.0382,stop_gained,GENE0249
rs894602,20,AMR,2022,0.0543,missense,GENE0284
rs446186,16,SAS,2022,0.4721,stop_gained,GENE0048
rs962099,15,EUR,2019,0.0294,intronic,GENE0075
rs908784,16,AFR,2016,0.111,synonymous,GENE0031
rs543023,16,AMR,2022,0.0484,missense,GENE0290
rs761735,18,EAS,2021,0.0467,intronic,GENE0284
rs75342,7,EAS,2015,0.2107,intronic,GENE0119
rs671753,2,AMR,2023,0.0953,synonymous,GENE0139
rs499810,12,EUR,2015,0.0813,intronic,GENE0003
rs50757,2,AFR,2022,0.1968,synonymous,GENE0231
rs119751,3,AFR,2023,0.0667,synonymous,GENE0006
rs213704,3,EUR,2019,0.1179,stop_gained,GENE0158
rs523122,6,EUR,2018,0.0796,stop_gained,GENE0245
rs629372,21,EAS,2020,0.2334,missense,GENE0133
rs677561,16,AFR,2018,0.1369,synonymous,GENE0233
rs611366,16,SAS,2017,0.1018,intronic,GENE0277
rs723916,9,AMR,2017,0.101,intronic,GENE0137
rs523467,4,SAS,2017,0.021,synonymous,GENE0289
rs436745,9,EAS,2020,0.0253,stop_gained,GENE0176
rs548016,14,AFR,2022,0.0441,stop_gained,GENE0050
rs696081,2,EAS,2015,0.1168,synonymous,GENE0128
rs173416,5,AMR,2020,0.0808,synonymous,GENE0200
rs953864,10,AMR,2018,0.1415,missense,GENE0191
rs147957,17,EUR,2021,0.0198,intronic,GENE0051
rs426049,15,AMR,2021,0.0483,synonymous,GENE0108
rs506969,3,AFR,2015,0.0529,stop_gained,GENE0105
rs139310,6,AMR,2015,0.0465,synonymous,GENE0216
rs650279,10,AFR,2017,0.0125,missense,GENE0029
rs706023,8,EAS,2021,0.0628,missense,GENE0128
rs114108,22,AFR,2017,0.1144,synonymous,GENE0052
rs923111,10,SAS,2023,0.0423,synonymous,GENE0136
rs907153,13,EUR,2019,0.1253,synonymous,GENE0293
rs165523,13,AFR,2019,0.1883,intronic,GENE0165
rs471602,10,AMR,2016,0.0844,intronic,GENE0073
rs818499,13,AMR,2018,0.0,stop_gained,GENE0184
rs767240,18,AFR,2020,0.2163,intronic,GENE0077
rs286381,3,AFR,2022,0.033,stop_gained,GENE0299
rs869347,16,SAS,2020,0.0038,intronic,GENE0092
rs390950,10,SAS,2021,0.0726,synonymous,GENE0168
rs337053,1,AFR,2017,0.0331,stop_gained,GENE0096
rs906331,20,EAS,2021,0.0566,stop_gained,GENE0167
rs311533,17,AMR,2023,0.0,stop_gained,GENE0289
rs911977,9,EAS,2021,0.0877,intronic,GENE0141
rs151535,17,EAS,2022,0.0,stop_gained,GENE0110
rs677629,19,AMR,2019,0.0195,synonymous,GENE0206
rs506243,6,AMR,2019,0.0,synonymous,GENE0170
rs746674,10,EUR,2022,0.0277,missense,GENE0099
rs208684,19,SAS,2019,0.2019,missense,GENE0229
rs190858,5,AFR,2022,0.0,synonymous,GENE0012
rs604417,18,AMR,2018,0.0392,synonymous,GENE0273
rs443927,2,EUR,2016,0.0172,missense,GENE0176
rs901243,19,AMR,2020,0.2294,stop_gained,GENE0145
rs146021,1,AFR,2023,0.0909,stop_gained,GENE0035
rs560778,22,EUR,2017,0.2373,synonymous,GENE0247
rs129517,9,AFR,2023,0.1222,missense,GENE0255
rs112894,16,AMR,2022,0.1154,stop_gained,GENE0262
rs895518,15,EUR,2018,0.3125,synonymous,GENE0272
rs955763,11,AFR,2020,0.0417,missense,GENE0015
rs746726,19,EUR,2017,0.1674,intronic,GENE0028
rs277495,X,EUR,2018,0.0435,synonymous,GENE0175
rs272054,22,AFR,2023,0.0307,intronic,GENE0208
rs252720,8,AMR,2023,0.0095,missense,GENE0170
rs765577,1,AFR,2018,0.1385,missense,GENE0114
rs289043,11,AMR,2018,0.0063,synonymous,GENE0097
rs948930,12,AFR,2018,0.0224,synonymous,GENE0095
rs838647,1,EUR,2020,0.0,stop_gained,GENE0167
rs207672,9,SAS,2020,0.4489,stop_gained,GENE0050
rs404117,14,AMR,2021,0.1449,synonymous,GENE0208
rs968107,13,AMR,2020,0.3032,missense,GENE0031
rs158893,9,EUR,2020,0.0151,intronic,GENE0258
rs584243,5,EAS,2022,0.0284,stop_gained,GENE0179
rs357046,18,EAS,2015,0.0,intronic,GENE0041
rs861242,8,EUR,2020,0.0477,missense,GENE0109
rs425114,15,AFR,2015,0.0163,missense,GENE0288
rs705559,10,SAS,2021,0.0545,stop_gained,GENE0230
rs450464,15,AMR,2018,0.1146,stop_gained,GENE0066
rs527101,14,AMR,2023,0.3071,missense,GENE0272
rs324447,X,SAS,2015,0.0546,missense,GENE0152
rs250569,17,SAS,2020,0.0708,intronic,GENE0259
rs84026,20,SAS,2018,0.0409,stop_gained,GENE0091
rs133443,12,EAS,2023,0.1684,stop_gained,GENE0283
rs309217,10,AFR,2016,0.0225,missense,GENE0143
rs399911,7,AMR,2015,0.1901,missense,GENE0102
rs990993,7,EUR,2018,0.0,missense,GENE0181
rs555073,1,SAS,2019,0.0393,missense,GENE0135
rs637261,11,AFR,2023,0.0362,missense,GENE0115
rs231058,7,AFR,2018,0.0186,stop_gained,GENE0205
rs863632,6,SAS,2018,0.0449,intronic,GENE0016
rs257742,7,EUR,2017,0.0817,stop_gained,GENE0031
rs795151,4,AMR,2017,0.0571,intronic,GENE0150
rs45584,11,EUR,2022,0.0094,synonymous,GENE0121
rs78176,11,AFR,2021,0.0788,stop_gained,GENE0190
rs224942,4,AFR,2018,0.4519,synonymous,GENE0279
rs218781,11,SAS,2019,0.0,stop_gained,GENE0182
rs877114,9,AMR,2020,0.0182,synonymous,GENE0028
rs520245,X,EUR,2015,0.1235,stop_gained,GENE0090
rs702350,4,EAS,2019,0.1615,intronic,GENE0155
rs83884,15,EAS,2017,0.0822,stop_gained,GENE0204
rs767096,17,SAS,2021,0.2234,intronic,GENE0032
rs855360,14,EUR,2017,0.0332,missense,GENE0005
rs397698,1,EUR,2021,0.1709,intronic,GENE0101
rs55389,4,AMR,2017,0.0,missense,GENE0030
rs222302,3,AFR,2016,0.0407,synonymous,GENE0103
rs330285,14,EUR,2023,0.077,stop_gained,GENE0133
rs547868,18,AFR,2021,0.1465,stop_gained,GENE0230
rs681098,16,AFR,2017,0.2565,intronic,GENE0013
rs700624,12,EAS,2023,0.3234,intronic,GENE0057
rs310115,1,AMR,2017,0.1383,stop_gained,GENE0155
rs645228,8,EAS,2017,0.0685,synonymous,GENE0017
rs234057,5,AMR,2022,0.2584,stop_gained,GENE0183
rs963230,21,EAS,2018,0.0063,intronic,GENE0265
rs760880,16,AMR,2018,0.1139,intronic,GENE0254
rs467921,13,AFR,2018,0.093,synonymous,GENE0170
rs797845,5,EAS,2021,0.0993,missense,GENE0057
rs913540,3,SAS,2020,0.2151,synonymous,GENE0007
rs292916,22,EUR,2019,0.1587,missense,GENE0014
rs730336,5,AMR,2021,0.0387,stop_gained,GENE0089
rs617513,19,AFR,2023,0.3363,intronic,GENE0088
rs759897,4,AMR,2015,0.3503,stop_gained,GENE0101
rs927226,X,EAS,2022,0.0569,missense,GENE0242
rs435320,2,EAS,2020,0.0773,intronic,GENE0223
rs511530,18,EUR,2020,0.0618,stop_gained,GENE0032
rs997195,12,AFR,2021,0.0528,intronic,GENE0299
rs479304,2,AMR,2019,0.055,intronic,GENE0290
rs292714,X,SAS,2020,0.082,stop_gained,GENE0094
rs764282,4,EUR,2016,0.0,synonymous,GENE0071
rs121349,12,AFR,2016,0.0,synonymous,GENE0010
rs841778,11,EAS,2018,0.0818,missense,GENE0214
rs33543,3,SAS,2019,0.0,missense,GENE0166
rs213817,8,SAS,2015,0.0491,missense,GENE0223
rs440767,10,AMR,2023,0.0792,intronic,GENE0297
rs321565,14,EUR,2021,0.0579,stop_gained,GENE0265
rs265690,17,AFR,2015,0.0589,intronic,GENE0281
rs924930,12,EAS,2018,0.0781,synonymous,GENE0006
rs12805,11,EAS,2015,0.0537,synonymous,GENE0122
rs981633,17,SAS,2022,0.0543,synonymous,GENE0171
rs867432,18,EUR,2019,0.21,intronic,GENE0250
rs817735,9,AFR,2021,0.0545,synonymous,GENE0084
rs203678,21,EAS,2022,0.0255,intronic,GENE0179
rs789246,9,EAS,2023,0.4903,missense,GENE0248
rs784884,15,EUR,2017,0.2881,intronic,GENE0146
rs731467,11,AMR,2015,0.1006,stop_gained,GENE0028
rs470713,10,AMR,2015,0.5868,synonymous,GENE0293
rs312173,4,SAS,2018,0.0555,intronic,GENE0091
rs790401,8,EAS,2016,0.3147,missense,GENE0156
rs764983,1,SAS,2016,0.1499,stop_gained,GENE0109
rs466266,4,AFR,2016,0.0,intronic,GENE0246
rs715693,12,SAS,2015,0.0593,intronic,GENE0290
rs711020,21,AMR,2018,0.0315,stop_gained,GENE0275
rs231334,17,AFR,2020,0.3341,intronic,GENE0113
rs913202,16,AMR,2015,0.1645,intronic,GENE0095
rs698351,4,EUR,2015,0.0338,intronic,GENE0139
rs127180,6,EAS,2015,0.0487,missense,GENE0169
rs553813,4,EUR,2020,0.0,missense,GENE0157
rs529391,22,EUR,2023,0.2694,intronic,GENE0179
rs708588,1,EUR,2019,0.0,missense,GENE0013
rs535440,12,AMR,2021,0.5524,stop_gained,GENE0122
rs395066,8,AMR,2021,0.0896,missense,GENE0002
rs570864,11,AFR,2017,0.0297,missense,GENE0163
rs561164,17,EUR,2015,0.0471,intronic,GENE0152
rs789641,3,EUR,2020,0.0718,synonymous,GENE0162
rs504867,20,SAS,2019,0.1239,intronic,GENE0008
rs253350,9,EUR,2018,0.0,stop_gained,GENE0111
rs419416,7,AMR,2015,0.0336,intronic,GENE0099
rs436912,15,SAS,2015,0.3039,missense,GENE0260
rs179908,8,EUR,2017,0.2115,intronic,GENE0050
rs4136,20,EUR,2016,0.029,synonymous,GENE0189
rs773171,8,SAS,2020,0.0,stop_gained,GENE0202
rs767600,11,AFR,2019,0.0324,missense,GENE0200
rs10615,10,AMR,2020,0.0186,synonymous,GENE0279
rs654650,19,EUR,2021,0.1028,synonymous,GENE0158
rs746474,10,SAS,2016,0.0089,synonymous,GENE0113
rs287899,7,EUR,2021,0.3463,intronic,GENE0269
rs948820,3,EUR,2019,0.0378,synonymous,GENE0023
rs667117,11,AMR,2021,0.2904,missense,GENE0019
rs176257,6,EAS,2022,0.1664,stop_gained,GENE0011
rs477588,5,AFR,2020,0.0153,synonymous,GENE0109
rs80334,7,SAS,2020,0.0578,synonymous,GENE0286
rs421423,21,AFR,2022,0.2559,intronic,GENE0212
rs762777,12,AMR,2018,0.3087,intronic,GENE0128
rs895972,3,AMR,2023,0.0509,stop_gained,GENE0109
rs21621,10,AMR,2020,0.1417,stop_gained,GENE0127
rs508605,18,AMR,2017,0.0505,stop_gained,GENE0218
rs175019,14,EAS,2023,0.0317,missense,GENE0145
rs473579,16,AFR,2022,0.0564,missense,GENE0014
rs813252,22,AMR,2020,0.0624,missense,GENE0291
rs826935,21,AFR,2017,0.4136,synonymous,GENE0121
rs368352,4,EAS,2022,0.3605,missense,GENE0217
rs563550,X,EUR,2017,0.4005,synonymous,GENE0122
rs363621,18,SAS,2017,0.0733,intronic,GENE0287
rs432666,8,AMR,2019,0.0543,synonymous,GENE0255
rs649993,14,AFR,2023,0.0193,stop_gained,GENE0091
rs86377,5,SAS,2022,0.1877,missense,GENE0053
rs217609,8,EAS,2022,0.1067,intronic,GENE0019
rs741294,10,AMR,2023,0.0477,intronic,GENE0085
rs406847,7,EAS,2017,0.0763,synonymous,GENE0090
rs954928,X,EUR,2019,0.0712,intronic,GENE0274
rs10344,11,AFR,2015,0.0059,stop_gained,GENE0128
rs450547,4,AFR,2016,0.0794,missense,GENE0170
rs510334,18,SAS,2019,0.0241,synonymous,GENE0016
rs427744,22,SAS,2021,0.0566,intronic,GENE0144
rs147062,22,AMR,2017,0.2171,intronic,GENE0256
rs555995,12,SAS,2018,0.0096,synonymous,GENE0020
rs183415,20,EUR,2017,0.3779,stop_gained,GENE0231
rs637849,17,EAS,2019,0.1723,intronic,GENE0273
rs297115,15,AMR,2021,0.0469,intronic,GENE0267
rs69438,22,AFR,2016,0.4291,synonymous,GENE0043
rs601344,18,AMR,2019,0.0315,stop_gained,GENE0028
rs354139,5,AFR,2016,0.0484,stop_gained,GENE0180
rs767712,3,AMR,2019,0.0631,missense,GENE0286
rs318581,X,EUR,2015,0.0182,intronic,GENE0120
rs481466,15,AMR,2017,0.1269,missense,GENE0159
rs238642,15,EAS,2015,0.0996,missense,GENE0033
rs558882,17,SAS,2019,0.0,intronic,GENE0062
rs618837,7,AMR,2015,0.0436,missense,GENE0230
rs81246,14,EUR,2023,0.0574,synonymous,GENE0213
rs627859,8,AMR,2022,0.0433,intronic,GENE0218
rs820706,6,AFR,2018,0.0345,synonymous,GENE0265
rs764026,2,EUR,2019,0.0726,missense,GENE0062
rs167223,1,SAS,2019,0.177,intronic,GENE0164
rs627764,22,SAS,2017,0.0189,intronic,GENE0034
rs822760,18,EUR,2022,0.3623,synonymous,GENE0035
rs206118,4,SAS,2020,0.0442,stop_gained,GENE0175
rs676419,9,EUR,2016,0.1731,missense,GENE0138
rs867520,21,AFR,2023,0.1582,intronic,GENE0196
rs188319,10,EAS,2023,0.1426,missense,GENE0273
rs206365,17,EAS,2020,0.0036,missense,GENE0268
rs356865,13,EAS,2015,0.0107,synonymous,GENE0041
rs873054,13,EUR,2017,0.0,synonymous,GENE0116
rs959473,6,EAS,2023,0.2748,missense,GENE0112
rs30727,18,AMR,2022,0.0228,missense,GENE0046
rs624323,5,EUR,2023,0.0418,missense,GENE0246
rs696835,16,AMR,2020,0.0362,stop_gained,GENE0277
rs483231,18,AFR,2019,0.1258,stop_gained,GENE0285
rs254231,8,SAS,2016,0.3411,stop_gained,GENE0066
rs891405,1,EAS,2016,0.0048,stop_gained,GENE0186
rs721574,14,SAS,2022,0.066,synonymous,GENE0055
rs747613,3,EUR,2019,0.0855,intronic,GENE0273
rs139882,19,AMR,2021,0.2154,synonymous,GENE0205
rs213664,7,SAS,2020,0.1588,intronic,GENE0262
rs383869,8,SAS,2019,0.0,intronic,GENE0259
rs201386,2,AFR,2015,0.2247,intronic,GENE0187
rs336594,X,SAS,2021,0.0399,stop_gained,GENE0003
rs366722,18,SAS,2021,0.0302,stop_gained,GENE0143
rs361304,3,SAS,2020,0.027,stop_gained,GENE0079
rs766115,5,EAS,2022,0.0421,synonymous,GENE0189
rs781552,1,EUR,2015,0.0299,stop_gained,GENE0220
rs313871,17,EUR,2020,0.0,stop_gained,GENE0115
rs396691,X,EAS,2023,0.0615,intronic,GENE0060
rs928893,3,EAS,2017,0.1621,synonymous,GENE0053
rs380271,3,SAS,2017,0.008,intronic,GENE0230
rs565609,X,EUR,2019,0.1349,synonymous,GENE0023
rs256271,8,AFR,2021,0.0466,synonymous,GENE0162
rs105567,7,SAS,2021,0.0,stop_gained,GENE0066
rs400585,4,AMR,2019,0.0572,missense,GENE0021
rs319388,2,EUR,2017,0.1073,intronic,GENE0096
rs538579,8,AMR,2017,0.2558,missense,GENE0122
rs299252,2,EAS,2021,0.2553,synonymous,GENE0263
rs651148,10,EUR,2023,0.0074,stop_gained,GENE0031
rs895030,11,SAS,2018,0.0472,missense,GENE0192
rs699440,3,EAS,2018,0.0219,missense,GENE0162
rs535229,21,AMR,2021,0.3334,stop_gained,GENE0045
rs133692,5,EAS,2016,0.0,intronic,GENE0230
rs525895,20,EAS,2021,0.1236,stop_gained,GENE0248
rs155464,6,AMR,2021,0.1542,synonymous,GENE0005
rs369990,21,AFR,2016,0.1544,synonymous,GENE0256
rs946184,X,AMR,2020,0.0,stop_gained,GENE0230
rs98478,3,SAS,2023,0.062,missense,GENE0036
rs984763,7,EAS,2019,0.0682,synonymous,GENE0008
rs575944,14,EAS,2021,0.0391,stop_gained,GENE0256
rs66707,3,EAS,2018,0.0,missense,GENE0074
rs937573,1,EUR,2023,0.0458,missense,GENE0288
rs467832,2,AFR,2017,0.0206,missense,GENE0085
rs529356,22,AMR,2022,0.2208,stop_gained,GENE0182
rs137560,12,SAS,2015,0.0577,intronic,GENE0230
rs812021,21,EAS,2016,0.0469,intronic,GENE0022
rs88999,10,EAS,2015,0.5022,stop_gained,GENE0101
rs27092,17,EUR,2023,0.0575,stop_gained,GENE0008
rs26693,1,AMR,2015,0.0,missense,GENE0230
rs50514,1,AFR,2015,0.0,synonymous,GENE0200
rs58959,11,SAS,2021,0.0395,stop_gained,GENE0051
rs163980,22,AFR,2022,0.0565,stop_gained,GENE0001
rs963224,5,AMR,2019,0.0,intronic,GENE0178
rs742716,10,AFR,2015,0.0135,intronic,GENE0222
rs231646,11,EAS,2022,0.0236,stop_gained,GENE0128
rs371950,2,AFR,2018,0.0221,stop_gained,GENE0160
rs104490,8,AMR,2022,0.0349,synonymous,GENE0243
rs37092,2,SAS,2021,0.1881,missense,GENE0038
rs9492,4,EUR,2018,0.2648,intronic,GENE0179
rs314331,6,EAS,2015,0.0,synonymous,GENE0108
rs284045,18,AMR,2019,0.1125,intronic,GENE0299
rs159272,4,EAS,2019,0.2746,synonymous,GENE0281
rs137273,14,SAS,2021,0.0,missense,GENE0060
rs253033,20,AFR,2023,0.0,synonymous,GENE0064
rs34223,18,AMR,2023,0.2673,intronic,GENE0184
rs109267,10,AFR,2016,0.0338,intronic,GENE0182
rs339013,14,AFR,2017,0.0,intronic,GENE0189
rs747333,20,AFR,2021,0.1044,stop_gained,GENE0204
rs683665,4,SAS,2021,0.1096,synonymous,GENE0045
rs888169,18,SAS,2023,0.2311,intronic,GENE0087
rs677994,12,AFR,2018,0.151,stop_gained,GENE0240
rs993164,21,EAS,2015,0.0034,stop_gained,GENE0172
rs915001,4,EAS,2016,0.3166,synonymous,GENE0220
rs33097,21,EUR,2021,0.0124,stop_gained,GENE0178
rs236844,18,AFR,2022,0.1565,missense,GENE0168
rs79638,11,AFR,2020,0.2171,intronic,GENE0293
rs534600,11,AMR,2021,0.0483,missense,GENE0275
rs480630,3,AMR,2020,0.0127,intronic,GENE0022
rs379208,11,SAS,2023,0.114,synonymous,GENE0063
rs659589,7,AFR,2019,0.1262,stop_gained,GENE0157
rs78210,22,EAS,2019,0.0354,stop_gained,GENE0248
rs251630,12,AMR,2015,0.3702,stop_gained,GENE0089
rs549104,11,AFR,2015,0.038,intronic,GENE0060
rs775086,21,AFR,2023,0.2654,synonymous,GENE0114
rs400707,16,EAS,2018,0.1155,missense,GENE0285
rs154004,19,SAS,2015,0.0007,missense,GENE0188
rs20384,8,AMR,2020,0.0645,synonymous,GENE0034
rs855341,18,AFR,2021,0.0147,stop_gained,GENE0092
rs210936,18,EAS,2020,0.052,synonymous,GENE0002
rs773491,1,EAS,2018,0.1875,missense,GENE0080
rs222184,5,EAS,2018,0.0834,missense,GENE0074
rs993695,4,AFR,2016,0.0119,stop_gained,GENE0281
rs69263,X,AMR,2022,0.3449,synonymous,GENE0146
rs171771,X,EAS,2019,0.0,intronic,GENE0224
rs969009,13,EUR,2016,0.0301,intronic,GENE0142
rs596487,8,EUR,2019,0.0434,stop_gained,GENE0287
rs950050,8,AMR,2019,0.1879,stop_gained,GENE0182
rs796877,12,SAS,2021,0.1393,stop_gained,GENE0215
rs920295,19,EUR,2020,0.0,stop_gained,GENE0124
rs362576,19,AMR,2023,0.0679,missense,GENE0224
rs436928,22,AFR,2019,0.0354,missense,GENE0035
rs147973,16,EUR,2023,0.1024,missense,GENE0267
rs791884,17,AMR,2023,0.0944,stop_gained,GENE0165
rs807763,18,EAS,2019,0.0134,missense,GENE0002
rs864308,20,SAS,2023,0.0019,intronic,GENE0086
rs574705,4,SAS,2020,0.0324,stop_gained,GENE0284
rs762374,12,EAS,2023,0.0565,stop_gained,GENE0188
rs699373,7,EUR,2021,0.0317,stop_gained,GENE0291
rs301151,2,EUR,2015,0.0804,intronic,GENE0043
rs644938,10,AFR,2022,0.0199,missense,GENE0260
rs700737,22,AMR,2015,0.2745,intronic,GENE0221
rs365805,17,EAS,2022,0.0977,synonymous,GENE0112
rs732836,1,SAS,2016,0.053,synonymous,GENE0183
rs999095,15,AFR,2017,0.0689,stop_gained,GENE0199
rs685437,15,AFR,2015,0.001,stop_gained,GENE0208
rs680758,11,AMR,2021,0.1205,intronic,GENE0022
rs946627,15,EAS,2019,0.068,intronic,GENE0183
rs956538,10,AMR,2019,0.0152,intronic,GENE0064
rs78510,1,AFR,2023,0.035,missense,GENE0146
rs556167,5,EUR,2017,0.0885,synonymous,GENE0087
rs623933,7,AMR,2015,0.0,intronic,GENE0075
rs722195,3,EAS,2023,0.0334,synonymous,GENE0229
rs439723,8,EAS,2021,0.0662,stop_gained,GENE0108
rs878920,16,EAS,2022,0.044,stop_gained,GENE0013
rs178790,10,EUR,2023,0.0522,synonymous,GENE0006
rs413400,5,SAS,2022,0.0,stop_gained,GENE0270
rs986311,7,SAS,2023,0.3242,intronic,GENE0234
rs401309,7,SAS,2016,0.0287,intronic,GENE0139
rs370432,3,EAS,2016,0.0257,missense,GENE0073
rs774503,11,AMR,2015,0.1361,missense,GENE0281
rs645952,11,EUR,2020,0.3379,synonymous,GENE0291
rs902045,11,EAS,2015,0.2522,intronic,GENE0105
rs654687,17,EAS,2018,0.2985,stop_gained,GENE0102
rs890507,1,AFR,2018,0.0199,intronic,GENE0178
rs160781,1,EUR,2019,0.0048,intronic,GENE0247
rs3742,5,AFR,2020,0.0765,missense,GENE0008
rs628404,22,AMR,2015,0.0046,stop_gained,GENE0188
rs954724,5,AFR,2017,0.0,missense,GENE0140
rs903798,12,EUR,2022,0.0249,synonymous,GENE0106
rs121658,11,EUR,2021,0.0,stop_gained,GENE0243
rs498098,21,AFR,2017,0.0,stop_gained,GENE0194
rs248823,12,AFR,2022,0.1211,stop_gained,GENE0215
rs103173,X,EAS,2017,0.0317,intronic,GENE0088
rs303283,20,EAS,2019,0.0506,synonymous,GENE0097
rs57334,9,SAS,2018,0.0485,intronic,GENE0256
rs843064,17,AMR,2017,0.1028,missense,GENE0298
rs773823,10,SAS,2023,0.1465,synonymous,GENE0138
rs116814,14,EUR,2017,0.0,synonymous,GENE0150
rs395094,10,AFR,2018,0.0,synonymous,GENE0240
rs944075,6,AMR,2020,0.1523,synonymous,GENE0127
rs912880,10,EAS,2016,0.1005,missense,GENE0243
rs764849,22,EUR,2018,0.1596,missense,GENE0207
rs852852,8,AMR,2022,0.1982,missense,GENE0199
rs857598,16,SAS,2018,0.0055,synonymous,GENE0146
rs104594,19,EUR,2018,0.4718,intronic,GENE0113
rs203472,15,EUR,2016,0.0861,synonymous,GENE0124
rs658126,14,SAS,2021,0.0,synonymous,GENE0245
rs57881,14,EUR,2015,0.0372,synonymous,GENE0119
rs754921,16,EUR,2022,0.0318,synonymous,GENE0288
rs635558,2,EUR,2022,0.0516,synonymous,GENE0194
rs765066,10,SAS,2022,0.0828,synonymous,GENE0073
rs744860,18,SAS,2017,0.1601,missense,GENE0107
rs753244,5,EUR,2015,0.1932,missense,GENE0027
rs993396,9,AFR,2017,0.038,missense,GENE0289
rs333065,16,EAS,2016,0.0353,stop_gained,GENE0027
rs54319,13,EAS,2017,0.0219,synonymous,GENE0155
rs158273,12,EAS,2015,0.0045,missense,GENE0205
rs155473,14,AMR,2015,0.0,intronic,GENE0201
rs662561,6,AMR,2021,0.0085,intronic,GENE0023
rs335222,2,EUR,2021,0.1181,stop_gained,GENE0162
rs953803,20,AFR,2015,0.0294,synonymous,GENE0225
rs511091,21,AFR,2020,0.1003,synonymous,GENE0133
rs506386,1,SAS,2017,0.0247,intronic,GENE0109
rs932229,15,SAS,2022,0.0554,synonymous,GENE0023
rs28386,3,AFR,2020,0.0732,missense,GENE0066
rs351184,7,EAS,2019,0.129,intronic,GENE0039
rs861376,21,EAS,2018,0.1315,stop_gained,GENE0262
rs569692,13,AFR,2015,0.0566,synonymous,GENE0148
rs545483,2,AMR,2021,0.4358,stop_gained,GENE0251
rs497846,6,AFR,2023,0.0315,intronic,GENE0298
rs449825,21,AFR,2020,0.0517,missense,GENE0113
rs646578,11,AMR,2020,0.111,stop_gained,GENE0113
rs754634,X,AFR,2021,0.049,stop_gained,GENE0245
rs234240,19,AMR,2016,0.0511,synonymous,GENE0204
rs401836,17,SAS,2019,0.0512,intronic,GENE0111
rs843331,11,AFR,2020,0.1468,intronic,GENE0126
rs464040,3,AMR,2016,0.1037,synonymous,GENE0005
rs904473,7,AFR,2023,0.0718,stop_gained,GENE0031
rs161913,2,EAS,2023,0.0493,synonymous,GENE0273
rs589698,18,AFR,2017,0.2644,intronic,GENE0023
rs285026,21,SAS,2018,0.1872,missense,GENE0230
rs22444,18,SAS,2016,0.0287,stop_gained,GENE0102
rs570991,8,SAS,2019,0.0544,stop_gained,GENE0225
rs994201,8,AMR,2021,0.0512,missense,GENE0236
rs319756,9,AMR,2018,0.0423,intronic,GENE0169
rs530582,17,AMR,2019,0.0409,synonymous,GENE0195
rs75291,15,AFR,2018,0.0343,intronic,GENE0143
rs389145,11,AFR,2017,0.5288,synonymous,GENE0151
rs606812,14,EUR,2017,0.3074,stop_gained,GENE0215
rs68630,10,EAS,2023,0.2088,intronic,GENE0247
rs110181,14,AFR,2021,0.0462,synonymous,GENE0196
rs182507,5,EUR,2016,0.0183,intronic,GENE0182
rs603947,15,AMR,2016,0.2038,intronic,GENE0133
rs276850,18,SAS,2016,0.0729,intronic,GENE0121
rs200094,7,AMR,2019,0.2148,missense,GENE0116
rs126327,15,EUR,2023,0.0036,synonymous,GENE0277
rs635455,9,EAS,2023,0.1562,intronic,GENE0231
rs495772,22,EAS,2019,0.0471,synonymous,GENE0208
rs253997,10,EUR,2017,0.0949,missense,GENE0287
rs684411,20,EUR,2022,0.0165,synonymous,GENE0140
rs509345,18,EUR,2015,0.0571,synonymous,GENE0112
rs905288,4,AMR,2019,0.0,synonymous,GENE0128
rs490024,8,AFR,2020,0.0947,synonymous,GENE0055
rs919120,5,SAS,2016,0.2797,intronic,GENE0160
rs107237,10,EUR,2021,0.0325,intronic,GENE0215
rs837725,11,SAS,2018,0.1316,stop_gained,GENE0248
rs533168,17,AFR,2015,0.0437,synonymous,GENE0136
rs385989,14,SAS,2015,0.2672,intronic,GENE0234
rs947683,17,EAS,2019,0.0669,synonymous,GENE0083
rs382437,15,EUR,2018,0.1884,synonymous,GENE0178
rs514392,10,EUR,2023,0.2139,missense,GENE0286
rs821980,12,SAS,2016,0.2968,stop_gained,GENE0280
rs420152,13,SAS,2016,0.0737,missense,GENE0039
rs865715,15,SAS,2023,0.1437,stop_gained,GENE0213
rs185785,2,EUR,2023,0.1247,synonymous,GENE0133
rs187885,X,EUR,2018,0.0069,intronic,GENE0252
rs206996,22,AMR,2018,0.1588,stop_gained,GENE0269
rs491605,19,EAS,2015,0.3205,intronic,GENE0014
rs274210,X,AMR,2017,0.0153,synonymous,GENE0138
rs343430,1,AMR,2017,0.1473,missense,GENE0297
rs706416,6,EAS,2018,0.0216,missense,GENE0192
rs285340,12,SAS,2015,0.152,synonymous,GENE0097
rs618977,4,EAS,2019,0.319,stop_gained,GENE0123
rs646083,4,SAS,2016,0.0668,synonymous,GENE0248
rs410394,21,AMR,2019,0.0221,intronic,GENE0120
rs346048,22,EAS,2022,0.006,intronic,GENE0220
rs616212,12,SAS,2021,0.1328,intronic,GENE0110
rs518847,17,AMR,2022,0.2304,intronic,GENE0132
rs878214,10,SAS,2016,0.0074,missense,GENE0123
rs431456,14,EUR,2017,0.0629,intronic,GENE0093
rs968572,16,EAS,2021,0.1321,stop_gained,GENE0276
rs235220,3,AFR,2023,0.0655,intronic,GENE0021
rs453995,22,EUR,2020,0.0657,missense,GENE0242
rs5723,9,SAS,2018,0.1599,intronic,GENE0139
rs535586,9,AFR,2018,0.0272,intronic,GENE0123
rs628578,12,AFR,2023,0.081,missense,GENE0268
rs451045,10,EUR,2016,0.0561,stop_gained,GENE0178
rs157276,15,SAS,2017,0.0133,synonymous,GENE0046
rs883510,13,EUR,2017,0.1664,missense,GENE0169
rs249631,8,SAS,2018,0.0553,synonymous,GENE0062
rs446319,5,AMR,2020,0.0085,stop_gained,GENE0245
rs396749,12,AMR,2021,0.0208,synonymous,GENE0269
rs795213,15,EAS,2023,0.0,synonymous,GENE0153
rs438797,19,EAS,2021,0.0941,missense,GENE0050
rs927306,22,EAS,2017,0.0751,stop_gained,GENE0014
rs920117,11,EAS,2020,0.1021,synonymous,GENE0050
rs259293,13,SAS,2019,0.0624,intronic,GENE0079
rs322960,10,EUR,2022,0.0592,stop_gained,GENE0280
rs175956,12,AMR,2023,0.0995,intronic,GENE0115
rs855968,9,SAS,2019,0.5999,synonymous,GENE0048
rs140420,6,EUR,2023,0.0052,synonymous,GENE0028
rs135706,2,EUR,2018,0.271,stop_gained,GENE0115
rs155093,6,SAS,2019,0.0799,missense,GENE0078
rs536800,14,EUR,2018,0.0242,missense,GENE0099
rs626895,18,AMR,2018,0.0741,stop_gained,GENE0292
rs956483,21,SAS,2017,0.0769,intronic,GENE0237
rs646567,13,EUR,2023,0.3266,intronic,GENE0145
rs839900,7,AFR,2022,0.0315,missense,GENE0234
rs598239,10,EUR,2023,0.0514,synonymous,GENE0060
rs635184,7,AFR,2017,0.1471,synonymous,GENE0180
rs22480,9,EUR,2019,0.1173,synonymous,GENE0256
rs40655,5,SAS,2018,0.0,synonymous,GENE0008
rs822770,2,SAS,2016,0.0479,synonymous,GENE0248
rs548283,7,EAS,2018,0.0,synonymous,GENE0060
rs34606,16,AFR,2020,0.0298,missense,GENE0010
rs909703,8,AMR,2018,0.0492,missense,GENE0244
rs823922,7,EUR,2018,0.1768,intronic,GENE0080
rs779125,12,EAS,2021,0.0933,intronic,GENE0286
rs374267,1,EAS,2016,0.0599,synonymous,GENE0063
rs161282,20,EUR,2023,0.0012,stop_gained,GENE0237
rs576552,19,SAS,2017,0.0374,stop_gained,GENE0284
rs42065,4,AFR,2020,0.3547,intronic,GENE0147
rs93818,20,EUR,2015,0.2029,intronic,GENE0083
rs779292,15,EUR,2015,0.1012,stop_gained,GENE0130
rs550718,21,EAS,2017,0.4054,intronic,GENE0111
rs782351,15,AFR,2016,0.012,synonymous,GENE0070
rs628700,18,SAS,2021,0.1085,intronic,GENE0295
rs251398,4,AFR,2015,0.1092,stop_gained,GENE0041
rs489209,9,SAS,2022,0.2441,stop_gained,GENE0031
rs191648,11,SAS,2023,0.0674,missense,GENE0116
rs826026,17,AFR,2015,0.2378,intronic,GENE0027
rs461269,9,SAS,2019,0.035,missense,GENE0010
rs743290,15,SAS,2021,0.0251,missense,GENE0030
rs790697,11,SAS,2021,0.1036,synonymous,GENE0075
rs817284,14,AFR,2020,0.25,stop_gained,GENE0038
rs241889,11,SAS,2022,0.0444,synonymous,GENE0109
rs830928,22,AMR,2020,0.0144,missense,GENE0142
rs868891,5,EAS,2016,0.1865,intronic,GENE0259
rs348747,3,EUR,2022,0.076,stop_gained,GENE0017
rs470873,12,AMR,2023,0.0088,missense,GENE0276
rs280176,10,EAS,2019,0.061,stop_gained,GENE0107
rs218667,10,SAS,2023,0.1962,missense,GENE0073
rs564247,8,AFR,2023,0.0463,missense,GENE0019
rs845495,15,EAS,2017,0.0476,intronic,GENE0231
rs774271,8,EAS,2018,0.0679,stop_gained,GENE0005
rs103127,12,EAS,2020,0.0889,missense,GENE0152
rs260761,16,EAS,2023,0.4442,stop_gained,GENE0068
rs843403,8,SAS,2022,0.088,missense,GENE0234
rs675388,12,AMR,2016,0.0424,stop_gained,GENE0257
rs473535,8,AFR,2016,0.2031,intronic,GENE0186
rs497680,16,EUR,2022,0.0492,intronic,GENE0175
rs386328,12,AFR,2023,0.0657,stop_gained,GENE0132
rs545353,13,AFR,2015,0.0583,stop_gained,GENE0273
rs203184,18,EAS,2015,0.1981,intronic,GENE0093
rs579136,13,AMR,2017,0.0043,synonymous,GENE0081
rs512619,9,EUR,2021,0.0447,intronic,GENE0208
rs893755,7,AFR,2021,0.0571,synonymous,GENE0139
rs839250,4,EAS,2019,0.1785,stop_gained,GENE0049
rs821674,1,EAS,2016,0.0474,synonymous,GENE0086
rs20683,4,EUR,2023,0.0189,stop_gained,GENE0255
rs7521,7,EUR,2019,0.1587,intronic,GENE0037
rs503155,16,AMR,2020,0.0141,intronic,GENE0039
rs122088,8,AMR,2017,0.0,synonymous,GENE0250
rs707997,10,EUR,2018,0.0383,intronic,GENE0284
rs706117,11,SAS,2017,0.0414,stop_gained,GENE0015
rs3734,8,EAS,2021,0.029,intronic,GENE0256
rs818840,8,EAS,2019,0.2125,intronic,GENE0079
rs325535,16,AFR,2018,0.0563,synonymous,GENE0142
rs812681,18,AFR,2023,0.041,synonymous,GENE0068
rs85038,15,EUR,2018,0.0406,stop_gained,GENE0135
rs297982,20,AMR,2021,0.17,stop_gained,GENE0048
rs660356,16,SAS,2016,0.1332,stop_gained,GENE0247
rs74482,18,AMR,2015,0.0465,intronic,GENE0238
rs290693,18,EUR,2023,0.2287,synonymous,GENE0185
rs960710,17,EUR,2017,0.0247,stop_gained,GENE0173
rs487970,2,AFR,2021,0.0,intronic,GENE0023
rs883371,10,AMR,2017,0.1244,synonymous,GENE0228
rs718127,10,SAS,2019,0.157,stop_gained,GENE0094
rs289213,11,SAS,2015,0.2201,synonymous,GENE0254
rs561320,13,AMR,2022,0.0615,intronic,GENE0093
rs904275,9,AMR,2022,0.0278,missense,GENE0146
rs561965,4,SAS,2018,0.2317,stop_gained,GENE0060
rs234298,9,EUR,2015,0.1323,intronic,GENE0058
rs751340,22,AMR,2021,0.125,intronic,GENE0278
rs113519,2,SAS,2021,0.0271,missense,GENE0100
rs262613,22,EUR,2022,0.3184,missense,GENE0218
rs588193,22,EAS,2016,0.0589,intronic,GENE0050
rs991033,8,EAS,2023,0.061,stop_gained,GENE0224
rs645898,17,AMR,2023,0.037,synonymous,GENE0020
rs546632,4,AMR,2022,0.01,synonymous,GENE0153
rs416972,11,AMR,2016,0.0265,stop_gained,GENE0029
rs247017,1,SAS,2020,0.1153,intronic,GENE0169
rs674418,4,AMR,2017,0.0803,missense,GENE0282
rs903877,22,EAS,2018,0.5323,synonymous,GENE0205
rs708667,4,AMR,2016,0.0549,missense,GENE0078
rs809239,22,EUR,2017,0.0669,synonymous,GENE0138
rs148831,15,SAS,2019,0.4416,synonymous,GENE0154
rs905372,6,EAS,2019,0.1364,missense,GENE0272
rs64683,12,EAS,2021,0.0997,synonymous,GENE0224
rs358848,13,EUR,2017,0.0601,intronic,GENE0008
rs531239,21,AMR,2015,0.0668,synonymous,GENE0061
rs702876,6,EUR,2017,0.0289,intronic,GENE0288
rs796433,12,EUR,2019,0.0392,intronic,GENE0101
rs136497,9,EAS,2015,0.2434,intronic,GENE0267
rs359274,13,EAS,2022,0.0269,missense,GENE0184
rs443180,3,AFR,2021,0.0243,intronic,GENE0172
rs779868,19,SAS,2019,0.0701,missense,GENE0242
rs805970,2,EAS,2020,0.0125,intronic,GENE0248
rs659988,8,SAS,2023,0.114,stop_gained,GENE0216
rs726812,18,EUR,2020,0.2687,stop_gained,GENE0156
rs12094,10,SAS,2020,0.0,stop_gained,GENE0207
rs542624,16,EAS,2023,0.0183,synonymous,GENE0068
rs261771,21,AFR,2019,0.0,synonymous,GENE0110
rs778494,12,EUR,2020,0.0276,synonymous,GENE0240
rs319255,20,EAS,2019,0.1372,synonymous,GENE0151
rs43859,21,AFR,2017,0.068,stop_gained,GENE0184
rs184985,13,AMR,2017,0.0088,intronic,GENE0242
rs222724,12,SAS,2021,0.1077,stop_gained,GENE0229
rs219819,22,AMR,2020,0.0,intronic,GENE0284
rs732712,X,SAS,2018,0.2091,stop_gained,GENE0249
rs128782,14,EAS,2022,0.0799,missense,GENE0185
rs769391,9,AFR,2023,0.0674,synonymous,GENE0267
rs314903,15,EAS,2022,0.23,synonymous,GENE0171
rs289657,7,EUR,2017,0.0354,missense,GENE0272
rs461691,6,AMR,2023,0.1906,synonymous,GENE0241
rs488266,15,SAS,2020,0.42,synonymous,GENE0136
rs889927,11,AMR,2023,0.0586,missense,GENE0211
rs436038,X,AMR,2021,0.0152,stop_gained,GENE0163
rs759554,2,SAS,2022,0.0013,synonymous,GENE0288
rs293988,15,EUR,2022,0.0452,intronic,GENE0106
rs858927,4,AFR,2017,0.042,stop_gained,GENE0260
rs145468,16,SAS,2021,0.1371,stop_gained,GENE0288
rs426643,22,EUR,2023,0.0739,stop_gained,GENE0074
rs535884,3,AFR,2019,0.2159,stop_gained,GENE0219
rs758748,11,SAS,2023,0.2271,intronic,GENE0048
rs914108,11,AMR,2017,0.0295,missense,GENE0210
rs965570,X,EUR,2022,0.3475,missense,GENE0192
rs400788,16,EUR,2017,0.0,synonymous,GENE0110
rs646426,11,EAS,2022,0.1897,missense,GENE0010
rs712446,11,SAS,2020,0.0704,intronic,GENE0287
rs550818,22,EUR,2023,0.0464,synonymous,GENE0179
rs593541,12,EAS,2021,0.0523,synonymous,GENE0093
rs730462,13,EAS,2017,0.0,intronic,GENE0246
rs896253,4,EUR,2015,0.0715,missense,GENE0120
rs766444,1,AMR,2020,0.342,synonymous,GENE0038
rs510809,9,AFR,2023,0.0796,stop_gained,GENE0229
rs926159,1,SAS,2023,0.2211,missense,GENE0045
rs520561,4,AMR,2022,0.1598,stop_gained,GENE0197
rs910366,13,AFR,2020,0.0302,intronic,GENE0104
rs56378,7,EUR,2018,0.0802,intronic,GENE0297
rs601218,2,EAS,2016,0.0562,missense,GENE0279
rs580088,2,AMR,2021,0.0345,intronic,GENE0112
rs272519,12,EUR,2022,0.1169,stop_gained,GENE0178
rs726486,16,AMR,2018,0.1574,intronic,GENE0081
rs608745,19,SAS,2019,0.0527,intronic,GENE0194
rs694635,4,SAS,2016,0.1009,stop_gained,GENE0154
rs810988,13,EUR,2015,0.0778,intronic,GENE0096
rs706265,5,AFR,2018,0.1303,intronic,GENE0077
rs212887,15,EAS,2017,0.0268,stop_gained,GENE0282
rs302839,1,AMR,2017,0.0913,intronic,GENE0166
rs22227,15,EUR,2016,0.2434,missense,GENE0081
rs963605,22,AFR,2023,0.063,intronic,GENE0230
rs333682,3,AMR,2018,0.0035,intronic,GENE0232
rs373671,2,AFR,2018,0.082,stop_gained,GENE0150
rs684480,X,AMR,2018,0.0771,missense,GENE0205
rs874539,15,EAS,2019,0.1391,synonymous,GENE0114
rs690024,9,AFR,2022,0.0735,missense,GENE0254
rs464584,19,SAS,2023,0.0228,synonymous,GENE0247
rs92936,16,AMR,2019,0.0285,missense,GENE0119
rs518047,21,AFR,2020,0.0186,intronic,GENE0252
rs214964,8,EUR,2019,0.1138,synonymous,GENE0022
rs990967,10,SAS,2016,0.3606,missense,GENE0047
rs670370,5,AMR,2015,0.0,missense,GENE0090
rs104997,18,EAS,2022,0.0428,missense,GENE0089
rs669987,8,SAS,2019,0.0001,missense,GENE0026
rs649298,12,AMR,2015,0.0728,stop_gained,GENE0064
rs606096,X,EAS,2016,0.0753,intronic,GENE0284
rs875423,9,AMR,2018,0.0256,intronic,GENE0153
rs115506,16,EAS,2018,0.3867,stop_gained,GENE0282
rs380899,16,EUR,2023,0.075,synonymous,GENE0060
rs714276,9,SAS,2020,0.0652,stop_gained,GENE0299
rs223316,11,AMR,2022,0.0199,intronic,GENE0119
rs937198,19,EAS,2020,0.1336,missense,GENE0200
rs730591,7,AMR,2019,0.0365,intronic,GENE0043
rs835829,6,SAS,2020,0.0238,stop_gained,GENE0242
rs21363,5,AMR,2021,0.0,intronic,GENE0076
rs571149,4,AFR,2020,0.0018,missense,GENE0171
rs431853,13,EUR,2016,0.0373,synonymous,GENE0298
rs858988,X,EAS,2018,0.0619,intronic,GENE0236
rs778091,16,EAS,2015,0.0,intronic,GENE0227
rs740117,16,AMR,2015,0.3245,missense,GENE0049
rs386658,10,EAS,2023,0.0868,synonymous,GENE0038
rs919107,21,AFR,2021,0.0489,synonymous,GENE0028
rs29662,15,SAS,2022,0.1498,stop_gained,GENE0130
rs875339,18,EUR,2018,0.3816,missense,GENE0126
rs81283,13,AFR,2018,0.0045,synonymous,GENE0231
rs459269,5,AMR,2017,0.1026,intronic,GENE0208
rs566996,21,AFR,2021,0.1715,stop_gained,GENE0209
rs84231,9,EAS,2020,0.1995,stop_gained,GENE0240
rs685689,X,EAS,2020,0.5751,intronic,GENE0224
rs641812,18,AFR,2019,0.0244,intronic,GENE0084
rs719537,16,AMR,2017,0.1718,intronic,GENE0095
rs149577,17,EUR,2015,0.2231,stop_gained,GENE0185
rs93514,5,EUR,2020,0.2574,missense,GENE0197
rs680879,10,AMR,2019,0.0078,missense,GENE0157
rs775786,7,SAS,2019,0.2293,intronic,GENE0091
rs619300,17,AMR,2021,0.0141,intronic,GENE0191
rs772498,10,AFR,2015,0.0785,missense,GENE0161
rs845072,14,AMR,2023,0.0,stop_gained,GENE0272
rs989079,7,AMR,2023,0.029,missense,GENE0026
rs557142,11,SAS,2020,0.0042,synonymous,GENE0021
rs14563,21,EAS,2020,0.0043,intronic,GENE0235
rs768930,8,EUR,2015,0.0741,missense,GENE0226
rs995614,19,AFR,2019,0.0507,stop_gained,GENE0124
rs671549,14,AMR,2015,0.1875,stop_gained,GENE0069
rs985368,5,AMR,2021,0.2937,missense,GENE0244
rs807629,5,AFR,2016,0.0143,missense,GENE0225
rs752860,15,SAS,2022,0.0,stop_gained,GENE0246
rs378836,13,AFR,2022,0.0105,intronic,GENE0069
rs121983,10,EAS,2018,0.0138,synonymous,GENE0027
rs369077,4,AFR,2017,0.0329,synonymous,GENE0278
rs855602,19,EUR,2018,0.0,intronic,GENE0284
rs539132,8,EUR,2018,0.1365,stop_gained,GENE0036
rs887227,4,EAS,2015,0.3891,synonymous,GENE0192
rs901279,X,AMR,2019,0.0435,intronic,GENE0022
rs52659,5,SAS,2018,0.1144,missense,GENE0276
rs437727,12,SAS,2021,0.4031,synonymous,GENE0059
rs364512,17,SAS,2022,0.1336,intronic,GENE0280
rs637565,14,AFR,2016,0.0117,intronic,GENE0070
rs798180,X,SAS,2018,0.0038,intronic,GENE0162
rs299780,X,EAS,2015,0.0692,intronic,GENE0013
rs674908,12,AMR,2020,0.0454,stop_gained,GENE0012
rs984582,4,AMR,2020,0.0584,intronic,GENE0117
rs54980,10,AMR,2022,0.0128,intronic,GENE0036
rs493406,22,EUR,2016,0.0647,synonymous,GENE0062
rs863598,3,EUR,2015,0.5104,stop_gained,GENE0127
rs765094,2,EAS,2016,0.0441,stop_gained,GENE0082
rs213949,19,AFR,2023,0.037,intronic,GENE0157
rs859640,8,AMR,2020,0.035,intronic,GENE0267
rs399217,17,AFR,2019,0.0,missense,GENE0027
rs971204,3,AFR,2019,0.0245,missense,GENE0144
rs454737,2,SAS,2022,0.0445,synonymous,GENE0061
rs289084,14,EUR,2021,0.0,stop_gained,GENE0229
rs323983,14,AFR,2022,0.0694,synonymous,GENE0273
rs683119,2,EUR,2020,0.0307,intronic,GENE0128
rs80599,13,AFR,2019,0.0,missense,GENE0293
rs339593,8,EUR,2015,0.0983,missense,GENE0214
rs551586,13,AMR,2018,0.0,missense,GENE0152
rs140508,3,AFR,2015,0.0592,missense,GENE0254
rs991836,5,AMR,2015,0.0312,stop_gained,GENE0079
rs400722,9,EUR,2015,0.2779,synonymous,GENE0242
rs262246,19,EAS,2022,0.1449,missense,GENE0168
rs527128,20,AFR,2020,0.1018,missense,GENE0031
rs921015,17,AMR,2016,0.0457,missense,GENE0061
rs988753,17,EAS,2019,0.0407,intronic,GENE0256
rs640691,12,EAS,2019,0.4027,missense,GENE0046
rs659843,8,AFR,2023,0.0471,intronic,GENE0041
rs21389,2,EUR,2015,0.2451,intronic,GENE0087
rs952591,X,EAS,2016,0.019,intronic,GENE0262
rs695753,7,EAS,2016,0.7569,intronic,GENE0096
rs227946,5,SAS,2017,0.0994,stop_gained,GENE0052
rs76625,12,AFR,2023,0.0251,intronic,GENE0066
rs848779,4,AFR,2016,0.0,intronic,GENE0016
rs520689,8,SAS,2022,0.0508,stop_gained,GENE0192
rs776023,6,AFR,2021,0.0383,stop_gained,GENE0259
rs443444,8,EUR,2023,0.1321,stop_gained,GENE0232
rs637613,21,EUR,2017,0.0327,synonymous,GENE0231
rs265947,14,EUR,2022,0.0501,missense,GENE0126
rs845830,17,EAS,2021,0.0161,synonymous,GENE0121
rs822112,6,AMR,2016,0.2134,synonymous,GENE0190
rs461506,22,SAS,2021,0.0357,intronic,GENE0224
rs836890,12,SAS,2019,0.1603,stop_gained,GENE0186
rs937043,17,EUR,2020,0.0247,intronic,GENE0208
rs193007,13,EUR,2019,0.2391,missense,GENE0228
rs975546,1,AFR,2015,0.0,missense,GENE0160
rs476089,11,SAS,2015,0.1845,synonymous,GENE0103
rs357082,17,AMR,2023,0.2151,synonymous,GENE0080
rs116047,6,SAS,2017,0.0326,intronic,GENE0033
rs90239,16,SAS,2021,0.1141,synonymous,GENE0136
rs668449,12,EAS,2015,0.0,missense,GENE0228
rs192893,1,EAS,2023,0.0,stop_gained,GENE0281
rs449571,21,EAS,2018,0.0277,intronic,GENE0039
rs258163,6,AFR,2017,0.0094,synonymous,GENE0075
rs452098,1,EUR,2018,0.0795,stop_gained,GENE0151
rs222880,20,AFR,2022,0.0672,synonymous,GENE0093
rs614196,5,AFR,2018,0.1112,intronic,GENE0004
rs300051,12,EAS,2017,0.0276,missense,GENE0028
rs152675,7,AFR,2018,0.0345,stop_gained,GENE0111
rs998716,15,AFR,2020,0.0374,synonymous,GENE0136
rs710131,21,AMR,2021,0.0,missense,GENE0164
rs532891,12,SAS,2021,0.0045,synonymous,GENE0084
rs605796,11,AFR,2021,0.132,intronic,GENE0076
rs337472,17,AFR,2019,0.1457,intronic,GENE0059
rs150708,7,EUR,2015,0.1188,missense,GENE0011
rs316983,10,SAS,2020,0.0373,stop_gained,GENE0227
rs272694,4,AFR,2015,0.0583,synonymous,GENE0083
rs527814,4,EUR,2018,0.0753,intronic,GENE0240
rs940793,18,AMR,2018,0.0247,stop_gained,GENE0164
rs425059,13,EAS,2023,0.2452,intronic,GENE0118
rs283876,X,AMR,2023,0.1013,intronic,GENE0220
rs722562,17,AFR,2021,0.5775,stop_gained,GENE0022
rs714239,18,AMR,2020,0.0074,intronic,GENE0279
rs600429,12,AMR,2020,0.0056,stop_gained,GENE0291
rs547768,X,EAS,2018,0.0741,missense,GENE0265
rs675231,21,SAS,2023,0.0291,missense,GENE0187
rs381553,17,AMR,2020,0.1261,synonymous,GENE0242
rs814048,15,AMR,2019,0.1171,synonymous,GENE0048
rs566407,10,AFR,2020,0.113,stop_gained,GENE0071
rs139034,18,AFR,2016,0.0254,synonymous,GENE0114
rs963366,1,AFR,2022,0.0229,intronic,GENE0198
rs426161,8,AFR,2020,0.07,stop_gained,GENE0135
rs687015,7,SAS,2018,0.0507,intronic,GENE0043
rs749987,15,EAS,2019,0.4539,stop_gained,GENE0261
rs288321,20,AMR,2019,0.0699,missense,GENE0178
rs69776,13,AFR,2018,0.0538,intronic,GENE0296
rs279604,18,SAS,2018,0.012,intronic,GENE0270
rs815337,5,AMR,2019,0.0155,stop_gained,GENE0239
rs24137,4,AMR,2015,0.0949,stop_gained,GENE0170
rs316522,8,SAS,2021,0.2647,intronic,GENE0102
rs730198,X,AMR,2023,0.1803,intronic,GENE0010
rs652936,2,AMR,2019,0.1205,missense,GENE0173
rs779772,6,SAS,2018,0.0,missense,GENE0035
rs456940,8,AMR,2022,0.0607,stop_gained,GENE0002
rs655173,20,AMR,2017,0.0309,missense,GENE0081
rs310807,16,EUR,2022,0.0208,missense,GENE0002
rs795148,19,EUR,2016,0.2742,intronic,GENE0015
rs560053,22,AMR,2020,0.1434,stop_gained,GENE0067
rs772694,11,EUR,2016,0.0,intronic,GENE0279
rs503688,6,EAS,2016,0.0153,missense,GENE0256
rs782170,21,EUR,2015,0.0,stop_gained,GENE0180
rs471307,10,AMR,2020,0.1161,missense,GENE0039
rs45929,19,EUR,2017,0.3413,missense,GENE0067
rs448925,18,SAS,2023,0.065,missense,GENE0096
rs192807,20,EAS,2019,0.1794,missense,GENE0266
rs589556,17,EUR,2021,0.3423,synonymous,GENE0195
rs373260,21,SAS,2019,0.041,missense,GENE0054
rs851273,17,AMR,2023,0.0316,stop_gained,GENE0208
rs451443,12,SAS,2018,0.0066,intronic,GENE0253
rs225147,6,EUR,2017,0.1875,synonymous,GENE0016
rs634685,X,EAS,2017,0.0149,synonymous,GENE0056
rs14250,11,SAS,2018,0.0038,stop_gained,GENE0060
rs604260,3,AFR,2021,0.0331,missense,GENE0296
rs160413,11,SAS,2022,0.2164,synonymous,GENE0150
rs974736,X,AMR,2020,0.0307,missense,GENE0257
rs326073,18,AFR,2019,0.1576,intronic,GENE0260
rs693296,19,AMR,2023,0.0,intronic,GENE0113
rs860467,1,AMR,2018,0.3094,missense,GENE0261
rs346814,9,EUR,2018,0.0,missense,GENE0277
rs300768,6,EUR,2023,0.0389,missense,GENE0278
rs136504,2,EAS,2022,0.0619,missense,GENE0004
rs819966,20,AMR,2019,0.0659,intronic,GENE0159
rs525465,6,SAS,2016,0.0749,stop_gained,GENE0133
rs185813,22,AFR,2020,0.0,intronic,GENE0175
rs837259,6,AFR,2015,0.1044,missense,GENE0016
rs359796,8,EUR,2020,0.0428,missense,GENE0076
rs162317,8,AMR,2021,0.0248,synonymous,GENE0230
rs67900,20,AFR,2016,0.047,intronic,GENE0169
rs242845,15,SAS,2016,0.106,synonymous,GENE0083
rs156232,9,AFR,2016,0.4983,stop_gained,GENE0257
rs982945,4,AFR,2021,0.4837,synonymous,GENE0153
rs101049,17,EUR,2019,0.1415,synonymous,GENE0228
rs741396,4,SAS,2016,0.0118,intronic,GENE0078
rs40657,11,EAS,2017,0.3949,intronic,GENE0037
rs816410,19,AMR,2022,0.0413,stop_gained,GENE0242
rs424068,1,AMR,2017,0.1035,synonymous,GENE0116
rs227648,6,AFR,2016,0.0727,intronic,GENE0078
rs425307,22,AFR,2022,0.198,intronic,GENE0086
rs603692,15,AFR,2016,0.0196,stop_gained,GENE0010
rs45083,12,EAS,2022,0.0609,intronic,GENE0129
rs807507,21,AMR,2023,0.0523,missense,GENE0014
rs15316,4,SAS,2021,0.0407,missense,GENE0288
rs415326,11,AFR,2017,0.4519,missense,GENE0142
rs58171,11,EUR,2021,0.0111,missense,GENE0025
rs935655,9,AFR,2018,0.0584,intronic,GENE0022
rs219844,1,SAS,2022,0.385,missense,GENE0250
rs90636,4,AMR,2023,0.3187,stop_gained,GENE0296
rs215138,1,EAS,2019,0.2777,synonymous,GENE0047
rs293528,4,AFR,2019,0.1428,stop_gained,GENE0024
rs745291,5,EUR,2015,0.0316,intronic,GENE0035
rs429273,21,SAS,2015,0.0353,intronic,GENE0086
rs951488,17,AMR,2021,0.0197,missense,GENE0230
rs937200,2,EAS,2019,0.0402,synonymous,GENE0137
rs487905,16,AMR,2022,0.1843,missense,GENE0028
rs916854,21,AMR,2020,0.0868,stop_gained,GENE0210
rs486717,8,EUR,2016,0.1334,stop_gained,GENE0166
rs682268,X,EUR,2015,0.0351,missense,GENE0132
rs174347,10,SAS,2017,0.4805,synonymous,GENE0234
rs203853,4,SAS,2023,0.2407,synonymous,GENE0008
rs628918,7,EUR,2023,0.1268,missense,GENE0157
rs659893,2,SAS,2022,0.069,stop_gained,GENE0166
rs544236,17,EUR,2016,0.0526,synonymous,GENE0097
rs139923,18,AMR,2022,0.0,synonymous,GENE0075
rs786746,17,AFR,2023,0.1372,stop_gained,GENE0160
rs745475,18,EUR,2015,0.2413,missense,GENE0193
rs505626,4,EAS,2022,0.0496,intronic,GENE0026
rs258441,10,AFR,2023,0.0448,missense,GENE0071
rs245197,6,EAS,2022,0.5072,synonymous,GENE0076
rs663580,10,AMR,2020,0.0955,stop_gained,GENE0040
rs893860,19,AMR,2021,0.0315,stop_gained,GENE0256
rs325756,18,SAS,2017,0.2037,missense,GENE0082
rs546919,11,AFR,2019,0.2775,intronic,GENE0198
rs935903,4,SAS,2022,0.1056,intronic,GENE0139
rs925549,7,AFR,2023,0.0385,intronic,GENE0239
rs668880,9,AMR,2022,0.0239,stop_gained,GENE0278
rs478674,11,AMR,2019,0.1965,stop_gained,GENE0001
rs692718,18,AMR,2015,0.0225,stop_gained,GENE0016
rs154074,16,EAS,2016,0.0074,intronic,GENE0094
rs24852,14,EUR,2018,0.2046,missense,GENE0137
rs502915,2,AFR,2018,0.0,missense,GENE0150
rs681053,15,EAS,2019,0.2196,missense,GENE0145
rs598700,21,AMR,2016,0.1374,synonymous,GENE0244
rs857965,7,EAS,2016,0.042,missense,GENE0180
rs176947,6,AFR,2018,0.0415,missense,GENE0055
rs465782,19,AMR,2023,0.0749,missense,GENE0246
rs742041,15,EAS,2022,0.2987,synonymous,GENE0274
rs93628,1,AFR,2021,0.0634,synonymous,GENE0004
rs422268,12,AFR,2023,0.0778,stop_gained,GENE0270
rs762195,21,AFR,2020,0.4408,synonymous,GENE0258
rs473961,3,EUR,2022,0.318,synonymous,GENE0065
rs764125,15,SAS,2022,0.0,synonymous,GENE0121
rs328059,12,SAS,2018,0.2853,stop_gained,GENE0062
rs341477,18,SAS,2021,0.1966,intronic,GENE0059
rs897504,21,AFR,2019,0.1401,missense,GENE0225
rs226509,18,EAS,2019,0.1184,intronic,GENE0160
rs864885,17,AMR,2016,0.1088,intronic,GENE0115
rs907936,8,AMR,2019,0.0599,stop_gained,GENE0091
rs478904,16,AMR,2015,0.2334,synonymous,GENE0192
rs547032,22,SAS,2017,0.0595,intronic,GENE0016
rs637370,13,AFR,2019,0.0564,intronic,GENE0099
rs766471,13,EAS,2016,0.2152,missense,GENE0142
rs427798,12,EUR,2017,0.0561,stop_gained,GENE0250
rs433602,1,AMR,2019,0.0117,intronic,GENE0076
rs642556,3,SAS,2019,0.2392,synonymous,GENE0074
rs846688,4,EAS,2015,0.254,stop_gained,GENE0288
rs879352,7,EUR,2017,0.0061,stop_gained,GENE0288
rs35169,18,EAS,2017,0.0232,synonymous,GENE0107
rs74078,1,EUR,2017,0.0,stop_gained,GENE0132
rs668486,16,SAS,2022,0.0183,stop_gained,GENE0070
rs95580,22,AFR,2022,0.0843,intronic,GENE0287
rs316636,14,AMR,2015,0.1813,stop_gained,GENE0096
rs333399,8,EUR,2020,0.0807,synonymous,GENE0030
rs527297,5,SAS,2019,0.1821,synonymous,GENE0221
rs571869,3,EUR,2023,0.15,synonymous,GENE0071
rs830128,16,EAS,2019,0.0503,intronic,GENE0283
rs708101,6,EAS,2015,0.1047,stop_gained,GENE0103
rs35106,9,EUR,2023,0.0325,synonymous,GENE0263
rs118459,1,EUR,2022,0.0237,stop_gained,GENE0120
rs745052,16,SAS,2015,0.0589,synonymous,GENE0165
rs45829,15,AMR,2016,0.1325,stop_gained,GENE0131
rs50648,12,SAS,2023,0.0257,synonymous,GENE0197
rs828825,7,EAS,2015,0.0,intronic,GENE0259
rs333505,2,EAS,2019,0.0828,missense,GENE0209
rs493020,21,EUR,2016,0.1076,missense,GENE0137
rs928015,12,AMR,2017,0.0202,synonymous,GENE0170
rs738868,17,EAS,2019,0.0223,synonymous,GENE0088
rs786924,1,AFR,2022,0.037,intronic,GENE0071
rs801860,15,EAS,2021,0.06,missense,GENE0260
rs279708,17,EAS,2017,0.0925,synonymous,GENE0171
rs304294,14,EAS,2021,0.0478,intronic,GENE0017
rs563383,20,AFR,2017,0.0928,stop_gained,GENE0283
rs248945,3,AFR,2017,0.2943,intronic,GENE0210
rs600859,8,AFR,2022,0.0577,missense,GENE0207
rs483266,22,EUR,2022,0.0,intronic,GENE0074
rs364540,13,EAS,2016,0.066,synonymous,GENE0257
rs43249,20,SAS,2015,0.2791,synonymous,GENE0244
rs745949,5,AMR,2016,0.0383,synonymous,GENE0089
rs344363,X,EUR,2018,0.0644,stop_gained,GENE0059
rs207203,9,EAS,2023,0.0132,missense,GENE0128
rs71669,15,EAS,2017,0.0,missense,GENE0145
rs305866,5,EAS,2017,0.0727,synonymous,GENE0275
rs157408,11,AMR,2016,0.0267,missense,GENE0095
rs215963,11,AMR,2019,0.2354,synonymous,GENE0291
rs241259,5,EUR,2016,0.1517,synonymous,GENE0043
rs979126,13,SAS,2017,0.129,intronic,GENE0213
rs895301,5,AFR,2021,0.0766,synonymous,GENE0202
rs553129,11,AMR,2020,0.1114,intronic,GENE0045
rs291336,20,EAS,2020,0.0,intronic,GENE0194
rs965561,21,AFR,2016,0.0346,intronic,GENE0039
rs705319,9,EAS,2015,0.0278,synonymous,GENE0286
rs68293,8,AMR,2020,0.0,synonymous,GENE0091
rs435728,22,SAS,2018,0.2722,intronic,GENE0081
rs706308,6,EAS,2021,0.131,missense,GENE0210
rs80226,6,EUR,2016,0.1042,intronic,GENE0213
rs522472,15,AMR,2017,0.0546,intronic,GENE0265
rs384848,6,EUR,2023,0.0392,synonymous,GENE0299
rs950064,18,AMR,2018,0.0715,stop_gained,GENE0053
rs954606,21,SAS,2016,0.0675,stop_gained,GENE0014
rs659047,2,SAS,2018,0.0196,intronic,GENE0155
rs691995,12,EUR,2015,0.0447,synonymous,GENE0296
rs101457,21,AMR,2019,0.0169,stop_gained,GENE0294
rs123400,10,EUR,2018,0.099,missense,GENE0232
rs627246,15,EUR,2015,0.0025,missense,GENE0164
rs420949,12,EAS,2022,0.1818,stop_gained,GENE0001
rs714944,9,SAS,2020,0.2379,synonymous,GENE0231
rs230157,18,SAS,2021,0.2462,stop_gained,GENE0103
rs362473,1,EAS,2016,0.0149,synonymous,GENE0257
rs913488,4,AMR,2017,0.133,intronic,GENE0060
rs940950,21,SAS,2017,0.0597,missense,GENE0100
rs753402,3,SAS,2020,0.1427,missense,GENE0192
rs466686,10,SAS,2021,0.1269,stop_gained,GENE0061
rs712430,11,AFR,2016,0.0417,synonymous,GENE0282
rs677065,11,AMR,2021,0.0111,synonymous,GENE0054
rs624662,14,EAS,2020,0.2582,synonymous,GENE0050
rs382149,X,AFR,2020,0.1164,intronic,GENE0177
rs91064,19,EUR,2017,0.039,missense,GENE0137
rs690393,12,SAS,2016,0.53,intronic,GENE0270
rs455222,2,EAS,2021,0.0556,stop_gained,GENE0265
rs708909,7,EUR,2018,0.1673,stop_gained,GENE0217
rs935552,14,EAS,2021,0.0195,stop_gained,GENE0127
rs201186,8,SAS,2023,0.0,stop_gained,GENE0299
rs931664,16,EAS,2022,0.3253,synonymous,GENE0261
rs211590,22,SAS,2023,0.058,stop_gained,GENE0118
rs75460,19,AFR,2016,0.1359,synonymous,GENE0198
rs18079,21,AFR,2018,0.2279,intronic,GENE0170
rs133969,3,AFR,2022,0.2526,intronic,GENE0154
rs371337,2,EUR,2022,0.0553,synonymous,GENE0036
rs702280,1,AMR,2019,0.0675,missense,GENE0255
rs136647,12,AMR,2023,0.1469,stop_gained,GENE0232
rs179127,14,EUR,2015,0.0075,intronic,GENE0200
rs389450,22,AMR,2016,0.1008,stop_gained,GENE0239
rs614057,21,AFR,2016,0.0572,intronic,GENE0234
rs713808,14,AMR,2015,0.17,missense,GENE0149
rs382977,22,EUR,2022,0.1308,intronic,GENE0219
rs914395,4,EUR,2020,0.0335,intronic,GENE0201
rs46851,6,AMR,2016,0.0196,intronic,GENE0057
rs362434,1,AMR,2018,0.0268,stop_gained,GENE0096
rs679399,21,EAS,2023,0.0445,synonymous,GENE0036
rs132007,16,SAS,2021,0.1802,intronic,GENE0161
rs366022,11,EUR,2021,0.0812,stop_gained,GENE0051
rs908897,X,EUR,2020,0.1638,synonymous,GENE0104
rs234046,21,SAS,2022,0.0413,synonymous,GENE0080
rs615599,3,SAS,2020,0.0471,synonymous,GENE0161
rs347577,19,EAS,2022,0.1774,synonymous,GENE0078
rs290246,3,AMR,2022,0.3421,synonymous,GENE0026
rs868591,5,EAS,2017,0.024,stop_gained,GENE0183
rs146039,5,AMR,2017,0.103,intronic,GENE0283
rs996859,9,EUR,2021,0.0221,stop_gained,GENE0280
rs159019,1,EUR,2020,0.0573,missense,GENE0008
rs416273,13,EUR,2022,0.0176,stop_gained,GENE0263
rs903587,12,AFR,2017,0.0762,synonymous,GENE0083
rs352766,10,AMR,2017,0.0195,stop_gained,GENE0268
rs825303,11,AMR,2023,0.0843,stop_gained,GENE0001
rs644865,X,SAS,2022,0.2187,stop_gained,GENE0127
rs284846,7,AMR,2019,0.1673,intronic,GENE0061
rs451400,19,AFR,2018,0.1167,synonymous,GENE0218
rs107974,16,SAS,2023,0.1559,missense,GENE0200
rs491369,4,EAS,2015,0.1083,missense,GENE0267
rs410322,17,AFR,2015,0.1927,intronic,GENE0008
rs77125,9,EUR,2021,0.0,synonymous,GENE0093
rs51261,22,SAS,2017,0.0,synonymous,GENE0120
rs587735,18,AMR,2016,0.0789,missense,GENE0047
rs237620,21,SAS,2015,0.0786,stop_gained,GENE0082
rs553997,7,SAS,2019,0.0377,synonymous,GENE0052
rs606363,18,EUR,2020,0.0851,stop_gained,GENE0068
rs786756,16,SAS,2020,0.123,synonymous,GENE0119
rs536982,8,SAS,2016,0.3606,missense,GENE0142
rs321815,6,EAS,2018,0.083,synonymous,GENE0156
rs796739,18,SAS,2021,0.0917,missense,GENE0135
rs915709,5,EAS,2019,0.0348,missense,GENE0175
rs766294,3,SAS,2019,0.0,stop_gained,GENE0138
rs125559,X,AMR,2023,0.3985,synonymous,GENE0212
rs851081,13,SAS,2018,0.0393,missense,GENE0188
rs14188,2,AMR,2020,0.1208,intronic,GENE0270
rs325635,6,AMR,2017,0.1461,intronic,GENE0098
rs898485,10,EAS,2016,0.1448,synonymous,GENE0091
rs30021,13,EUR,2023,0.0373,missense,GENE0084
rs138097,11,EAS,2020,0.104,stop_gained,GENE0229
rs43277,21,EAS,2023,0.0443,intronic,GENE0247
rs937651,2,EAS,2016,0.0611,missense,GENE0099
rs754938,22,EAS,2016,0.0,stop_gained,GENE0248
rs589180,17,AMR,2015,0.1774,synonymous,GENE0129
rs428913,5,AMR,2015,0.1688,intronic,GENE0243
rs104439,16,AFR,2020,0.0391,synonymous,GENE0018
rs805790,22,SAS,2018,0.0468,stop_gained,GENE0234
rs980156,13,AFR,2016,0.0133,intronic,GENE0299
rs790646,15,EUR,2021,0.1667,intronic,GENE0044
rs54786,X,AMR,2015,0.1098,missense,GENE0062
rs501663,8,EUR,2022,0.042,missense,GENE0299
rs444396,7,AMR,2022,0.3092,synonymous,GENE0041
rs945071,17,EUR,2018,0.2751,stop_gained,GENE0211
rs154430,11,EAS,2015,0.0466,missense,GENE0272
rs953829,16,SAS,2021,0.0705,intronic,GENE0104
rs36392,6,AFR,2023,0.0618,stop_gained,GENE0130
rs182397,12,AFR,2017,0.2838,missense,GENE0052
rs436280,15,SAS,2016,0.0804,stop_gained,GENE0241
rs254428,22,AMR,2020,0.1251,missense,GENE0021
rs11245,10,SAS,2018,0.1825,intronic,GENE0201
rs397010,18,AFR,2022,0.1126,missense,GENE0136
rs197564,5,EAS,2019,0.0925,synonymous,GENE0032
rs470838,8,EUR,2017,0.2744,intronic,GENE0160
rs708414,10,SAS,2017,0.0235,intronic,GENE0295
rs508317,11,EUR,2021,0.173,stop_gained,GENE0172
rs633318,12,AFR,2022,0.3269,stop_gained,GENE0148
rs381665,X,EAS,2017,0.246,stop_gained,GENE0005
rs918467,8,SAS,2023,0.1468,synonymous,GENE0127
rs974153,20,EAS,2022,0.1192,intronic,GENE0250
rs379220,20,AMR,2021,0.5693,stop_gained,GENE0248
rs552299,2,EUR,2019,0.4203,synonymous,GENE0130
rs145313,22,EUR,2023,0.0536,intronic,GENE0254
rs298135,13,AFR,2021,0.0261,stop_gained,GENE0238
rs641202,4,SAS,2015,0.0,synonymous,GENE0052
rs485384,11,AMR,2023,0.0041,intronic,GENE0102
rs965090,X,EAS,2018,0.0302,missense,GENE0012
rs178896,12,AMR,2017,0.0114,stop_gained,GENE0120
rs228786,16,EUR,2016,0.0703,missense,GENE0273
rs798120,7,EAS,2023,0.0198,intronic,GENE0217
rs252776,18,AFR,2016,0.0116,stop_gained,GENE0055
rs468439,15,EAS,2015,0.0261,missense,GENE0140
rs990091,1,AMR,2019,0.0375,intronic,GENE0041
rs561664,X,AFR,2019,0.0597,intronic,GENE0267
rs59737,X,AMR,2023,0.0,intronic,GENE0010
rs930972,4,EAS,2015,0.158,stop_gained,GENE0165
rs972512,16,EUR,2019,0.0107,intronic,GENE0072
rs595489,9,EAS,2018,0.0601,stop_gained,GENE0015
rs816247,7,EAS,2019,0.0,stop_gained,GENE0211
rs605680,2,EAS,2020,0.1095,intronic,GENE0181
rs703305,1,SAS,2018,0.0583,synonymous,GENE0267
rs625651,12,SAS,2023,0.7037,synonymous,GENE0173
rs740776,4,AMR,2018,0.0291,intronic,GENE0091
rs560465,5,EAS,2023,0.0297,stop_gained,GENE0027
rs682567,20,EAS,2020,0.1032,intronic,GENE0148
rs668123,11,SAS,2016,0.316,missense,GENE0096
rs141213,10,AFR,2022,0.328,stop_gained,GENE0114
rs292663,1,EUR,2018,0.0241,synonymous,GENE0135
rs927022,X,EAS,2017,0.1218,synonymous,GENE0280
rs285425,16,EUR,2015,0.0536,missense,GENE0249
rs139116,13,AMR,2017,0.0811,intronic,GENE0008
rs886910,22,SAS,2016,0.033,intronic,GENE0230
rs837196,1,AMR,2021,0.0887,missense,GENE0172
rs557655,18,EUR,2019,0.0865,synonymous,GENE0174
rs242462,18,EUR,2016,0.0242,synonymous,GENE0153
rs538602,13,AMR,2023,0.0918,missense,GENE0147
rs726088,16,SAS,2022,0.0459,stop_gained,GENE0025
rs485423,9,AMR,2022,0.0,synonymous,GENE0129
rs117236,17,AFR,2015,0.0746,stop_gained,GENE0039
rs603145,8,AFR,2021,0.4058,missense,GENE0019
rs73410,X,AFR,2015,0.0243,stop_gained,GENE0213
rs79750,X,EUR,2020,0.0405,intronic,GENE0159
rs583797,12,EAS,2016,0.1233,intronic,GENE0184
rs60584,3,AMR,2016,0.0324,intronic,GENE0185
rs891254,11,AMR,2016,0.0429,missense,GENE0253
rs339299,1,EAS,2019,0.0778,stop_gained,GENE0220
rs159401,21,EAS,2017,0.2065,stop_gained,GENE0199
rs61177,7,AFR,2018,0.1519,stop_gained,GENE0098
rs725609,5,AFR,2018,0.2465,intronic,GENE0247
rs971181,22,AMR,2018,0.1833,synonymous,GENE0219
rs378613,18,AMR,2015,0.2224,missense,GENE0074
rs169970,15,AMR,2017,0.0195,synonymous,GENE0170
rs212432,16,AMR,2017,0.1572,intronic,GENE0165
rs773784,18,SAS,2022,0.0297,synonymous,GENE0219
rs459760,2,EAS,2020,0.0149,synonymous,GENE0042
rs199360,5,AFR,2020,0.1554,missense,GENE0202
rs854342,1,AMR,2019,0.1179,synonymous,GENE0198
rs553541,14,AFR,2016,0.0557,missense,GENE0145
rs984857,7,AMR,2015,0.007,stop_gained,GENE0065
rs117054,19,EAS,2020,0.3483,stop_gained,GENE0245
rs338336,1,SAS,2016,0.1835,missense,GENE0190
rs518787,21,SAS,2015,0.4241,synonymous,GENE0207
rs508288,4,EUR,2017,0.0098,missense,GENE0168
rs491259,15,AMR,2023,0.565,missense,GENE0230
rs485865,7,AMR,2021,0.3008,stop_gained,GENE0168
rs308367,1,EUR,2023,0.0,stop_gained,GENE0130
rs7441,18,EAS,2021,0.3459,missense,GENE0120
rs30670,X,EAS,2016,0.0258,synonymous,GENE0207
rs229514,2,AFR,2018,0.0479,missense,GENE0146
rs276492,17,EUR,2020,0.0905,stop_gained,GENE0010
rs751430,7,EAS,2016,0.0485,intronic,GENE0109
rs961177,20,AMR,2015,0.0039,stop_gained,GENE0082
rs859707,16,AFR,2017,0.1722,missense,GENE0290
rs120944,5,SAS,2017,0.2251,stop_gained,GENE0199
rs412607,17,SAS,2017,0.0275,missense,GENE0242
rs423499,15,SAS,2022,0.0469,synonymous,GENE0075
rs682092,3,AFR,2015,0.0715,synonymous,GENE0103
rs47428,8,AMR,2022,0.0951,missense,GENE0157
rs994809,X,AFR,2021,0.0055,stop_gained,GENE0110
rs441764,4,EAS,2016,0.0,synonymous,GENE0103
rs423324,12,EUR,2019,0.5418,synonymous,GENE0099
rs67738,13,EAS,2023,0.0814,synonymous,GENE0194
rs482032,8,AFR,2021,0.1925,missense,GENE0067
rs71401,5,SAS,2019,0.0413,missense,GENE0016
rs382242,2,AFR,2023,0.0608,stop_gained,GENE0105
rs152063,13,AMR,2020,0.0447,stop_gained,GENE0258
rs223947,13,AFR,2015,0.0446,stop_gained,GENE0092
rs369067,21,EAS,2022,0.6801,intronic,GENE0264
rs550744,X,SAS,2018,0.0198,stop_gained,GENE0053
rs711016,X,AFR,2015,0.1574,intronic,GENE0261
rs417329,21,AMR,2017,0.0103,synonymous,GENE0108
rs996027,8,AFR,2019,0.0003,missense,GENE0160
rs647837,16,SAS,2016,0.0355,intronic,GENE0120
rs956902,3,EAS,2020,0.0443,intronic,GENE0006
rs997909,21,AMR,2016,0.0566,synonymous,GENE0057
rs303321,9,AMR,2022,0.0491,missense,GENE0191
rs280391,10,SAS,2017,0.2353,intronic,GENE0275
rs792101,5,EUR,2016,0.0583,synonymous,GENE0033
rs127280,4,EUR,2018,0.1014,missense,GENE0130
rs858228,13,EUR,2021,0.0,synonymous,GENE0058
rs555944,15,EAS,2015,0.0161,stop_gained,GENE0115
rs256418,20,SAS,2018,0.3507,stop_gained,GENE0217
rs998883,14,SAS,2017,0.0988,synonymous,GENE0265
rs527841,13,AMR,2022,0.0276,intronic,GENE0115
rs181529,2,EAS,2019,0.0396,stop_gained,GENE0185
rs584671,13,EUR,2023,0.2565,synonymous,GENE0154
rs170959,10,EUR,2019,0.0,intronic,GENE0246
rs602419,17,SAS,2023,0.0538,missense,GENE0032
rs127436,17,SAS,2016,0.1725,synonymous,GENE0294
rs69011,7,AFR,2017,0.2015,intronic,GENE0263
rs879849,1,AMR,2020,0.0879,stop_gained,GENE0264
rs251530,10,AFR,2015,0.3702,missense,GENE0087
rs98353,11,SAS,2016,0.148,missense,GENE0039
rs699532,9,SAS,2021,0.069,stop_gained,GENE0100
rs895192,15,EUR,2016,0.5383,intronic,GENE0146
rs192855,7,AMR,2016,0.0119,intronic,GENE0222
rs86096,6,AFR,2018,0.1164,intronic,GENE0029
rs901973,10,EAS,2020,0.1377,intronic,GENE0091
rs949487,17,AMR,2021,0.0311,intronic,GENE0035
rs613181,5,EAS,2015,0.2715,missense,GENE0251
rs435300,10,AFR,2023,0.17,intronic,GENE0105
rs530083,3,SAS,2017,0.0033,missense,GENE0260
rs963635,22,EAS,2017,0.0322,synonymous,GENE0293
rs886440,6,AFR,2020,0.0205,stop_gained,GENE0292
rs341411,15,AMR,2019,0.0002,stop_gained,GENE0003
rs593931,4,AMR,2021,0.0717,intronic,GENE0080
rs677673,16,AFR,2019,0.0538,synonymous,GENE0294
rs673576,14,SAS,2017,0.0682,stop_gained,GENE0230
rs7759,18,EUR,2021,0.0991,synonymous,GENE0040
rs221568,13,EAS,2018,0.0271,intronic,GENE0122
rs233624,12,EAS,2018,0.0646,synonymous,GENE0152
rs66374,19,AMR,2021,0.0785,intronic,GENE0266
rs315929,8,SAS,2019,0.0193,intronic,GENE0231
rs877519,X,SAS,2019,0.0266,stop_gained,GENE0007
rs835818,X,AFR,2018,0.0007,synonymous,GENE0283
rs103759,19,AFR,2018,0.0403,stop_gained,GENE0109
rs411344,16,EUR,2022,0.0204,stop_gained,GENE0069
rs404589,18,EUR,2015,0.1452,stop_gained,GENE0074
rs387639,20,AFR,2017,0.16,stop_gained,GENE0283
rs178312,13,EAS,2016,0.1746,synonymous,GENE0243
rs857509,7,EAS,2017,0.1424,stop_gained,GENE0048
rs997440,10,EUR,2015,0.0018,missense,GENE0217
rs977190,4,EAS,2015,0.0061,missense,GENE0193
rs103268,X,EAS,2015,0.215,intronic,GENE0046
rs528570,2,AMR,2016,0.0547,intronic,GENE0142
rs141854,11,EAS,2016,0.0587,missense,GENE0038
rs48053,13,AMR,2019,0.0345,stop_gained,GENE0256
rs112194,19,SAS,2022,0.1691,stop_gained,GENE0248
rs353613,11,EUR,2017,0.0411,missense,GENE0153
rs506597,19,EUR,2020,0.1979,synonymous,GENE0192
rs149452,13,AMR,2019,0.1708,missense,GENE0040
rs906237,13,SAS,2020,0.1931,stop_gained,GENE0016
rs598563,11,EUR,2021,0.3156,synonymous,GENE0227
rs404556,21,EAS,2021,0.0919,stop_gained,GENE0100
rs516591,8,SAS,2022,0.4809,missense,GENE0198
rs973400,17,EUR,2018,0.3497,synonymous,GENE0228
rs572615,19,SAS,2020,0.0,synonymous,GENE0132
rs731210,1,AMR,2019,0.1034,stop_gained,GENE0188
rs347737,12,EAS,2022,0.0255,stop_gained,GENE0147
rs674762,17,AMR,2020,0.2298,stop_gained,GENE0143
rs704730,22,EAS,2020,0.0332,missense,GENE0183
rs239100,17,SAS,2015,0.125,missense,GENE0110
rs770481,16,AFR,2020,0.0562,synonymous,GENE0038
rs891578,X,EAS,2015,0.2604,missense,GENE0201
rs560662,9,AFR,2022,0.0101,missense,GENE0293
rs304477,1,EAS,2022,0.0323,intronic,GENE0060
rs440933,20,AFR,2020,0.2287,intronic,GENE0060
rs523859,18,SAS,2019,0.1055,missense,GENE0283
rs32704,4,AFR,2021,0.0187,synonymous,GENE0193
rs612583,11,EUR,2022,0.295,synonymous,GENE0132
rs737011,2,EAS,2020,0.1081,intronic,GENE0271
rs721788,8,EUR,2017,0.2685,synonymous,GENE0065
rs129223,6,EAS,2023,0.0341,stop_gained,GENE0178
rs758397,18,EUR,2015,0.2939,intronic,GENE0195
rs414089,4,SAS,2018,0.0205,stop_gained,GENE0005
rs512807,17,SAS,2016,0.0444,synonymous,GENE0294
rs654608,11,AMR,2020,0.1021,missense,GENE0272
rs52285,8,AFR,2022,0.216,intronic,GENE0225
rs744279,13,EUR,2015,0.2447,missense,GENE0161
rs883756,20,EUR,2021,0.0505,intronic,GENE0207
rs586080,12,SAS,2017,0.0,missense,GENE0125
rs150482,9,SAS,2023,0.0263,intronic,GENE0199
rs670004,1,EUR,2022,0.6543,stop_gained,GENE0183
rs210177,18,AMR,2017,0.0269,missense,GENE0233
rs948470,18,EAS,2023,0.1095,missense,GENE0236
rs211634,21,AFR,2022,0.0354,stop_gained,GENE0259
rs265796,2,SAS,2017,0.0,intronic,GENE0126
rs621594,8,AMR,2023,0.1798,stop_gained,GENE0083
rs957454,22,AFR,2023,0.0968,intronic,GENE0184
rs859136,3,SAS,2023,0.0009,intronic,GENE0154
rs160228,6,SAS,2020,0.0303,missense,GENE0150
rs204532,2,EUR,2015,0.0915,intronic,GENE0193
rs656776,13,AFR,2023,0.0081,stop_gained,GENE0152
rs276990,15,AMR,2016,0.1218,stop_gained,GENE0296
rs785608,22,AFR,2018,0.0781,missense,GENE0110
rs702510,11,EAS,2023,0.0278,synonymous,GENE0016
rs765794,2,AFR,2019,0.0,stop_gained,GENE0035
rs479444,14,SAS,2015,0.0075,missense,GENE0027
rs91485,15,SAS,2017,0.0431,intronic,GENE0028
rs804294,17,EUR,2020,0.0699,missense,GENE0030
rs276919,1,AFR,2018,0.0144,stop_gained,GENE0099
rs361577,8,EUR,2023,0.0111,intronic,GENE0057
rs675069,22,SAS,2015,0.149,intronic,GENE0059
rs561807,10,AMR,2020,0.0,intronic,GENE0201
rs923411,20,EAS,2019,0.1221,missense,GENE0050
rs570932,22,EAS,2017,0.0095,synonymous,GENE0100
rs675736,7,AMR,2017,0.0268,stop_gained,GENE0230
rs179532,10,EUR,2023,0.098,intronic,GENE0182
rs795795,14,SAS,2016,0.0,intronic,GENE0065
rs396788,5,EUR,2015,0.0005,missense,GENE0090
rs581409,5,SAS,2019,0.0241,stop_gained,GENE0163
rs836493,7,EUR,2016,0.046,stop_gained,GENE0280
rs503033,1,AFR,2018,0.0134,synonymous,GENE0289
rs633693,X,EAS,2023,0.0,stop_gained,GENE0216
rs202961,21,SAS,2021,0.2248,intronic,GENE0192
rs340991,13,EAS,2020,0.0487,missense,GENE0035
rs269700,20,SAS,2018,0.0,synonymous,GENE0211
rs575435,21,EUR,2021,0.267,stop_gained,GENE0125
rs428581,19,AFR,2020,0.0401,stop_gained,GENE0247
rs423348,21,AFR,2016,0.01,stop_gained,GENE0066
rs63551,8,EAS,2023,0.4664,missense,GENE0217
rs96776,11,EUR,2015,0.1603,intronic,GENE0187
rs294381,10,AFR,2019,0.2384,synonymous,GENE0165
rs264685,18,EAS,2016,0.3245,synonymous,GENE0241
rs41780,14,EUR,2020,0.0893,stop_gained,GENE0090
rs510520,1,EAS,2021,0.0371,intronic,GENE0106
rs733849,22,EUR,2020,0.0316,stop_gained,GENE0243
rs467010,12,EAS,2022,0.0114,missense,GENE0087
rs505525,8,SAS,2021,0.0355,missense,GENE0165
rs1482,2,AFR,2018,0.2339,intronic,GENE0118
rs290450,17,AMR,2016,0.0966,intronic,GENE0122
rs495394,12,EAS,2023,0.1934,synonymous,GENE0139
rs391339,22,EAS,2020,0.054,missense,GENE0038
rs43196,12,SAS,2019,0.2747,missense,GENE0154
rs222076,17,EUR,2019,0.4451,synonymous,GENE0061
rs310048,21,AFR,2017,0.2224,stop_gained,GENE0026
rs246648,20,AFR,2017,0.0806,intronic,GENE0135
rs713325,13,AFR,2021,0.1166,synonymous,GENE0008
rs131012,16,EUR,2019,0.0415,intronic,GENE0242
rs220909,22,AFR,2022,0.1913,stop_gained,GENE0183
rs826430,X,EAS,2017,0.0217,stop_gained,GENE0137
rs461278,16,EAS,2020,0.0487,missense,GENE0143
rs455514,18,AMR,2015,0.2129,stop_gained,GENE0012
rs406081,7,EAS,2017,0.077,intronic,GENE0055
rs801056,5,EUR,2018,0.0,intronic,GENE0204
rs778932,10,EUR,2018,0.0132,synonymous,GENE0216
rs962794,20,SAS,2021,0.0683,stop_gained,GENE0227
rs569682,21,SAS,2021,0.0068,stop_gained,GENE0074
rs411469,X,AMR,2020,0.114,stop_gained,GENE0049
rs508093,16,EAS,2021,0.2072,synonymous,GENE0221
rs746941,17,AFR,2017,0.2283,missense,GENE0068
rs707732,12,SAS,2016,0.0388,missense,GENE0262
rs659490,11,AMR,2023,0.095,missense,GENE0133
rs10531,17,AMR,2022,0.0937,intronic,GENE0047
rs654969,13,AMR,2022,0.1369,synonymous,GENE0223
rs852441,2,EAS,2018,0.1151,synonymous,GENE0157
rs84562,3,SAS,2020,0.2712,synonymous,GENE0184
rs529869,1,EAS,2017,0.0824,missense,GENE0164
rs160012,12,AMR,2023,0.0073,missense,GENE0110
rs411559,X,AFR,2022,0.2092,stop_gained,GENE0104
rs259691,12,EUR,2015,0.1147,intronic,GENE0079
rs599772,8,EUR,2020,0.0222,stop_gained,GENE0202
rs461781,19,AMR,2022,0.0688,missense,GENE0031
rs363263,X,EUR,2016,0.1676,stop_gained,GENE0130
rs950106,9,AFR,2019,0.1419,missense,GENE0021
rs155268,6,SAS,2023,0.0162,intronic,GENE0035
rs719186,18,AFR,2015,0.0282,missense,GENE0030
rs497843,21,AMR,2018,0.0493,synonymous,GENE0106
rs648829,12,AMR,2023,0.0469,stop_gained,GENE0107
rs597705,19,AFR,2021,0.3502,stop_gained,GENE0063
rs647273,15,EAS,2018,0.4268,missense,GENE0242
rs321282,3,EUR,2023,0.0394,stop_gained,GENE0095
rs356346,20,EAS,2019,0.0085,stop_gained,GENE0219
rs277044,11,EUR,2018,0.0719,stop_gained,GENE0160
rs908616,X,AFR,2019,0.1786,missense,GENE0282
rs947087,3,AFR,2018,0.3538,missense,GENE0257
rs422641,21,EUR,2020,0.2066,stop_gained,GENE0014
rs118835,14,SAS,2017,0.027,missense,GENE0191
rs221777,3,EAS,2018,0.0616,synonymous,GENE0225
rs173543,1,AFR,2020,0.0649,stop_gained,GENE0007
rs287455,14,EUR,2016,0.0419,intronic,GENE0185
rs273519,15,AMR,2022,0.0752,missense,GENE0071
rs541552,13,EAS,2021,0.0109,stop_gained,GENE0234
rs597048,20,EAS,2022,0.0312,missense,GENE0180
rs24792,6,EAS,2021,0.037,intronic,GENE0272
rs113342,19,AFR,2023,0.1555,intronic,GENE0131
rs384061,17,EAS,2020,0.0795,intronic,GENE0233
rs630610,17,SAS,2017,0.0336,missense,GENE0009
rs899589,9,SAS,2016,0.1402,intronic,GENE0102
rs331332,2,AFR,2022,0.6557,synonymous,GENE0034
rs474994,18,EAS,2017,0.011,missense,GENE0065
rs221179,13,AMR,2017,0.0712,intronic,GENE0255
rs85134,9,EAS,2019,0.1918,missense,GENE0258
rs929367,19,AFR,2019,0.0269,missense,GENE0112
rs366601,9,EUR,2018,0.3139,intronic,GENE0072
rs954382,6,AFR,2018,0.1393,synonymous,GENE0248
rs711599,4,AMR,2021,0.0336,synonymous,GENE0015
rs645346,9,EAS,2018,0.1734,intronic,GENE0243
rs634853,19,EUR,2018,0.0929,missense,GENE0296
rs895060,13,EAS,2022,0.0205,synonymous,GENE0042
rs193344,6,EAS,2023,0.0425,missense,GENE0280
rs464764,17,SAS,2021,0.296,intronic,GENE0097
rs212095,12,EAS,2016,0.0468,synonymous,GENE0086
rs316483,11,AFR,2021,0.0167,synonymous,GENE0115
rs736322,19,AFR,2022,0.0143,synonymous,GENE0234
rs901894,15,AMR,2021,0.0949,missense,GENE0072
rs400795,X,EAS,2018,0.0068,stop_gained,GENE0143
rs545329,7,EAS,2021,0.1086,synonymous,GENE0181
rs460398,15,SAS,2020,0.106,intronic,GENE0251
rs108836,13,EAS,2016,0.2907,stop_gained,GENE0281
rs817909,10,AMR,2018,0.0404,intronic,GENE0097
rs454555,14,AMR,2019,0.0455,missense,GENE0175
rs808197,16,EUR,2020,0.0546,missense,GENE0158
rs677068,16,EUR,2020,0.0125,intronic,GENE0124
rs84529,6,AFR,2023,0.1776,stop_gained,GENE0056
rs961038,2,AMR,2020,0.0427,synonymous,GENE0020
rs82321,8,AMR,2022,0.073,synonymous,GENE0134
rs894169,21,SAS,2021,0.0151,stop_gained,GENE0096
rs983885,8,AFR,2018,0.1503,intronic,GENE0022
rs893341,7,AMR,2023,0.0729,synonymous,GENE0192
rs320471,16,AMR,2023,0.0221,stop_gained,GENE0226
rs174509,8,EAS,2021,0.0421,stop_gained,GENE0071
rs56047,2,EUR,2017,0.2947,stop_gained,GENE0260
rs417047,2,AMR,2022,0.5652,synonymous,GENE0112
rs681480,7,EUR,2017,0.1532,synonymous,GENE0144
rs667235,10,SAS,2020,0.1263,synonymous,GENE0226
rs678326,16,EAS,2020,0.0632,stop_gained,GENE0272
rs613547,1,EAS,2020,0.0774,missense,GENE0288
rs380113,18,AFR,2023,0.1347,intronic,GENE0158
rs745709,5,AMR,2023,0.0085,intronic,GENE0023
rs91047,3,SAS,2019,0.0359,intronic,GENE0292
rs35683,20,EUR,2023,0.1006,missense,GENE0166
rs104614,10,EAS,2023,0.0,stop_gained,GENE0103
rs619893,13,SAS,2016,0.0189,missense,GENE0121
rs493261,14,SAS,2016,0.2146,stop_gained,GENE0072
rs769846,2,SAS,2020,0.0131,intronic,GENE0160
rs735994,20,AFR,2019,0.222,missense,GENE0067
rs809844,12,AFR,2018,0.0182,missense,GENE0075
rs478077,14,EUR,2020,0.1853,stop_gained,GENE0264
rs146550,10,EAS,2015,0.1406,synonymous,GENE0175
rs150127,7,EUR,2019,0.1106,synonymous,GENE0034
rs997310,14,AMR,2016,0.0101,stop_gained,GENE0205
rs822491,17,AMR,2023,0.0487,stop_gained,GENE0112
rs456167,8,SAS,2023,0.3154,synonymous,GENE0003
rs352947,10,EUR,2021,0.2186,stop_gained,GENE0058
rs16318,4,AFR,2017,0.0588,synonymous,GENE0151
rs589132,14,AMR,2017,0.234,stop_gained,GENE0274
rs132254,20,EUR,2015,0.1075,intronic,GENE0076
rs148031,6,AMR,2020,0.2511,missense,GENE0231
rs797668,21,AFR,2015,0.0,synonymous,GENE0132
rs414007,21,AFR,2023,0.1606,intronic,GENE0216
rs382485,7,AFR,2020,0.0219,stop_gained,GENE0209
rs440905,7,AFR,2021,0.0681,stop_gained,GENE0270
rs129972,21,AMR,2020,0.0255,stop_gained,GENE0275
rs660178,16,EUR,2019,0.0,missense,GENE0265
rs307292,8,SAS,2016,0.043,intronic,GENE0150
rs159612,14,AMR,2018,0.1604,intronic,GENE0013
rs40668,6,EUR,2022,0.043,synonymous,GENE0291
rs424124,13,EAS,2023,0.0728,synonymous,GENE0132
rs913385,5,EAS,2015,0.2341,synonymous,GENE0211
rs643010,20,EAS,2023,0.0694,missense,GENE0282
rs975387,6,AFR,2016,0.0376,synonymous,GENE0015
rs188179,18,AMR,2017,0.0489,missense,GENE0191
rs424035,13,EAS,2017,0.0963,missense,GENE0184
rs905021,21,EAS,2017,0.2229,intronic,GENE0299
rs492032,3,AMR,2019,0.0507,stop_gained,GENE0120
rs720534,19,AFR,2021,0.0409,missense,GENE0146
rs127720,4,SAS,2016,0.0158,stop_gained,GENE0153
rs956972,20,EAS,2022,0.0294,intronic,GENE0141
rs220808,7,SAS,2016,0.0686,stop_gained,GENE0133
rs635897,20,AFR,2021,0.1637,missense,GENE0193
rs880382,3,SAS,2023,0.4799,intronic,GENE0298
rs842322,15,SAS,2019,0.4641,synonymous,GENE0286
rs575155,8,AMR,2015,0.0438,intronic,GENE0237
rs788392,9,AMR,2015,0.0483,stop_gained,GENE0019
rs338106,1,EUR,2017,0.0523,stop_gained,GENE0100
rs971494,15,AFR,2019,0.0113,intronic,GENE0123
rs880921,18,EAS,2019,0.0076,intronic,GENE0108
rs409258,13,EUR,2015,0.0268,intronic,GENE0128
rs888610,X,AMR,2016,0.0873,stop_gained,GENE0183
rs807783,18,AFR,2019,0.0256,intronic,GENE0050
rs892921,14,AFR,2016,0.1879,synonymous,GENE0119
rs702861,17,SAS,2020,0.0148,missense,GENE0268
rs13216,22,EUR,2015,0.1128,stop_gained,GENE0225
rs424429,17,EUR,2023,0.0657,missense,GENE0216
rs902590,11,EAS,2022,0.015,missense,GENE0156
rs997419,11,AMR,2021,0.0381,stop_gained,GENE0267
rs605568,8,AMR,2016,0.0469,intronic,GENE0200
rs824788,5,SAS,2018,0.2349,intronic,GENE0141
rs314442,4,AFR,2017,0.0129,intronic,GENE0221
rs60677,7,AFR,2023,0.0501,missense,GENE0111
rs547769,17,EUR,2020,0.5158,intronic,GENE0208
rs783235,X,AFR,2015,0.1445,synonymous,GENE0006
rs274621,15,EUR,2023,0.0133,synonymous,GENE0088
rs269973,13,AMR,2020,0.0843,synonymous,GENE0295
rs565874,1,AFR,2019,0.0504,intronic,GENE0282
rs526839,3,SAS,2015,0.0576,intronic,GENE0205
rs355896,16,SAS,2015,0.105,missense,GENE0274
rs710329,10,EUR,2016,0.0382,missense,GENE0123
rs411241,6,EUR,2021,0.0984,missense,GENE0109
rs317035,4,SAS,2018,0.3086,missense,GENE0205
rs679695,8,SAS,2020,0.0375,stop_gained,GENE0176
rs609532,18,EUR,2019,0.1872,stop_gained,GENE0245
rs562071,6,AFR,2020,0.0513,intronic,GENE0164
rs144040,7,AMR,2020,0.0002,synonymous,GENE0206
rs422794,11,AFR,2020,0.2382,stop_gained,GENE0208
rs274996,3,AFR,2023,0.0819,missense,GENE0017
rs591895,20,AMR,2021,0.0573,intronic,GENE0224
rs629145,19,EAS,2018,0.0876,synonymous,GENE0288
rs324552,21,EUR,2020,0.0849,stop_gained,GENE0173
rs804228,12,EUR,2017,0.1011,stop_gained,GENE0115
rs984014,X,EUR,2017,0.0272,stop_gained,GENE0084
rs441589,19,SAS,2023,0.0531,missense,GENE0240
rs517848,15,EUR,2020,0.0814,synonymous,GENE0008
rs808820,11,AFR,2021,0.1763,intronic,GENE0180
rs4940,6,AFR,2021,0.0895,missense,GENE0141
rs935572,1,AMR,2020,0.4013,synonymous,GENE0015
rs689410,6,EUR,2022,0.1772,synonymous,GENE0079
rs416068,19,AMR,2018,0.0346,missense,GENE0116
rs323978,22,AMR,2019,0.0415,stop_gained,GENE0219
rs641808,14,AMR,2022,0.1674,intronic,GENE0143
rs664242,2,AMR,2018,0.0452,synonymous,GENE0130
rs400749,13,EUR,2016,0.0761,stop_gained,GENE0086
rs845611,2,SAS,2016,0.0408,intronic,GENE0238
rs949097,22,AFR,2019,0.1413,stop_gained,GENE0149
rs439951,12,EAS,2020,0.0507,intronic,GENE0127
rs954163,21,EAS,2020,0.0345,stop_gained,GENE0166
rs578082,X,SAS,2023,0.0453,stop_gained,GENE0201
rs960828,4,AFR,2017,0.0637,missense,GENE0120
rs201004,7,EAS,2017,0.1897,synonymous,GENE0263
rs176324,14,EUR,2019,0.119,missense,GENE0033
rs742817,12,AFR,2020,0.0237,missense,GENE0058
rs670592,13,AFR,2023,0.0711,stop_gained,GENE0265
rs7338,17,EUR,2018,0.0691,missense,GENE0092
rs299105,15,SAS,2017,0.0498,intronic,GENE0116
rs270560,2,AFR,2020,0.2577,intronic,GENE0265
rs132116,X,EAS,2022,0.0408,missense,GENE0196
rs663890,12,EAS,2020,0.2317,stop_gained,GENE0093
rs93614,18,EUR,2018,0.0898,missense,GENE0221
rs60208,8,AMR,2018,0.2489,intronic,GENE0162
rs854969,12,EUR,2015,0.1304,intronic,GENE0255
rs671702,16,SAS,2023,0.0525,intronic,GENE0213
rs326710,8,AFR,2019,0.6059,stop_gained,GENE0194
rs598961,3,EAS,2016,0.1964,stop_gained,GENE0245
rs857129,16,AMR,2023,0.1068,intronic,GENE0211
rs512071,14,EAS,2016,0.4266,synonymous,GENE0223
rs948469,21,EUR,2019,0.0766,intronic,GENE0097
rs918723,14,SAS,2017,0.0176,missense,GENE0241
rs957881,9,SAS,2020,0.1479,stop_gained,GENE0056
rs908446,10,EUR,2019,0.2697,stop_gained,GENE0289
rs210738,9,SAS,2016,0.0698,missense,GENE0259
rs6486,17,EAS,2018,0.319,intronic,GENE0250
rs625750,14,EAS,2020,0.0089,stop_gained,GENE0069
rs755933,10,EAS,2022,0.0368,stop_gained,GENE0142
rs101820,X,AFR,2021,0.105,intronic,GENE0165
rs837609,22,AFR,2017,0.0455,synonymous,GENE0093
rs786138,X,EAS,2019,0.3073,stop_gained,GENE0176
rs940337,11,AMR,2016,0.0352,stop_gained,GENE0140
rs215110,6,EUR,2020,0.0174,missense,GENE0078
rs860500,12,EUR,2017,0.0768,stop_gained,GENE0098
rs133749,17,SAS,2022,0.1554,synonymous,GENE0238
rs517565,3,AMR,2021,0.0384,intronic,GENE0030
rs193166,19,EAS,2020,0.0031,intronic,GENE0234
rs513018,17,SAS,2020,0.0106,missense,GENE0233
rs797858,9,SAS,2015,0.0439,intronic,GENE0051
rs98603,19,EAS,2018,0.0752,stop_gained,GENE0173
rs241815,18,AFR,2015,0.1122,missense,GENE0075
rs336028,9,EUR,2016,0.0,intronic,GENE0281
rs263797,15,AMR,2020,0.0334,stop_gained,GENE0074
rs965171,16,AFR,2022,0.0298,stop_gained,GENE0173
rs268264,3,SAS,2019,0.1017,synonymous,GENE0007
rs92413,1,SAS,2022,0.0376,synonymous,GENE0233
rs663544,14,AFR,2018,0.0596,synonymous,GENE0006
rs576213,3,AMR,2021,0.0262,synonymous,GENE0234
rs281943,21,AMR,2018,0.2185,synonymous,GENE0069
rs757154,16,SAS,2015,0.0755,synonymous,GENE0027
rs480365,20,AMR,2019,0.057,stop_gained,GENE0208
rs594515,15,AMR,2019,0.3671,synonymous,GENE0152
rs752215,9,EAS,2017,0.4604,missense,GENE0270
rs598908,15,SAS,2021,0.0582,synonymous,GENE0170
rs881351,22,EUR,2022,0.0052,stop_gained,GENE0108
rs27452,19,EUR,2018,0.2101,missense,GENE0227
rs914018,1,SAS,2018,0.2057,synonymous,GENE0070
rs858563,12,SAS,2017,0.0612,synonymous,GENE0124
rs190294,22,SAS,2015,0.0032,missense,GENE0125
rs307241,7,AMR,2021,0.065,synonymous,GENE0156
rs184754,7,SAS,2018,0.4842,stop_gained,GENE0191
rs851416,14,SAS,2020,0.0239,synonymous,GENE0037
rs39734,18,EUR,2023,0.0687,synonymous,GENE0289
rs646001,4,SAS,2019,0.0323,intronic,GENE0078
rs793263,22,AMR,2018,0.0218,synonymous,GENE0161
rs560719,15,AFR,2020,0.006,intronic,GENE0169
rs374900,2,EAS,2021,0.0771,missense,GENE0285
rs852337,11,EAS,2019,0.1088,missense,GENE0229
rs74333,17,AFR,2017,0.0623,missense,GENE0294
rs40548,14,EAS,2021,0.0682,missense,GENE0169
rs191082,6,EAS,2016,0.0692,synonymous,GENE0168
rs454524,5,EUR,2017,0.066,stop_gained,GENE0209
rs332269,22,EUR,2023,0.0,synonymous,GENE0221
rs716095,X,EAS,2015,0.3023,stop_gained,GENE0131
rs130783,1,AFR,2017,0.2072,intronic,GENE0224
rs155858,17,AMR,2022,0.0527,stop_gained,GENE0154
rs192629,9,EAS,2023,0.0683,synonymous,GENE0224
rs628250,1,SAS,2018,0.1493,missense,GENE0009
rs821001,20,AMR,2018,0.1985,intronic,GENE0269
rs820631,5,SAS,2017,0.0761,missense,GENE0089
rs174573,11,AFR,2019,0.3795,stop_gained,GENE0208
rs429235,21,AFR,2017,0.0015,synonymous,GENE0113
rs794012,5,SAS,2023,0.4082,stop_gained,GENE0141
rs272811,4,SAS,2015,0.124,missense,GENE0080
rs276174,7,AFR,2018,0.1148,missense,GENE0112
rs354732,6,AMR,2017,0.0153,stop_gained,GENE0100
rs102965,12,AMR,2022,0.0,synonymous,GENE0242
rs333618,4,AMR,2015,0.0217,intronic,GENE0198
rs562039,18,SAS,2019,0.0221,stop_gained,GENE0111
rs208343,12,EUR,2018,0.0678,synonymous,GENE0065
rs824067,19,AMR,2018,0.0381,intronic,GENE0120
rs28436,2,SAS,2018,0.0849,intronic,GENE0163
rs912361,22,EUR,2015,0.0419,missense,GENE0112
rs447568,15,EAS,2020,0.062,intronic,GENE0016
rs255251,X,AFR,2023,0.1837,missense,GENE0253
rs171105,10,AFR,2020,0.0404,missense,GENE0029
rs676295,8,EAS,2022,0.0226,intronic,GENE0291
rs423032,11,AMR,2019,0.0562,stop_gained,GENE0017
rs532438,4,EAS,2020,0.0108,intronic,GENE0020
rs916299,5,EUR,2017,0.1848,stop_gained,GENE0282
rs594448,13,EUR,2016,0.0954,missense,GENE0189
rs77868,22,AMR,2020,0.0338,missense,GENE0064
rs186032,11,AFR,2018,0.6832,synonymous,GENE0248
rs966742,13,SAS,2020,0.0956,intronic,GENE0167
rs380498,X,EAS,2016,0.0436,synonymous,GENE0015
rs7186,14,AMR,2018,0.0387,synonymous,GENE0280
rs449652,8,SAS,2020,0.0,intronic,GENE0281
rs48063,7,SAS,2018,0.1173,synonymous,GENE0030
rs971651,17,AMR,2023,0.0149,intronic,GENE0298
rs91706,21,EAS,2015,0.0157,synonymous,GENE0122
rs43131,5,SAS,2023,0.0303,stop_gained,GENE0184
rs724987,10,SAS,2017,0.047,intronic,GENE0140
rs355924,21,EUR,2021,0.0304,intronic,GENE0075
rs531376,13,SAS,2022,0.0575,stop_gained,GENE0027
rs234465,21,EAS,2015,0.1639,missense,GENE0195
rs761084,15,AMR,2016,0.1749,intronic,GENE0026
rs934750,6,AMR,2021,0.1772,missense,GENE0106
rs338471,12,AFR,2016,0.0,intronic,GENE0059
rs286686,1,EUR,2022,0.1992,missense,GENE0145
rs467008,8,AFR,2018,0.011,stop_gained,GENE0275
rs624727,11,EUR,2017,0.024,intronic,GENE0080
rs107996,16,AFR,2019,0.2117,stop_gained,GENE0028
rs925608,22,EUR,2020,0.0635,missense,GENE0005
rs253095,16,SAS,2020,0.1939,stop_gained,GENE0082
rs925399,20,AFR,2021,0.2345,stop_gained,GENE0235
rs573767,16,AMR,2016,0.0219,missense,GENE0230
rs389060,10,SAS,2017,0.2408,stop_gained,GENE0060
rs510145,10,AFR,2023,0.0,intronic,GENE0103
rs310389,16,AMR,2017,0.2179,intronic,GENE0224
rs738267,18,AFR,2020,0.0031,synonymous,GENE0064
rs373995,7,EUR,2023,0.3234,intronic,GENE0092
rs531323,17,EAS,2019,0.2278,intronic,GENE0187
rs157945,13,AMR,2015,0.0615,stop_gained,GENE0025
rs172756,17,EAS,2020,0.0674,synonymous,GENE0062
rs620445,3,EUR,2022,0.0771,missense,GENE0121
rs996701,11,AFR,2018,0.0792,intronic,GENE0069
rs681733,6,EAS,2015,0.0031,missense,GENE0036
rs795722,16,AFR,2020,0.0329,stop_gained,GENE0228
rs940246,12,AMR,2023,0.0387,synonymous,GENE0193
rs548536,18,EAS,2019,0.1079,missense,GENE0295
rs569211,5,AFR,2017,0.0197,synonymous,GENE0073
rs449979,11,EAS,2016,0.727,stop_gained,GENE0272
rs469613,8,SAS,2020,0.0414,stop_gained,GENE0220
rs570368,X,EUR,2017,0.0326,stop_gained,GENE0265
rs317964,18,AFR,2019,0.0371,synonymous,GENE0195
rs980080,20,EUR,2017,0.1144,intronic,GENE0251
rs310025,14,SAS,2021,0.1816,synonymous,GENE0174
rs503738,9,AMR,2015,0.1444,missense,GENE0038
rs370639,22,AMR,2020,0.0319,stop_gained,GENE0240
rs950414,15,AMR,2016,0.0231,intronic,GENE0083
rs115946,17,AFR,2018,0.2879,synonymous,GENE0270
rs85492,14,EUR,2015,0.1534,intronic,GENE0063
rs841897,16,AFR,2021,0.1617,intronic,GENE0125
rs342956,19,AFR,2015,0.074,intronic,GENE0041
rs534747,18,AFR,2016,0.1681,synonymous,GENE0068
rs17304,6,EUR,2015,0.0371,intronic,GENE0202
rs837758,18,AMR,2018,0.0137,intronic,GENE0164
rs456983,1,AMR,2023,0.2239,synonymous,GENE0151
rs28266,7,EAS,2021,0.2105,synonymous,GENE0039
rs894604,21,SAS,2015,0.1415,intronic,GENE0186
rs230664,13,EAS,2022,0.0,synonymous,GENE0087
rs618745,8,AFR,2022,0.1376,missense,GENE0288
rs765723,14,EAS,2023,0.2367,missense,GENE0075
rs667255,2,EAS,2022,0.097,intronic,GENE0041
rs27914,6,SAS,2022,0.1546,stop_gained,GENE0285
rs555167,19,AMR,2023,0.4449,missense,GENE0232
rs769659,6,EAS,2021,0.0141,stop_gained,GENE0118
rs724288,9,EUR,2017,0.03,intronic,GENE0170
rs376292,10,AMR,2022,0.1212,missense,GENE0039
rs793524,15,EUR,2018,0.2928,stop_gained,GENE0103
rs496768,9,EAS,2023,0.2053,stop_gained,GENE0048
rs862250,17,EUR,2015,0.0171,stop_gained,GENE0251
rs906203,7,EUR,2017,0.1402,intronic,GENE0225
rs953757,3,AFR,2022,0.145,intronic,GENE0237
rs9092,X,AFR,2023,0.0003,missense,GENE0083
rs395868,15,EUR,2020,0.0111,missense,GENE0264
rs440763,11,AFR,2021,0.0256,stop_gained,GENE0258
rs20598,17,SAS,2018,0.4373,missense,GENE0261
rs598340,13,AMR,2022,0.0357,stop_gained,GENE0263
rs210782,11,SAS,2015,0.209,stop_gained,GENE0116
rs55572,12,SAS,2017,0.0148,synonymous,GENE0266
rs221846,14,AFR,2021,0.0,synonymous,GENE0048
rs472781,8,AMR,2016,0.4306,intronic,GENE0276
rs425220,19,AFR,2023,0.137,synonymous,GENE0288
rs391091,18,EUR,2023,0.0344,stop_gained,GENE0030
rs393608,8,SAS,2015,0.008,stop_gained,GENE0227
rs764787,6,SAS,2017,0.1244,stop_gained,GENE0143
rs649678,18,SAS,2019,0.0667,synonymous,GENE0052
rs362128,5,AMR,2019,0.0345,stop_gained,GENE0058
rs588696,17,AMR,2022,0.3526,synonymous,GENE0080
rs546026,22,SAS,2020,0.0715,intronic,GENE0015
rs281133,1,SAS,2016,0.4123,intronic,GENE0015
rs431142,4,AFR,2022,0.1506,stop_gained,GENE0102
rs187678,15,EUR,2017,0.1113,missense,GENE0110
rs588249,21,AMR,2017,0.05,intronic,GENE0031
rs83553,3,SAS,2023,0.2819,missense,GENE0121
rs193205,7,AFR,2015,0.088,stop_gained,GENE0061
rs283341,17,AMR,2017,0.6471,stop_gained,GENE0249
rs485075,21,EUR,2020,0.0,synonymous,GENE0219
rs152761,18,AMR,2016,0.0917,missense,GENE0094
rs939941,18,EAS,2019,0.0056,synonymous,GENE0079
rs869857,18,EAS,2018,0.029,stop_gained,GENE0296
rs931378,21,EUR,2022,0.1024,stop_gained,GENE0101
rs99661,8,EAS,2021,0.2451,missense,GENE0055
rs989215,18,EAS,2016,0.0573,intronic,GENE0019
rs479924,7,EUR,2017,0.0636,synonymous,GENE0216
rs487419,17,AMR,2015,0.1109,missense,GENE0293
rs919342,4,EAS,2015,0.031,stop_gained,GENE0077
rs957976,19,AMR,2020,0.0326,synonymous,GENE0296
rs381962,13,AFR,2021,0.0,stop_gained,GENE0176
rs198241,19,AMR,2017,0.0,missense,GENE0221
rs386511,2,AMR,2022,0.0313,synonymous,GENE0068
rs680345,1,EAS,2020,0.0506,stop_gained,GENE0267
rs125561,7,SAS,2018,0.5364,missense,GENE0212
rs456444,5,AFR,2021,0.1907,intronic,GENE0122
rs273767,2,AMR,2020,0.1412,synonymous,GENE0293
rs651696,15,EUR,2021,0.0805,missense,GENE0085
rs265893,3,SAS,2017,0.1003,synonymous,GENE0196
rs225615,12,EAS,2021,0.1284,intronic,GENE0054
rs947055,8,SAS,2021,0.24,missense,GENE0225
rs379846,6,AMR,2019,0.3313,synonymous,GENE0131
rs424023,5,AFR,2023,0.0775,synonymous,GENE0063
rs8917,4,EAS,2022,0.188,missense,GENE0268
rs944722,18,EUR,2020,0.176,stop_gained,GENE0131
rs272542,5,AMR,2017,0.3702,intronic,GENE0219
rs829953,2,SAS,2020,0.0648,stop_gained,GENE0203
rs19289,22,AMR,2016,0.0,intronic,GENE0050
rs337369,X,AFR,2022,0.0444,missense,GENE0036
rs997820,19,EUR,2023,0.0372,intronic,GENE0235
rs184670,16,EAS,2018,0.112,missense,GENE0195
rs395221,2,EAS,2015,0.0281,synonymous,GENE0053
rs588253,17,EAS,2017,0.0278,missense,GENE0003
rs243175,1,AMR,2016,0.051,intronic,GENE0077
rs929693,9,SAS,2018,0.0475,intronic,GENE0055
rs190138,17,EUR,2018,0.0409,synonymous,GENE0089
rs863782,7,AFR,2023,0.0355,stop_gained,GENE0114
rs465914,19,AFR,2019,0.0894,synonymous,GENE0122
rs911545,8,AFR,2019,0.0286,synonymous,GENE0166
